[2m12:30:01[22m [34m[content][39m Syncing content
[2m12:30:02[22m [34m[content][39m Synced content
[2m12:30:02[22m [34m[types][39m Generated [2m842ms[22m
[2m12:30:02[22m [34m[build][39m output: [34m"static"[39m
[2m12:30:02[22m [34m[build][39m mode: [34m"static"[39m
[2m12:30:02[22m [34m[build][39m directory: [34mC:\Users\user\Downloads\Inclu.si\dist\[39m
[2m12:30:02[22m [34m[build][39m Collecting build info...
[2m12:30:02[22m [34m[build][39m [32m✓ Completed in 873ms.[39m
[2m12:30:02[22m [34m[build][39m Building static entrypoints...
[2m12:30:04[22m [34m[vite][39m [32m✓ built in 2.43s[39m
[2m12:30:04[22m [34m[vite][39m [32m✓ built in 59ms[39m
[2m12:30:04[22m [34m[build][39m Rearranging server assets...

[42m[30m generating static routes [39m[49m
[2m12:30:06[22m   [34m├─[39m [2m/404.html[22m [2m(+20ms)[22m 
[2m12:30:06[22m   [34m├─[39m [2m/en/contact/index.html[22m [2m(+15ms)[22m 
[2m12:30:06[22m   [34m├─[39m [2m/en/news/barrier-free-beach-access-discussed-for-wheelchair-users-270b36f4/index.html[22m [2m(+321ms)[22m 
[2m12:30:06[22m   [34m├─[39m [2m/en/news/user-likes-term-high-ability-disabled-person-as-coping-strategy-c5867385/index.html[22m [2m(+322ms)[22m 
[2m12:30:07[22m   [34m├─[39m [2m/en/news/disability-support-facility-shares-lunch-menu-45cb21c5/index.html[22m [2m(+324ms)[22m 
[2m12:30:07[22m   [34m├─[39m [2m/en/news/japan-raises-legal-disability-employment-rate-to-27-6b6bbe06/index.html[22m [2m(+325ms)[22m 
[2m12:30:07[22m   [34m├─[39m [2m/en/news/unesco-japan-invites-hikikomori-individuals-to-join-community-cleanup-activities-02bbf37e/index.html[22m [2m(+308ms)[22m 
[2m12:30:08[22m   [34m├─[39m [2m/en/news/critique-of-ambiguous-phrasing-affecting-disability-community-1c92f8c7/index.html[22m [2m(+339ms)[22m 
[2m12:30:08[22m   [34m├─[39m [2m/en/news/debate-on-disability-rights-abuse-definitions-and-childbirth-advocacy-a95e3a7c/index.html[22m [2m(+326ms)[22m 
[2m12:30:08[22m   [34m├─[39m [2m/en/news/reflection-on-a-childhood-saying-and-its-relevance-to-visual-impairment-e86ce7e2/index.html[22m [2m(+354ms)[22m 
[2m12:30:09[22m   [34m├─[39m [2m/en/news/discussion-on-gender-equity-in-barrier-free-facilities-29e80daa/index.html[22m [2m(+355ms)[22m 
[2m12:30:09[22m   [34m├─[39m [2m/en/news/long-covid-linked-to-accelerated-cognitive-aging-and-disability-risks-b1f13a96/index.html[22m [2m(+316ms)[22m 
[2m12:30:09[22m   [34m├─[39m [2m/en/news/belgium-adapts-environments-for-children-with-learning-difficulties-9210aad7/index.html[22m [2m(+351ms)[22m 
[2m12:30:10[22m   [34m├─[39m [2m/en/news/disability-spotted-tweet-22edfca2/index.html[22m [2m(+382ms)[22m 
[2m12:30:10[22m   [34m├─[39m [2m/en/news/challenges-of-living-with-disability-discussed-6b3c938a/index.html[22m [2m(+383ms)[22m 
[2m12:30:10[22m   [34m├─[39m [2m/en/news/disability-employment-support-office-promotes-remote-work-options-df3b4f58/index.html[22m [2m(+346ms)[22m 
[2m12:30:11[22m   [34m├─[39m [2m/en/news/library-closure-affects-disabled-patrons-book-pickup-160b1985/index.html[22m [2m(+354ms)[22m 
[2m12:30:11[22m   [34m├─[39m [2m/en/news/mental-disability-referenced-in-tweet-91cc8d16/index.html[22m [2m(+316ms)[22m 
[2m12:30:11[22m   [34m├─[39m [2m/en/news/verbal-abuse-toward-people-with-mental-disabilities-deemed-criminal-c27f35bc/index.html[22m [2m(+335ms)[22m 
[2m12:30:12[22m   [34m├─[39m [2m/en/news/adhd-support-event-announced-for-july-2026-in-ibaraki-82af5a93/index.html[22m [2m(+389ms)[22m 
[2m12:30:12[22m   [34m├─[39m [2m/en/news/disability-employment-and-ai-tools-assistive-tech-not-a-replacement-for-accommod-a374c0b6/index.html[22m [2m(+302ms)[22m 
[2m12:30:12[22m   [34m├─[39m [2m/en/news/concerns-over-rules-limiting-disabled-peoples-autonomy-and-break-time-24a5ae05/index.html[22m [2m(+329ms)[22m 
[2m12:30:13[22m   [34m├─[39m [2m/en/news/monopoly-go-player-cites-accessibility-reason-for-emulator-ban-8fc9a186/index.html[22m [2m(+317ms)[22m 
[2m12:30:13[22m   [34m├─[39m [2m/en/news/modalworld-accessible-globe-app-with-sign-language-support-4780817d/index.html[22m [2m(+359ms)[22m 
[2m12:30:13[22m   [34m├─[39m [2m/en/news/user-increases-laptop-text-size-via-accessibility-settings-442a5c26/index.html[22m [2m(+310ms)[22m 
[2m12:30:14[22m   [34m├─[39m [2m/en/news/the-revolution-is-accessible-disability-pride-event-in-sarasota-85a2b69e/index.html[22m [2m(+357ms)[22m 
[2m12:30:14[22m   [34m├─[39m [2m/en/news/outlook-adds-accessibility-improvements-for-narrator-c8932e15/index.html[22m [2m(+305ms)[22m 
[2m12:30:14[22m   [34m├─[39m [2m/en/news/mp-denise-daley-calls-for-faster-disability-assessments-and-school-accessibility-e4612b0b/index.html[22m [2m(+287ms)[22m 
[2m12:30:15[22m   [34m├─[39m [2m/en/news/lalo-tokyo-recruits-users-for-disability-employment-support-a-type-facility-854d20ce/index.html[22m [2m(+296ms)[22m 
[2m12:30:15[22m   [34m├─[39m [2m/en/news/use-figma-contrast-checker-to-ensure-accessible-color-and-text-size-1fdb2776/index.html[22m [2m(+278ms)[22m 
[2m12:30:15[22m   [34m├─[39m [2m/en/news/gunma-wheelchair-sports-association-signs-partnership-agreement-278384df/index.html[22m [2m(+314ms)[22m 
[2m12:30:16[22m   [34m├─[39m [2m/en/news/unesco-japan-promotes-community-activities-for-hikikomori-support-4b184248/index.html[22m [2m(+314ms)[22m 
[2m12:30:16[22m   [34m├─[39m [2m/en/news/community-care-collaboration-for-symbiotic-society-4ec319fc/index.html[22m [2m(+279ms)[22m 
[2m12:30:16[22m   [34m├─[39m [2m/en/news/accessibility-measures-strengthened-in-web-project-0c62b585/index.html[22m [2m(+366ms)[22m 
[2m12:30:17[22m   [34m├─[39m [2m/en/news/japan-raises-disability-employment-quota-to-27-d7ae2e1a/index.html[22m [2m(+323ms)[22m 
[2m12:30:17[22m   [34m├─[39m [2m/en/news/company-office-shares-morning-greeting-with-disability-employment-hashtag-c87f2cc7/index.html[22m [2m(+324ms)[22m 
[2m12:30:17[22m   [34m├─[39m [2m/en/news/taiwan-reports-progress-on-disability-rights-under-crpd-760a32f0/index.html[22m [2m(+294ms)[22m 
[2m12:30:17[22m   [34m├─[39m [2m/en/news/disability-pension-rights-and-stigma-discussion-100a3148/index.html[22m [2m(+316ms)[22m 
[2m12:30:18[22m   [34m├─[39m [2m/en/news/hateful-comment-calls-for-euthanasia-of-disabled-people-6d63570f/index.html[22m [2m(+318ms)[22m 
[2m12:30:18[22m   [34m├─[39m [2m/en/news/japans-livecaption-grant-covers-equipment-but-not-installation-37d6dad1/index.html[22m [2m(+326ms)[22m 
[2m12:30:18[22m   [34m├─[39m [2m/en/news/disability-certificate-holders-in-japan-receive-transport-and-tax-benefits-b1a43f98/index.html[22m [2m(+256ms)[22m 
[2m12:30:19[22m   [34m├─[39m [2m/en/news/grant-will-make-rail-trail-more-accessible-in-northampton-c23903bc/index.html[22m [2m(+291ms)[22m 
[2m12:30:19[22m   [34m├─[39m [2m/en/news/disability-job-seeker-attends-interview-emphasizes-action-e222cd84/index.html[22m [2m(+274ms)[22m 
[2m12:30:19[22m   [34m├─[39m [2m/en/news/alleged-abuse-of-disabled-person-by-political-group-sparks-outrage-cc123785/index.html[22m [2m(+301ms)[22m 
[2m12:30:20[22m   [34m├─[39m [2m/en/news/disability-welfare-fraud-investigation-highlights-lack-of-corporate-transparency-3eaf2d7f/index.html[22m [2m(+311ms)[22m 
[2m12:30:20[22m   [34m├─[39m [2m/en/news/university-hospital-proposes-closing-pediatric-and-disability-dentistry-units-54550d67/index.html[22m [2m(+360ms)[22m 
[2m12:30:20[22m   [34m├─[39m [2m/en/news/noie-okayama-shifts-from-disability-facility-to-community-integration-a5cadeba/index.html[22m [2m(+418ms)[22m 
[2m12:30:21[22m   [34m├─[39m [2m/en/news/schit-deck-offers-playful-practical-accessibility-design-guidance-e5f258bf/index.html[22m [2m(+408ms)[22m 
[2m12:30:21[22m   [34m├─[39m [2m/en/news/dpi-japan-highlights-july-2026-disability-advocacy-digest-4bf55449/index.html[22m [2m(+353ms)[22m 
[2m12:30:21[22m   [34m├─[39m [2m/en/news/japans-ministry-of-health-strengthens-oversight-of-disability-welfare-providers-92c11750/index.html[22m [2m(+360ms)[22m 
[2m12:30:22[22m   [34m├─[39m [2m/en/news/disability-support-facility-in-japan-holds-cooking-class-for-individuals-with-in-7dfbbe4d/index.html[22m [2m(+376ms)[22m 
[2m12:30:22[22m   [34m├─[39m [2m/en/news/pure-rest-b-type-employment-support-facility-prepares-for-visitors-10120430/index.html[22m [2m(+353ms)[22m 
[2m12:30:22[22m   [34m├─[39m [2m/en/news/disability-brand-cocoreti-releases-origami-crane-earrings-77a68f92/index.html[22m [2m(+309ms)[22m 
[2m12:30:23[22m   [34m├─[39m [2m/en/news/tokyo-offers-subsidies-for-disability-related-urban-projects-76ffd23a/index.html[22m [2m(+376ms)[22m 
[2m12:30:23[22m   [34m├─[39m [2m/en/news/tokyo-council-inspects-tactile-paving-for-visually-impaired-c7625f0f/index.html[22m [2m(+367ms)[22m 
[2m12:30:24[22m   [34m├─[39m [2m/en/news/japan-mandates-27-disability-employment-rate-for-companies-from-july-7f3a22c5/index.html[22m [2m(+424ms)[22m 
[2m12:30:24[22m   [34m├─[39m [2m/en/news/tokyo-plans-to-fund-barrier-free-upgrades-for-lodging-facilities-using-increased-de74ea45/index.html[22m [2m(+381ms)[22m 
[2m12:30:24[22m   [34m├─[39m [2m/en/news/influencers-falsely-claim-adhd-to-avoid-accountability-d1dc9da2/index.html[22m [2m(+375ms)[22m 
[2m12:30:25[22m   [34m├─[39m [2m/en/news/mislabeling-of-personality-traits-as-developmental-disabilities-fuels-stigma-c59dc808/index.html[22m [2m(+380ms)[22m 
[2m12:30:25[22m   [34m├─[39m [2m/en/news/caregiver-visits-disabled-person-amid-poor-weather-539c8420/index.html[22m [2m(+395ms)[22m 
[2m12:30:25[22m   [34m├─[39m [2m/en/news/sexual-abuse-reported-at-kobe-disability-group-home-dea61d3c/index.html[22m [2m(+429ms)[22m 
[2m12:30:26[22m   [34m├─[39m [2m/en/news/challenge-to-disability-wage-norms-in-japan-bf83b47c/index.html[22m [2m(+437ms)[22m 
[2m12:30:26[22m   [34m├─[39m [2m/en/news/accessibility-as-good-business-practice-954c479f/index.html[22m [2m(+389ms)[22m 
[2m12:30:27[22m   [34m├─[39m [2m/en/news/deaf-and-blind-schools-collaborate-on-barrier-free-theater-with-sign-language-ch-104cb99f/index.html[22m [2m(+393ms)[22m 
[2m12:30:27[22m   [34m├─[39m [2m/en/news/hotel-chain-promotes-barrier-free-accessibility-ede26721/index.html[22m [2m(+382ms)[22m 
[2m12:30:28[22m   [34m├─[39m [2m/en/news/company-office-shares-morning-greeting-with-disability-employment-hashtag-211a9c19/index.html[22m [2m(+452ms)[22m 
[2m12:30:28[22m   [34m├─[39m [2m/en/news/unesco-japan-supports-hikikomori-social-participation-through-community-activiti-474b02d0/index.html[22m [2m(+435ms)[22m 
[2m12:30:28[22m   [34m├─[39m [2m/en/news/alleged-false-accusation-and-illegal-investigation-at-disability-facility-report-23139752/index.html[22m [2m(+421ms)[22m 
[2m12:30:29[22m   [34m├─[39m [2m/en/news/mental-disability-holder-denied-pension-forced-into-irregular-work-d4926f39/index.html[22m [2m(+325ms)[22m 
[2m12:30:29[22m   [34m├─[39m [2m/en/news/japans-higher-brain-function-disability-support-law-enacted-in-april-f27460c8/index.html[22m [2m(+310ms)[22m 
[2m12:30:29[22m   [34m├─[39m [2m/en/news/yamanashi-prefecture-launches-civil-service-exam-for-persons-with-disabilities-a-023b35c7/index.html[22m [2m(+364ms)[22m 
[2m12:30:30[22m   [34m├─[39m [2m/en/news/disability-mention-9a8ab503/index.html[22m [2m(+346ms)[22m 
[2m12:30:30[22m   [34m├─[39m [2m/en/news/narcissistic-personality-disorder-referenced-be203273/index.html[22m [2m(+371ms)[22m 
[2m12:30:31[22m   [34m├─[39m [2m/en/news/former-japanese-light-flyweight-boxing-champion-promotes-inclusive-society-ae3806aa/index.html[22m [2m(+378ms)[22m 
[2m12:30:31[22m   [34m├─[39m [2m/en/news/disability-employment-skill-building-a3d6640f/index.html[22m [2m(+360ms)[22m 
[2m12:30:31[22m   [34m├─[39m [2m/en/news/universal-design-foot-and-hand-baths-introduced-at-yunomura-onsen-c8d04a64/index.html[22m [2m(+410ms)[22m 
[2m12:30:32[22m   [34m├─[39m [2m/en/news/user-reports-difficulty-navigating-city-hall-services-due-to-disability-certific-b5c8b817/index.html[22m [2m(+466ms)[22m 
[2m12:30:32[22m   [34m├─[39m [2m/en/news/web-accessibility-evaluation-integrated-with-rendering-performance-2ba796c3/index.html[22m [2m(+435ms)[22m 
[2m12:30:33[22m   [34m├─[39m [2m/en/news/discussion-on-disability-pension-dependency-d65ba6f7/index.html[22m [2m(+383ms)[22m 
[2m12:30:33[22m   [34m├─[39m [2m/en/news/japan-raises-statutory-disability-employment-rate-7c2555be/index.html[22m [2m(+380ms)[22m 
[2m12:30:33[22m   [34m├─[39m [2m/en/news/disability-employment-rate-rises-to-27-in-japan-b5c6ddee/index.html[22m [2m(+397ms)[22m 
[2m12:30:34[22m   [34m├─[39m [2m/en/news/critique-of-communication-skill-requirements-in-disability-hiring-93f35b28/index.html[22m [2m(+370ms)[22m 
[2m12:30:34[22m   [34m├─[39m [2m/en/news/discussion-of-developmental-disability-visibility-on-social-media-9df10088/index.html[22m [2m(+398ms)[22m 
[2m12:30:35[22m   [34m├─[39m [2m/en/news/disability-certificate-renewal-and-rise-in-statutory-employment-rate-11ab2df1/index.html[22m [2m(+452ms)[22m 
[2m12:30:35[22m   [34m├─[39m [2m/en/news/japan-raises-statutory-disability-employment-rate-to-27-f4825730/index.html[22m [2m(+436ms)[22m 
[2m12:30:35[22m   [34m├─[39m [2m/en/news/free-online-resources-for-web-accessibility-color-contrast-18c8d590/index.html[22m [2m(+420ms)[22m 
[2m12:30:36[22m   [34m├─[39m [2m/en/news/advocate-jamie-daniels-pushes-for-better-mobility-accessibility-ce259a10/index.html[22m [2m(+396ms)[22m 
[2m12:30:36[22m   [34m├─[39m [2m/en/news/transit-agency-reports-progress-on-barrier-free-bus-improvements-3966a5b3/index.html[22m [2m(+390ms)[22m 
[2m12:30:37[22m   [34m├─[39m [2m/en/news/corrado-bill-to-improve-paratransit-accessibility-advances-in-new-jersey-senate-83a3d04d/index.html[22m [2m(+386ms)[22m 
[2m12:30:37[22m   [34m├─[39m [2m/en/news/after-spinal-cord-injury-amboy-woman-fights-for-accessibility-1bc84309/index.html[22m [2m(+406ms)[22m 
[2m12:30:37[22m   [34m├─[39m [2m/en/news/accessibility-in-fort-wayne-vision-assistance-needs-visit-fort-wayne-7c13617e/index.html[22m [2m(+430ms)[22m 
[2m12:30:38[22m   [34m├─[39m [2m/en/news/siteimproveai-mcp-server-now-integrates-into-customer-ai-workflows-within-lovabl-81696e15/index.html[22m [2m(+385ms)[22m 
[2m12:30:38[22m   [34m├─[39m [2m/en/news/siteimprove-mcp-server-brings-accessibility-to-ai-tools-3a243146/index.html[22m [2m(+399ms)[22m 
[2m12:30:39[22m   [34m├─[39m [2m/en/news/accessibility-lawsuits-by-state-where-risk-is-highest-b13dfba0/index.html[22m [2m(+412ms)[22m 
[2m12:30:39[22m   [34m├─[39m [2m/en/news/usa-blind-soccer-team-aims-for-2028-paralympics-85428669/index.html[22m [2m(+383ms)[22m 
[2m12:30:39[22m   [34m├─[39m [2m/en/news/accessibility-lawsuits-by-state-where-risk-is-highest-6beb0515/index.html[22m [2m(+375ms)[22m 
[2m12:30:40[22m   [34m├─[39m [2m/en/news/hhs-puts-accessible-medical-equipment-in-focus-what-providers-need-to-know-befor-dd3d1c35/index.html[22m [2m(+360ms)[22m 
[2m12:30:40[22m   [34m├─[39m [2m/en/news/kaohsiung-ports-imarine-earns-data-open-platinum-award-and-accessibility-aa-cert-13cb57f0/index.html[22m [2m(+372ms)[22m 
[2m12:30:41[22m   [34m├─[39m [2m/en/news/ncrtd-opens-upgraded-bus-stops-in-velarde-and-alcalde-completes-accessibility-im-434b8412/index.html[22m [2m(+374ms)[22m 
[2m12:30:41[22m   [34m├─[39m [2m/en/news/south-philadelphias-american-swedish-historical-museum-plans-28m-accessibility-o-44bc2d21/index.html[22m [2m(+367ms)[22m 
[2m12:30:41[22m   [34m├─[39m [2m/en/news/how-accessible-is-oldham-high-street-bbc-86364181/index.html[22m [2m(+352ms)[22m 
[2m12:30:42[22m   [34m├─[39m [2m/en/news/donations-fund-accessible-bathroom-renovations-at-echoing-hills-home-coshocton-t-c2d34de3/index.html[22m [2m(+301ms)[22m 
[2m12:30:42[22m   [34m├─[39m [2m/en/news/helsinki-pride-parade-implements-accessibility-spirit-photo-47cd8678/index.html[22m [2m(+328ms)[22m 
[2m12:30:42[22m   [34m├─[39m [2m/en/news/over-100000-join-helsinki-pride-parade-featuring-accessible-participation-0bf72ac4/index.html[22m [2m(+286ms)[22m 
[2m12:30:43[22m   [34m├─[39m [2m/en/news/over-100000-join-helsinki-pride-parade-featuring-accessible-participation-a54cecc5/index.html[22m [2m(+303ms)[22m 
[2m12:30:43[22m   [34m├─[39m [2m/en/news/port-and-harbor-bureaus-imarine-receives-aa-accessibility-and-platinum-label-for-10b98e32/index.html[22m [2m(+330ms)[22m 
[2m12:30:43[22m   [34m├─[39m [2m/en/news/user-forgets-to-use-bus-disability-discount-992afbe2/index.html[22m [2m(+303ms)[22m 
[2m12:30:43[22m   [34m├─[39m [2m/en/news/disability-dental-care-deemed-essential-infrastructure-3bc4e0fb/index.html[22m [2m(+355ms)[22m 
[2m12:30:44[22m   [34m├─[39m [2m/en/news/dahamicro-communication-earns-barrier-free-certification-for-digital-newspaper-e73b7c1e/index.html[22m [2m(+335ms)[22m 
[2m12:30:44[22m   [34m├─[39m [2m/en/news/japans-health-ministry-strengthens-oversight-of-disability-welfare-providers-4c201433/index.html[22m [2m(+311ms)[22m 
[2m12:30:44[22m   [34m├─[39m [2m/en/news/unesco-japan-promotes-social-inclusion-for-hikikomori-through-community-activiti-64d1bd3a/index.html[22m [2m(+335ms)[22m 
[2m12:30:45[22m   [34m├─[39m [2m/en/news/common-pharmacy-experiences-highlight-barriers-for-disabled-patients-in-japan-cbc00117/index.html[22m [2m(+366ms)[22m 
[2m12:30:45[22m   [34m├─[39m [2m/en/news/debate-over-welfare-benefits-versus-employment-for-people-with-disabilities-in-j-e129723b/index.html[22m [2m(+299ms)[22m 
[2m12:30:45[22m   [34m├─[39m [2m/en/news/aquarium-installed-in-disability-facility-to-enhance-user-wellbeing-5750a752/index.html[22m [2m(+338ms)[22m 
[2m12:30:46[22m   [34m├─[39m [2m/en/news/scientist-with-physical-disability-shares-rehab-struggles-while-pursuing-cross-d-f33cce7a/index.html[22m [2m(+336ms)[22m 
[2m12:30:46[22m   [34m├─[39m [2m/en/news/criticism-of-japanese-welfare-offices-treatment-of-people-with-disabilities-ac2b29d2/index.html[22m [2m(+338ms)[22m 
[2m12:30:46[22m   [34m├─[39m [2m/en/news/advocacy-group-submits-accessibility-request-for-digital-textbooks-to-japanese-e-516a67c4/index.html[22m [2m(+330ms)[22m 
[2m12:30:47[22m   [34m├─[39m [2m/en/news/new-book-explores-inclusive-education-through-yamayuri-en-and-special-support-d3e8af5a/index.html[22m [2m(+315ms)[22m 
[2m12:30:47[22m   [34m├─[39m [2m/en/news/parody-work-features-university-student-and-visual-impairment-892a6659/index.html[22m [2m(+345ms)[22m 
[2m12:30:47[22m   [34m├─[39m [2m/en/news/fukushima-police-deploy-sign-language-system-at-all-stations-d079ab75/index.html[22m [2m(+349ms)[22m 
[2m12:30:48[22m   [34m├─[39m [2m/en/news/eneos-supports-physically-disabled-baseball-highlighting-athletes-earnest-effort-b77a3a72/index.html[22m [2m(+335ms)[22m 
[2m12:30:48[22m   [34m├─[39m [2m/en/news/tokyo-report-highlights-gaps-in-dental-care-for-people-with-disabilities-6386315e/index.html[22m [2m(+354ms)[22m 
[2m12:30:49[22m   [34m├─[39m [2m/en/news/tool-for-disability-support-listing-when-approver-unreachable-e9fc429e/index.html[22m [2m(+341ms)[22m 
[2m12:30:49[22m   [34m├─[39m [2m/en/news/ai-agents-rely-on-accessibility-tree-for-web-page-reading-4458a3c0/index.html[22m [2m(+397ms)[22m 
[2m12:30:49[22m   [34m├─[39m [2m/en/news/discussion-linking-high-metacognition-to-developmental-disability-patterns-d677422e/index.html[22m [2m(+364ms)[22m 
[2m12:30:50[22m   [34m├─[39m [2m/en/news/user-criticizes-ai-for-ignoring-disability-related-issues-120afe14/index.html[22m [2m(+405ms)[22m 
[2m12:30:50[22m   [34m├─[39m [2m/en/news/individual-outlines-future-disability-pension-and-employment-plans-b5c4cb18/index.html[22m [2m(+386ms)[22m 
[2m12:30:50[22m   [34m├─[39m [2m/en/news/user-describes-living-with-intellectual-disability-and-receiving-disability-allo-026574ce/index.html[22m [2m(+398ms)[22m 
[2m12:30:51[22m   [34m├─[39m [2m/en/news/training-program-for-supporters-of-severe-behavioral-disability-5bcca129/index.html[22m [2m(+388ms)[22m 
[2m12:30:51[22m   [34m├─[39m [2m/en/news/childrens-program-promotes-mental-barrierfree-interaction-with-people-with-disab-a0e5b729/index.html[22m [2m(+376ms)[22m 
[2m12:30:52[22m   [34m├─[39m [2m/en/news/accessibility-is-integral-to-good-design-not-a-special-request-df93d70a/index.html[22m [2m(+296ms)[22m 
[2m12:30:52[22m   [34m├─[39m [2m/en/news/practical-disaster-evacuation-drills-consider-disability-welfare-scenarios-73e19ed0/index.html[22m [2m(+331ms)[22m 
[2m12:30:52[22m   [34m├─[39m [2m/en/news/new-barrierfree-station-entrance-with-elevators-and-multifunctional-toilets-open-91ccfce8/index.html[22m [2m(+338ms)[22m 
[2m12:30:53[22m   [34m├─[39m [2m/en/news/canadas-ministerial-advisory-council-on-rights-equality-and-inclusion-discusses--ada42080/index.html[22m [2m(+384ms)[22m 
[2m12:30:53[22m   [34m├─[39m [2m/en/news/barrier-free-accessibility-6b6bb7c9/index.html[22m [2m(+437ms)[22m 
[2m12:30:53[22m   [34m├─[39m [2m/en/news/barrier-free-e-sports-community-3f817a4d/index.html[22m [2m(+351ms)[22m 
[2m12:30:54[22m   [34m├─[39m [2m/en/news/research-advances-braille-literacy-instruction-84543849/index.html[22m [2m(+369ms)[22m 
[2m12:30:54[22m   [34m├─[39m [2m/en/news/global-accessibility-awareness-day-celebration-b0e01dd4/index.html[22m [2m(+332ms)[22m 
[2m12:30:54[22m   [34m├─[39m [2m/en/news/state-report-highlights-need-for-accessible-trails-in-mass-ed932936/index.html[22m [2m(+324ms)[22m 
[2m12:30:55[22m   [34m├─[39m [2m/en/news/billion-dollar-government-building-approved-despite-accessibility-concerns-amid--00ad025f/index.html[22m [2m(+331ms)[22m 
[2m12:30:55[22m   [34m├─[39m [2m/en/news/lodi-nursing-home-unveils-wheelchair-accessible-golf-cart-for-residents-87d3605e/index.html[22m [2m(+339ms)[22m 
[2m12:30:55[22m   [34m├─[39m [2m/en/news/dove-healthcare-residents-get-accessible-golf-cart-e9bbea77/index.html[22m [2m(+370ms)[22m 
[2m12:30:56[22m   [34m├─[39m [2m/en/news/academic-transcription-is-core-infrastructure-in-canadas-universities-but-risks--912d9e93/index.html[22m [2m(+346ms)[22m 
[2m12:30:56[22m   [34m├─[39m [2m/en/news/paralyzed-veterans-of-america-discusses-with-yourupdatetv-new-airline-disability-b0fae2df/index.html[22m [2m(+340ms)[22m 
[2m12:30:56[22m   [34m├─[39m [2m/en/news/cracking-the-accessibility-barrier-in-the-mls-67b446a0/index.html[22m [2m(+364ms)[22m 
[2m12:30:57[22m   [34m├─[39m [2m/en/news/the-push-to-make-new-construction-listings-more-accessible-c5f0c275/index.html[22m [2m(+344ms)[22m 
[2m12:30:57[22m   [34m├─[39m [2m/en/news/paralympian-praises-stations-accessibility-upgrade-5e5d26f2/index.html[22m [2m(+331ms)[22m 
[2m12:30:57[22m   [34m├─[39m [2m/en/news/audioeye-report-reveals-ai-search-accessibility-risks-971a4d9b/index.html[22m [2m(+391ms)[22m 
[2m12:30:58[22m   [34m├─[39m [2m/en/news/creating-accessible-content-a-conversation-with-public-health-professionals-e86ac981/index.html[22m [2m(+335ms)[22m 
[2m12:30:58[22m   [34m├─[39m [2m/en/news/outstanding-disabled-students-honored-in-new-taipei-city-074b4e0c/index.html[22m [2m(+316ms)[22m 
[2m12:30:59[22m   [34m├─[39m [2m/en/news/metas-brain2qwerty-brings-non-invasive-brain-to-text-decoding-closer-to-reality-a0c74662/index.html[22m [2m(+344ms)[22m 
[2m12:30:59[22m   [34m├─[39m [2m/en/news/what-to-do-if-you-cant-pay-health-insurance-premiums-over-6000-people-benefit-fr-a0a6faa3/index.html[22m [2m(+345ms)[22m 
[2m12:30:59[22m   [34m├─[39m [2m/en/news/online-retail-accessibility-is-failing-disabled-customers-computer-weekly-eb1683ce/index.html[22m [2m(+327ms)[22m 
[2m12:31:00[22m   [34m├─[39m [2m/en/news/tainan-launches-over-4000-sports-activities-under-the-sports-i-taiwan-20-initiat-a97685bb/index.html[22m [2m(+347ms)[22m 
[2m12:31:00[22m   [34m├─[39m [2m/en/news/luke-5-adventures-enhances-wilderness-accessibility-for-disabled-140c9647/index.html[22m [2m(+356ms)[22m 
[2m12:31:00[22m   [34m├─[39m [2m/en/news/web-accessibility-textbook-launch-event-announced-with-live-youtube-lecture-2bc5c17b/index.html[22m [2m(+338ms)[22m 
[2m12:31:01[22m   [34m├─[39m [2m/en/news/tourism-bureau-promotes-apec-digital-innovation-and-presents-achievements-in-acc-72ca6c36/index.html[22m [2m(+323ms)[22m 
[2m12:31:01[22m   [34m├─[39m [2m/en/news/new-taipei-honors-outstanding-disabled-students-showing-limitless-learning-despi-a176e5cf/index.html[22m [2m(+305ms)[22m 
[2m12:31:01[22m   [34m├─[39m [2m/en/news/unified-invoice-official-app-major-overhaul-with-8-upgraded-services-launching-j-6345723b/index.html[22m [2m(+331ms)[22m 
[2m12:31:02[22m   [34m├─[39m [2m/en/news/wai-aria-13-working-draft-updated-f514fb19/index.html[22m [2m(+331ms)[22m 
[2m12:31:02[22m   [34m├─[39m [2m/en/news/new-taipei-honors-30-outstanding-students-with-disabilities-who-overcame-adversi-70911fc2/index.html[22m [2m(+303ms)[22m 
[2m12:31:02[22m   [34m├─[39m [2m/en/news/volleyball-star-regains-sight-after-meningitis-returns-to-school-new-taipei-hono-1e352fcd/index.html[22m [2m(+356ms)[22m 
[2m12:31:03[22m   [34m├─[39m [2m/en/news/brazil-has-many-disabled-people-47b2821e/index.html[22m [2m(+333ms)[22m 
[2m12:31:03[22m   [34m├─[39m [2m/en/news/person-expresses-distress-over-being-mocked-for-disability-e34395c0/index.html[22m [2m(+269ms)[22m 
[2m12:31:03[22m   [34m├─[39m [2m/en/news/discussion-on-who-can-authentically-refer-to-disability-experiences-a975efa9/index.html[22m [2m(+292ms)[22m 
[2m12:31:03[22m   [34m├─[39m [2m/en/news/disabled-person-wants-to-remain-correct-until-death-92e44756/index.html[22m [2m(+316ms)[22m 
[2m12:31:04[22m   [34m├─[39m [2m/en/news/recruitment-for-autism-spectrum-community-members-a0375614/index.html[22m [2m(+321ms)[22m 
[2m12:31:04[22m   [34m├─[39m [2m/en/news/disability-focused-day-service-hosts-crepe-making-recreational-activity-3459ca08/index.html[22m [2m(+333ms)[22m 
[2m12:31:04[22m   [34m├─[39m [2m/en/news/derogatory-comment-links-trading-card-buyers-to-disability-38b8b1cd/index.html[22m [2m(+356ms)[22m 
[2m12:31:05[22m   [34m├─[39m [2m/en/news/japanese-mp-advocates-for-barrier-free-society-and-universal-design-at-visual-di-674e3c06/index.html[22m [2m(+348ms)[22m 
[2m12:31:05[22m   [34m├─[39m [2m/en/news/digital-disability-id-enables-discounted-bus-fares-via-smartphone-892d9460/index.html[22m [2m(+368ms)[22m 
[2m12:31:05[22m   [34m├─[39m [2m/en/news/inclusion-ensures-no-one-is-left-out-fa6ae2bf/index.html[22m [2m(+337ms)[22m 
[2m12:31:06[22m   [34m├─[39m [2m/en/news/reflections-on-the-concept-of-disability-acceptance-d2767a55/index.html[22m [2m(+400ms)[22m 
[2m12:31:06[22m   [34m├─[39m [2m/en/news/barrier-free-theater-performance-of-helen-keller-c0a519e0/index.html[22m [2m(+361ms)[22m 
[2m12:31:07[22m   [34m├─[39m [2m/en/news/disability-employment-conflicts-highlighted-45afa4b4/index.html[22m [2m(+358ms)[22m 
[2m12:31:07[22m   [34m├─[39m [2m/en/news/undp-launches-green-and-inclusive-cities-initiative-in-mongolia-ee7781bc/index.html[22m [2m(+335ms)[22m 
[2m12:31:07[22m   [34m├─[39m [2m/en/news/workplace-rules-can-be-burdensome-for-people-with-asd-and-adhd-21442613/index.html[22m [2m(+331ms)[22m 
[2m12:31:08[22m   [34m├─[39m [2m/en/news/inclusion-unlocks-potential-for-individuals-and-communities-b8df4d32/index.html[22m [2m(+291ms)[22m 
[2m12:31:08[22m   [34m├─[39m [2m/en/news/comment-on-intellectual-disability-pride-42d23c18/index.html[22m [2m(+341ms)[22m 
[2m12:31:08[22m   [34m├─[39m [2m/en/news/job-seeker-reports-disability-discrimination-during-interview-ce9509eb/index.html[22m [2m(+322ms)[22m 
[2m12:31:09[22m   [34m├─[39m [2m/en/news/comment-highlights-greater-accommodations-for-foreigners-over-disabled-people-d01f7402/index.html[22m [2m(+284ms)[22m 
[2m12:31:09[22m   [34m├─[39m [2m/en/news/individual-with-disability-seeks-apology-after-harassment-691ca1cc/index.html[22m [2m(+311ms)[22m 
[2m12:31:09[22m   [34m├─[39m [2m/en/news/psvar-deadline-approaches-for-coach-operators-af7f5f80/index.html[22m [2m(+312ms)[22m 
[2m12:31:09[22m   [34m├─[39m [2m/en/news/audit-tool-highlights-thirdparty-app-accessibility-on-public-sector-sites-fb50c034/index.html[22m [2m(+306ms)[22m 
[2m12:31:10[22m   [34m├─[39m [2m/en/news/digital-spaces-and-disability-inclusion-questioned-05fef31c/index.html[22m [2m(+360ms)[22m 
[2m12:31:10[22m   [34m├─[39m [2m/en/news/keikyu-railway-announces-barrier-free-and-universal-design-workshop-for-summer-v-f6aa1e68/index.html[22m [2m(+382ms)[22m 
[2m12:31:11[22m   [34m├─[39m [2m/en/news/corporate-inclusion-strategies-focus-on-neurodiversity-and-mental-health-4d78b117/index.html[22m [2m(+334ms)[22m 
[2m12:31:11[22m   [34m├─[39m [2m/en/news/corporate-inclusion-strategies-shift-toward-neurodiversity-and-mental-health-f79a96b8/index.html[22m [2m(+323ms)[22m 
[2m12:31:11[22m   [34m├─[39m [2m/en/news/job-selection-factors-for-people-with-developmental-disabilities-e712760b/index.html[22m [2m(+297ms)[22m 
[2m12:31:11[22m   [34m├─[39m [2m/en/news/mental-health-and-developmental-disabilities-in-elderly-care-2e107294/index.html[22m [2m(+345ms)[22m 
[2m12:31:12[22m   [34m├─[39m [2m/en/news/tokyo-mental-disability-sports-support-club-announces-futsal-event-daa51339/index.html[22m [2m(+324ms)[22m 
[2m12:31:12[22m   [34m├─[39m [2m/en/news/smarthr-diverseops-shares-content-on-disability-employment-41e9a9f8/index.html[22m [2m(+313ms)[22m 
[2m12:31:12[22m   [34m├─[39m [2m/en/news/housing-support-organization-aids-elderly-and-disabled-tenants-2413bdda/index.html[22m [2m(+355ms)[22m 
[2m12:31:13[22m   [34m├─[39m [2m/en/news/assessing-mobility-and-accessibility-conditions-for-port-pilot-actions-3f5a782a/index.html[22m [2m(+308ms)[22m 
[2m12:31:13[22m   [34m├─[39m [2m/en/news/it-training-program-supports-office-job-seekers-with-disabilities-e8ef5c25/index.html[22m [2m(+340ms)[22m 
[2m12:31:13[22m   [34m├─[39m [2m/en/news/apply-for-mental-health-welfare-handbook-for-financial-and-employment-benefits-2336557f/index.html[22m [2m(+306ms)[22m 
[2m12:31:14[22m   [34m├─[39m [2m/en/news/staying-afloat-support-for-depression-anxiety-and-developmental-disabilities-in--cad1788e/index.html[22m [2m(+278ms)[22m 
[2m12:31:14[22m   [34m├─[39m [2m/en/news/accessibility-for-all-forum-features-paralympian-speakers-3445ce42/index.html[22m [2m(+296ms)[22m 
[2m12:31:14[22m   [34m├─[39m [2m/en/news/gender-differences-in-perception-of-adhd-and-developmental-disabilities-f4f8d8b9/index.html[22m [2m(+275ms)[22m 
[2m12:31:15[22m   [34m├─[39m [2m/en/news/disability-pension-and-allowance-approved-for-wife-810a22dc/index.html[22m [2m(+300ms)[22m 
[2m12:31:15[22m   [34m├─[39m [2m/en/news/tweet-advocates-violence-against-people-with-disabilities-acc07347/index.html[22m [2m(+316ms)[22m 
[2m12:31:15[22m   [34m├─[39m [2m/en/news/trainual-review-covers-accessibility-features-for-2026-3ef66b7e/index.html[22m [2m(+298ms)[22m 
[2m12:31:16[22m   [34m├─[39m [2m/en/news/inclusion-empowers-everyone-to-shine-950d8bfb/index.html[22m [2m(+293ms)[22m 
[2m12:31:16[22m   [34m├─[39m [2m/en/news/every-step-toward-inclusion-builds-a-better-future-8ceb6f7e/index.html[22m [2m(+326ms)[22m 
[2m12:31:16[22m   [34m├─[39m [2m/en/news/the-last-of-us-part-2-remastered-adds-accessibility-features-for-blind-gamers-f2cc327f/index.html[22m [2m(+324ms)[22m 
[2m12:31:16[22m   [34m├─[39m [2m/en/news/tweet-criticizes-company-for-neglecting-employees-with-disabilities-295cf989/index.html[22m [2m(+286ms)[22m 
[2m12:31:17[22m   [34m├─[39m [2m/en/news/systematic-review-finds-lack-of-outcome-measurement-in-cancer-education-programs-67eafa53/index.html[22m [2m(+283ms)[22m 
[2m12:31:17[22m   [34m├─[39m [2m/en/news/web3-project-emphasizes-accessibility-in-technology-ecosystems-66766ce2/index.html[22m [2m(+286ms)[22m 
[2m12:31:17[22m   [34m├─[39m [2m/en/news/disability-inclusion-advocacy-fc555506/index.html[22m [2m(+272ms)[22m 
[2m12:31:18[22m   [34m├─[39m [2m/en/news/escalator-improves-mall-accessibility-and-customer-flow-c5ba0cac/index.html[22m [2m(+263ms)[22m 
[2m12:31:18[22m   [34m├─[39m [2m/en/news/disability-employment-interview-progress-for-hamburger-chain-e1bfbcc8/index.html[22m [2m(+242ms)[22m 
[2m12:31:18[22m   [34m├─[39m [2m/en/news/criticism-of-wage-demands-for-disability-workshop-workers-d5e8f57e/index.html[22m [2m(+245ms)[22m 
[2m12:31:18[22m   [34m├─[39m [2m/en/news/digilumi-chiba-abiko-shares-user-work-scene-drink-poster-9a4fcdc2/index.html[22m [2m(+317ms)[22m 
[2m12:31:19[22m   [34m├─[39m [2m/en/news/tweet-about-disabled-homeless-person-55d09b16/index.html[22m [2m(+271ms)[22m 
[2m12:31:19[22m   [34m├─[39m [2m/en/news/fundraiser-for-accessible-dance-tour-for-deaf-and-blind-audiences-471c85d7/index.html[22m [2m(+325ms)[22m 
[2m12:31:19[22m   [34m├─[39m [2m/en/news/full-stack-gym-management-platform-built-with-accessibility-considerations-ecd929f4/index.html[22m [2m(+321ms)[22m 
[2m12:31:20[22m   [34m├─[39m [2m/en/news/criticism-of-disability-related-slurs-59b9860b/index.html[22m [2m(+295ms)[22m 
[2m12:31:20[22m   [34m├─[39m [2m/en/news/advocacy-for-barrier-free-society-to-support-parents-with-severe-disabilities-6c883fde/index.html[22m [2m(+246ms)[22m 
[2m12:31:20[22m   [34m├─[39m [2m/en/news/shining-bravely-in-adversity-new-taipei-honors-30-outstanding-disabled-students-7a0d6ad0/index.html[22m [2m(+296ms)[22m 
[2m12:31:20[22m   [34m├─[39m [2m/en/news/education-ministry-subsidizes-counties-and-cities-to-add-400-monthly-paid-studen-1dac9365/index.html[22m [2m(+281ms)[22m 
[2m12:31:21[22m   [34m├─[39m [2m/en/news/harvard-to-launch-online-hub-for-accessible-teaching-resources-the-harvard-crims-63622a7c/index.html[22m [2m(+263ms)[22m 
[2m12:31:21[22m   [34m├─[39m [2m/en/news/multiple-sclerosis-impacts-daily-life-beyond-physical-symptoms-study-b1f12184/index.html[22m [2m(+302ms)[22m 
[2m12:31:21[22m   [34m├─[39m [2m/en/news/expanding-opportunities-for-persons-with-disabilities-to-participate-in-sport-9a294ebf/index.html[22m [2m(+257ms)[22m 
[2m12:31:22[22m   [34m├─[39m [2m/en/news/11m-sherborne-abbey-upgrades-include-accessible-toilets-and-lift-bbc-fa814590/index.html[22m [2m(+296ms)[22m 
[2m12:31:22[22m   [34m├─[39m [2m/en/news/free-dropkit-player-and-inclusive-droptone-music-app-announced-ae903132/index.html[22m [2m(+278ms)[22m 
[2m12:31:22[22m   [34m├─[39m [2m/en/news/unesco-japan-promotes-community-activities-for-hikikomori-support-fc4b230a/index.html[22m [2m(+295ms)[22m 
[2m12:31:22[22m   [34m├─[39m [2m/en/news/visual-symbols-book-for-disability-communication-461007a9/index.html[22m [2m(+249ms)[22m 
[2m12:31:23[22m   [34m├─[39m [2m/en/news/discussion-on-barrierfree-train-design-challenges-in-japan-72a2e71a/index.html[22m [2m(+270ms)[22m 
[2m12:31:23[22m   [34m├─[39m [2m/en/news/visual-symbols-book-for-disability-communication-alternative-listing-a016d567/index.html[22m [2m(+283ms)[22m 
[2m12:31:23[22m   [34m├─[39m [2m/en/news/user-expresses-mental-health-distress-amid-venezuela-crisis-da921824/index.html[22m [2m(+304ms)[22m 
[2m12:31:23[22m   [34m├─[39m [2m/en/news/manga-farewell-hospital-volume-9-features-eating-disorder-and-depression-89c23305/index.html[22m [2m(+287ms)[22m 
[2m12:31:24[22m   [34m├─[39m [2m/en/news/former-representative-arrested-for-fraudulent-overseas-study-support-scheme-targ-cd743749/index.html[22m [2m(+275ms)[22m 
[2m12:31:24[22m   [34m├─[39m [2m/en/news/aspirations-for-advancement-in-disability-employment-253a0115/index.html[22m [2m(+252ms)[22m 
[2m12:31:24[22m   [34m├─[39m [2m/en/news/book-release-visual-symbols-for-easy-communication-2555-symbols-to-aid-daily-lif-c179b39f/index.html[22m [2m(+251ms)[22m 
[2m12:31:25[22m   [34m├─[39m [2m/en/news/criticism-of-double-standards-in-advice-to-disabled-people-about-having-children-5b42f4b5/index.html[22m [2m(+267ms)[22m 
[2m12:31:25[22m   [34m├─[39m [2m/en/news/men-with-developmental-disabilities-face-harsher-workplace-pressures-than-women-e2d087e0/index.html[22m [2m(+284ms)[22m 
[2m12:31:25[22m   [34m├─[39m [2m/en/news/call-for-a-society-free-of-discrimination-and-prejudice-512d3a9f/index.html[22m [2m(+293ms)[22m 
[2m12:31:25[22m   [34m├─[39m [2m/en/news/27th-tokyo-metropolitan-disability-sports-tournament-track-and-field-event-71faaddf/index.html[22m [2m(+273ms)[22m 
[2m12:31:26[22m   [34m├─[39m [2m/en/news/positive-disability-awareness-message-with-religious-content-1e05b6a9/index.html[22m [2m(+273ms)[22m 
[2m12:31:26[22m   [34m├─[39m [2m/en/news/reflections-on-developmental-disability-and-political-awakening-bf5ff0e7/index.html[22m [2m(+267ms)[22m 
[2m12:31:26[22m   [34m├─[39m [2m/en/news/developmental-disability-community-warns-of-being-targeted-after-foreigner-expul-d63a9098/index.html[22m [2m(+283ms)[22m 
[2m12:31:26[22m   [34m├─[39m [2m/en/news/heart-barrier-free-plan-announces-upcoming-book-on-wheelchair-life-advocate-adc00c09/index.html[22m [2m(+281ms)[22m 
[2m12:31:27[22m   [34m├─[39m [2m/en/news/planning-a-barrier-free-visit-to-zenko-ji-temple-34be936d/index.html[22m [2m(+282ms)[22m 
[2m12:31:27[22m   [34m├─[39m [2m/en/news/critique-of-language-used-in-discussions-about-disabled-childbirth-0d31b6b8/index.html[22m [2m(+295ms)[22m 
[2m12:31:27[22m   [34m├─[39m [2m/en/news/book-on-disability-and-sexuality-lets-talk-barely-about-life-and-sex-9e454540/index.html[22m [2m(+256ms)[22m 
[2m12:31:28[22m   [34m├─[39m [2m/en/news/body-and-mind-manners-book-lets-body-exploration-team-ea1d9f00/index.html[22m [2m(+273ms)[22m 
[2m12:31:28[22m   [34m├─[39m [2m/en/news/lets-body-exploration-team-interpersonal-relationship-education-program-for-disa-ecd4c333/index.html[22m [2m(+279ms)[22m 
[2m12:31:28[22m   [34m├─[39m [2m/en/news/video-collaboration-raises-awareness-of-developmental-disabilities-7538a615/index.html[22m [2m(+296ms)[22m 
[2m12:31:28[22m   [34m├─[39m [2m/en/news/disability-support-facility-acquires-subsidized-grass-cutter-and-blower-f68bc1ba/index.html[22m [2m(+301ms)[22m 
[2m12:31:29[22m   [34m├─[39m [2m/en/news/discussion-on-disability-handbook-covers-highlights-need-for-content-2e4aca96/index.html[22m [2m(+299ms)[22m 
[2m12:31:29[22m   [34m├─[39m [2m/en/news/engineering-and-design-discussion-includes-accessibility-topics-46ca8721/index.html[22m [2m(+271ms)[22m 
[2m12:31:29[22m   [34m├─[39m [2m/en/news/tweet-mentions-disabled-person-in-public-space-078df3de/index.html[22m [2m(+326ms)[22m 
[2m12:31:30[22m   [34m├─[39m [2m/en/news/person-with-disability-frustrated-by-stereotypes-appreciates-being-seen-as-indiv-22f4683d/index.html[22m [2m(+257ms)[22m 
[2m12:31:30[22m   [34m├─[39m [2m/en/news/call-to-stop-using-disability-badges-to-disparage-disabled-people-d2092d46/index.html[22m [2m(+315ms)[22m 
[2m12:31:30[22m   [34m├─[39m [2m/en/news/disabled-worker-finds-workshop-time-passes-quickly-24ec98e8/index.html[22m [2m(+379ms)[22m 
[2m12:31:31[22m   [34m├─[39m [2m/en/news/company-assigns-data-analysis-task-to-disabled-employee-despite-poor-data-qualit-ea6db14a/index.html[22m [2m(+314ms)[22m 
[2m12:31:31[22m   [34m├─[39m [2m/en/news/discussion-of-disability-benefits-and-personal-work-aspirations-2a52ca64/index.html[22m [2m(+303ms)[22m 
[2m12:31:31[22m   [34m├─[39m [2m/en/news/mother-hides-commemorative-stamps-in-disability-handbook-6b35d447/index.html[22m [2m(+291ms)[22m 
[2m12:31:32[22m   [34m├─[39m [2m/en/news/event-features-discussions-on-disability-inclusion-among-various-social-topics-4912d78a/index.html[22m [2m(+327ms)[22m 
[2m12:31:32[22m   [34m├─[39m [2m/en/news/questioning-requirement-to-use-consultation-office-for-employment-support-only-03fd699d/index.html[22m [2m(+315ms)[22m 
[2m12:31:32[22m   [34m├─[39m [2m/en/news/takeheart-tsukuba-hosts-vision-training-course-for-disability-employment-03616f15/index.html[22m [2m(+263ms)[22m 
[2m12:31:32[22m   [34m├─[39m [2m/en/news/observation-about-a-disabled-person-in-a-challenging-setting-1db7e15f/index.html[22m [2m(+243ms)[22m 
[2m12:31:33[22m   [34m├─[39m [2m/en/news/individual-shares-struggles-with-neurodevelopmental-and-mood-disorders-affecting-32f8917d/index.html[22m [2m(+282ms)[22m 
[2m12:31:33[22m   [34m├─[39m [2m/en/news/deaf-individual-criticized-for-forcing-entry-to-store-toilet-0154e287/index.html[22m [2m(+366ms)[22m 
[2m12:31:33[22m   [34m├─[39m [2m/en/news/call-for-net-literacy-after-disability-related-insult-online-9201e703/index.html[22m [2m(+286ms)[22m 
[2m12:31:34[22m   [34m├─[39m [2m/en/news/considering-a-challenge-in-disability-employment-000f214f/index.html[22m [2m(+360ms)[22m 
[2m12:31:34[22m   [34m├─[39m [2m/en/news/deaf-person-accused-of-ignoring-store-rules-to-use-toilet-d1c4302b/index.html[22m [2m(+339ms)[22m 
[2m12:31:34[22m   [34m├─[39m [2m/en/news/discussion-of-priority-seat-and-help-mark-etiquette-in-japan-dc30d8e9/index.html[22m [2m(+281ms)[22m 
[2m12:31:35[22m   [34m├─[39m [2m/en/news/web-accessibility-blog-post-published-2a6822d5/index.html[22m [2m(+291ms)[22m 
[2m12:31:35[22m   [34m├─[39m [2m/en/news/advocacy-for-disability-inclusive-welfare-system-bac7a24d/index.html[22m [2m(+316ms)[22m 
[2m12:31:35[22m   [34m├─[39m [2m/en/news/fraud-scheme-targeting-support-for-children-with-developmental-disabilities-expo-f55b7b6c/index.html[22m [2m(+305ms)[22m 
[2m12:31:35[22m   [34m├─[39m [2m/en/news/okayama-broadcasting-wins-japan-itu-association-special-award-for-information-ac-78a21be7/index.html[22m [2m(+287ms)[22m 
[2m12:31:36[22m   [34m├─[39m [2m/en/news/barrier-free-e-sports-mahjong-event-announced-cdd4fd6e/index.html[22m [2m(+302ms)[22m 
[2m12:31:36[22m   [34m├─[39m [2m/en/news/post-project-audit-checklist-includes-accessibility-review-98001d4c/index.html[22m [2m(+307ms)[22m 
[2m12:31:36[22m   [34m├─[39m [2m/en/news/devotional-link-promotes-positive-disability-awareness-and-inclusion-0ababd95/index.html[22m [2m(+344ms)[22m 
[2m12:31:37[22m   [34m├─[39m [2m/en/news/tesla-cybercab-features-accessibility-enhancements-for-robotaxi-service-ba92fc2d/index.html[22m [2m(+276ms)[22m 
[2m12:31:37[22m   [34m├─[39m [2m/en/news/designing-rest-spaces-in-public-architecture-for-accessibility-d23182e7/index.html[22m [2m(+252ms)[22m 
[2m12:31:37[22m   [34m├─[39m [2m/en/news/finance-ministrys-unified-invoice-redemption-app-launches-major-update-with-acce-16c60bda/index.html[22m [2m(+275ms)[22m 
[2m12:31:38[22m   [34m├─[39m [2m/en/news/participation-in-chiyoda-ward-barrier-free-experience-event-66ae1371/index.html[22m [2m(+242ms)[22m 
[2m12:31:38[22m   [34m├─[39m [2m/en/news/rock-bar-uk-event-notes-accessibility-challenges-c104ab5f/index.html[22m [2m(+298ms)[22m 
[2m12:31:38[22m   [34m├─[39m [2m/en/news/parents-discuss-disability-barriers-in-ontario-schools-2035969f/index.html[22m [2m(+330ms)[22m 
[2m12:31:38[22m   [34m├─[39m [2m/en/news/questions-raised-about-barrier-free-claims-at-pixar-exhibition-14a7dd39/index.html[22m [2m(+360ms)[22m 
[2m12:31:39[22m   [34m├─[39m [2m/en/news/web3-projects-highlight-accessibility-initiatives-b5cc4970/index.html[22m [2m(+315ms)[22m 
[2m12:31:39[22m   [34m├─[39m [2m/en/news/technical-analysis-of-fifa-world-cup-2026-web-experience-includes-accessibility--84156e49/index.html[22m [2m(+304ms)[22m 
[2m12:31:39[22m   [34m├─[39m [2m/en/news/developer-observes-high-use-of-root-font-percent-in-alevel-site-428cbf09/index.html[22m [2m(+287ms)[22m 
[2m12:31:40[22m   [34m├─[39m [2m/en/news/viewer-praises-episode-covering-disability-accessibility-and-opportunities-fb704f5a/index.html[22m [2m(+294ms)[22m 
[2m12:31:40[22m   [34m├─[39m [2m/en/news/web-accessibility-live-event-announcement-994e5dbf/index.html[22m [2m(+294ms)[22m 
[2m12:31:40[22m   [34m├─[39m [2m/en/news/audio-description-screening-date-confusion-leads-to-barrier-free-viewing-758910ad/index.html[22m [2m(+302ms)[22m 
[2m12:31:41[22m   [34m├─[39m [2m/en/news/advocacy-urges-removal-of-street-obstructions-to-improve-accessibility-cb0ba203/index.html[22m [2m(+264ms)[22m 
[2m12:31:41[22m   [34m├─[39m [2m/en/news/barrier-free-concert-welcomes-children-and-people-with-disabilities-674dc45f/index.html[22m [2m(+255ms)[22m 
[2m12:31:41[22m   [34m├─[39m [2m/en/news/konnex-emphasizes-accessibility-in-web3-community-building-e60e129f/index.html[22m [2m(+298ms)[22m 
[2m12:31:41[22m   [34m├─[39m [2m/en/news/matsumoto-citizens-art-hall-learns-about-visual-impairment-accessibility-8dedeffc/index.html[22m [2m(+292ms)[22m 
[2m12:31:42[22m   [34m├─[39m [2m/en/news/comment-on-disability-advocacy-after-tragic-incident-dfbdd59b/index.html[22m [2m(+302ms)[22m 
[2m12:31:42[22m   [34m├─[39m [2m/en/news/advocacy-for-barrier-free-improvements-at-tarumi-station-cdbc73f0/index.html[22m [2m(+286ms)[22m 
[2m12:31:42[22m   [34m├─[39m [2m/en/news/balkerne-fc-launches-inclusive-football-sessions-879bb710/index.html[22m [2m(+312ms)[22m 
[2m12:31:43[22m   [34m├─[39m [2m/en/news/fan-expresses-love-for-station-lacking-barrierfree-access-2313fb21/index.html[22m [2m(+274ms)[22m 
[2m12:31:43[22m   [34m├─[39m [2m/en/news/tweet-references-disability-in-japanese-66857b3b/index.html[22m [2m(+261ms)[22m 
[2m12:31:43[22m   [34m├─[39m [2m/en/news/working-at-a-disability-group-home-6c1a3643/index.html[22m [2m(+292ms)[22m 
[2m12:31:43[22m   [34m├─[39m [2m/en/news/discussion-on-differences-between-mental-and-intellectual-disabilities-and-workp-ac0a5dc6/index.html[22m [2m(+253ms)[22m 
[2m12:31:44[22m   [34m├─[39m [2m/en/news/japanese-user-notes-encountering-people-with-intellectual-disabilities-overseas-0e3c01a3/index.html[22m [2m(+280ms)[22m 
[2m12:31:44[22m   [34m├─[39m [2m/en/news/disability-employment-challenges-highlighted-in-job-transition-support-discussio-dc8b9eab/index.html[22m [2m(+256ms)[22m 
[2m12:31:44[22m   [34m├─[39m [2m/en/news/turkish-gamers-request-subtitles-for-gta-vi-0675bc2f/index.html[22m [2m(+340ms)[22m 
[2m12:31:45[22m   [34m├─[39m [2m/en/news/balancing-product-requirement-simplification-with-accessibility-and-privacy-517bbab8/index.html[22m [2m(+353ms)[22m 
[2m12:31:45[22m   [34m├─[39m [2m/en/news/ai-model-emphasizes-mass-accessibility-over-benchmark-scores-335b73a5/index.html[22m [2m(+281ms)[22m 
[2m12:31:45[22m   [34m├─[39m [2m/en/news/disneys-new-superhero-character-sparks-debate-on-representation-and-inclusion-8fa18fa1/index.html[22m [2m(+315ms)[22m 
[2m12:31:45[22m   [34m├─[39m [2m/en/news/missed-signs-of-disability-in-school-years-1cf250d0/index.html[22m [2m(+289ms)[22m 
[2m12:31:46[22m   [34m├─[39m [2m/en/news/jr-tokai-provides-wheelchair-boarding-assistance-for-visually-impaired-passenger-287db669/index.html[22m [2m(+300ms)[22m 
[2m12:31:46[22m   [34m├─[39m [2m/en/news/islamic-teachings-exempt-persons-with-mental-disabilities-from-certain-obligatio-90f78e46/index.html[22m [2m(+255ms)[22m 
[2m12:31:46[22m   [34m├─[39m [2m/en/news/personal-account-of-living-with-schizophrenia-and-hikikomori-in-japan-cc3b0424/index.html[22m [2m(+307ms)[22m 
[2m12:31:47[22m   [34m├─[39m [2m/en/news/report-shows-30-of-abusers-of-disabled-people-are-facility-staff-e0ad89a6/index.html[22m [2m(+308ms)[22m 
[2m12:31:47[22m   [34m├─[39m [2m/en/news/ada-not-liberal-fascism-disability-inclusion-debate-b5eed47d/index.html[22m [2m(+276ms)[22m 
[2m12:31:47[22m   [34m├─[39m [2m/en/news/society-should-prioritize-unlucky-ordinary-people-over-developmental-disability--b3e3d9b5/index.html[22m [2m(+293ms)[22m 
[2m12:31:48[22m   [34m├─[39m [2m/en/news/public-transport-accessibility-prioritized-over-ac-buses-90a9a01b/index.html[22m [2m(+266ms)[22m 
[2m12:31:48[22m   [34m├─[39m [2m/en/news/skeg-vegas-event-includes-accessibility-information-4cd2056f/index.html[22m [2m(+296ms)[22m 
[2m12:31:48[22m   [34m├─[39m [2m/en/news/tweet-calls-for-equal-legal-judgment-of-people-with-mental-disabilities-86b2d36f/index.html[22m [2m(+286ms)[22m 
[2m12:31:48[22m   [34m├─[39m [2m/en/news/person-with-mental-disability-expresses-selfstigma-a955a1ce/index.html[22m [2m(+284ms)[22m 
[2m12:31:49[22m   [34m├─[39m [2m/en/news/iaam-radio-site-praised-for-accessible-navigation-0654a8a5/index.html[22m [2m(+277ms)[22m 
[2m12:31:49[22m   [34m├─[39m [2m/en/news/disability-support-profitability-discussion-003c84f2/index.html[22m [2m(+294ms)[22m 
[2m12:31:49[22m   [34m├─[39m [2m/en/news/ydto-delivers-disability-awareness-programme-in-azerbaijan-711ca9c2/index.html[22m [2m(+298ms)[22m 
[2m12:31:50[22m   [34m├─[39m [2m/en/news/can-children-be-happy-if-a-parent-has-depression-6fe8b10b/index.html[22m [2m(+280ms)[22m 
[2m12:31:50[22m   [34m├─[39m [2m/en/news/adhdfocused-color-system-design-highlights-spotify-accessibility-issues-34b1cb90/index.html[22m [2m(+283ms)[22m 
[2m12:31:50[22m   [34m├─[39m [2m/en/news/geneva-airport-lacks-elevators-highlighting-accessibility-gaps-fd121200/index.html[22m [2m(+309ms)[22m 
[2m12:31:50[22m   [34m├─[39m [2m/en/news/oxford-american-wins-firecracker-award-for-inclusivity-and-accessibility-312efd80/index.html[22m [2m(+330ms)[22m 
[2m12:31:51[22m   [34m├─[39m [2m/en/news/intellectual-disability-referenced-in-political-support-poll-c3f9ea0e/index.html[22m [2m(+237ms)[22m 
[2m12:31:51[22m   [34m├─[39m [2m/en/news/ida-rhodes-pioneered-accessible-programming-for-disabled-students-6d50a6d7/index.html[22m [2m(+299ms)[22m 
[2m12:31:51[22m   [34m├─[39m [2m/en/news/user-comments-on-someone-being-too-disabled-79ca1a65/index.html[22m [2m(+312ms)[22m 
[2m12:31:52[22m   [34m├─[39m [2m/en/news/user-expresses-sadness-over-not-becoming-an-honorary-disabled-person-c45beca8/index.html[22m [2m(+270ms)[22m 
[2m12:31:52[22m   [34m├─[39m [2m/en/news/user-shares-frustration-about-feeling-inadequate-compared-to-other-disabled-peer-b139ef3b/index.html[22m [2m(+300ms)[22m 
[2m12:31:52[22m   [34m├─[39m [2m/en/news/distinction-between-acquired-and-congenital-disabilities-099f6030/index.html[22m [2m(+256ms)[22m 
[2m12:31:52[22m   [34m├─[39m [2m/en/news/tokyo-disability-table-tennis-championship-2024-results-announced-d7f74907/index.html[22m [2m(+306ms)[22m 
[2m12:31:53[22m   [34m├─[39m [2m/en/news/excitement-about-all-inclusive-initiatives-0979f372/index.html[22m [2m(+272ms)[22m 
[2m12:31:53[22m   [34m├─[39m [2m/en/news/user-states-they-do-not-discriminate-against-people-with-disabilities-6aa51ccf/index.html[22m [2m(+302ms)[22m 
[2m12:31:53[22m   [34m├─[39m [2m/en/news/tweet-condemns-sexual-abuse-disguised-as-disability-accommodation-b2164ca2/index.html[22m [2m(+283ms)[22m 
[2m12:31:54[22m   [34m├─[39m [2m/en/news/call-for-swift-issuance-of-disability-handbook-87ae9361/index.html[22m [2m(+259ms)[22m 
[2m12:31:54[22m   [34m├─[39m [2m/en/news/comment-on-finishing-work-for-visually-impaired-individuals-a06d8239/index.html[22m [2m(+267ms)[22m 
[2m12:31:54[22m   [34m├─[39m [2m/en/news/personal-account-of-living-with-unrecognized-disability-34cc2496/index.html[22m [2m(+337ms)[22m 
[2m12:31:54[22m   [34m├─[39m [2m/en/news/user-excited-after-tinder-match-reveals-developmental-disability-certificate-2e52a1ea/index.html[22m [2m(+307ms)[22m 
[2m12:31:55[22m   [34m├─[39m [2m/en/news/discussion-on-iq-and-intellectual-disability-in-modern-society-bd8d72e5/index.html[22m [2m(+281ms)[22m 
[2m12:31:55[22m   [34m├─[39m [2m/en/news/severe-disability-and-access-to-life-saving-care-8b854854/index.html[22m [2m(+276ms)[22m 
[2m12:31:55[22m   [34m├─[39m [2m/en/news/disabled-life-described-as-hell-3b9fabdd/index.html[22m [2m(+257ms)[22m 
[2m12:31:56[22m   [34m├─[39m [2m/en/news/mensa-compared-to-disability-f7038998/index.html[22m [2m(+270ms)[22m 
[2m12:31:56[22m   [34m├─[39m [2m/en/news/user-expresses-hateful-remarks-toward-disabled-people-over-poor-wi-fi-5e84c3dc/index.html[22m [2m(+289ms)[22m 
[2m12:31:56[22m   [34m├─[39m [2m/en/news/hotelqol-provides-universally-designed-lodging-for-surgery-patients-f86ecb7d/index.html[22m [2m(+255ms)[22m 
[2m12:31:56[22m   [34m├─[39m [2m/en/news/criticism-of-lyrics-mocking-disabled-people-9151a5c8/index.html[22m [2m(+297ms)[22m 
[2m12:31:57[22m   [34m├─[39m [2m/en/news/user-expresses-desire-for-disability-certificate-due-to-adhd-1d99ad25/index.html[22m [2m(+345ms)[22m 
[2m12:31:57[22m   [34m├─[39m [2m/en/news/discussion-about-misuse-of-disneys-disability-access-pass-682eb983/index.html[22m [2m(+308ms)[22m 
[2m12:31:57[22m   [34m├─[39m [2m/en/news/eugene-frontrunners-and-walkers-bring-pride-community-and-accessibility-to-exerc-40627d85/index.html[22m [2m(+269ms)[22m 
[2m12:31:58[22m   [34m├─[39m [2m/en/news/perception-of-disability-based-on-appearance-3a17d568/index.html[22m [2m(+286ms)[22m 
[2m12:31:58[22m   [34m├─[39m [2m/en/news/claims-of-persecution-against-foreign-disabled-lgbt-individuals-on-abema-15a01f05/index.html[22m [2m(+293ms)[22m 
[2m12:31:58[22m   [34m├─[39m [2m/en/news/anti-war-and-disability-discrimination-advocacy-tweet-ec77357c/index.html[22m [2m(+315ms)[22m 
[2m12:31:58[22m   [34m├─[39m [2m/en/news/concerns-over-easy-acquisition-of-help-mark-5f13172b/index.html[22m [2m(+273ms)[22m 
[2m12:31:59[22m   [34m├─[39m [2m/en/news/user-shares-experience-using-white-cane-after-vision-loss-2cad7a47/index.html[22m [2m(+296ms)[22m 
[2m12:31:59[22m   [34m├─[39m [2m/en/news/user-expresses-desire-to-marry-soon-and-quit-night-work-and-disability-related-a-cf4dd50b/index.html[22m [2m(+303ms)[22m 
[2m12:31:59[22m   [34m├─[39m [2m/en/news/user-insults-others-suggesting-they-may-be-disabled-7015364c/index.html[22m [2m(+312ms)[22m 
[2m12:32:00[22m   [34m├─[39m [2m/en/news/discussion-on-disability-certificate-necessity-in-japan-f5006fba/index.html[22m [2m(+283ms)[22m 
[2m12:32:00[22m   [34m├─[39m [2m/en/news/student-with-disability-faces-unfair-academic-retention-33470c6f/index.html[22m [2m(+273ms)[22m 
[2m12:32:00[22m   [34m├─[39m [2m/en/news/israel-launches-plan-to-improve-jewish-education-accessibility-for-students-with-d5abd28d/index.html[22m [2m(+297ms)[22m 
[2m12:32:00[22m   [34m├─[39m [2m/en/news/parents-of-students-with-disabilities-share-barriers-in-ontario-schools-at-virtu-e47c8405/index.html[22m [2m(+278ms)[22m 
[2m12:32:01[22m   [34m├─[39m [2m/en/news/accessible-kabuki-performance-with-subtitles-sign-language-and-audio-guide-f36ce0ac/index.html[22m [2m(+310ms)[22m 
[2m12:32:01[22m   [34m├─[39m [2m/en/news/discussion-of-disability-discrimination-in-online-content-a0d81366/index.html[22m [2m(+286ms)[22m 
[2m12:32:01[22m   [34m├─[39m [2m/en/news/y-for-all-inclusion-day-event-announcement-8ebf6e73/index.html[22m [2m(+266ms)[22m 
[2m12:32:02[22m   [34m├─[39m [2m/en/news/obsessive-compulsive-disorder-awareness-ec33b8c5/index.html[22m [2m(+262ms)[22m 
[2m12:32:02[22m   [34m├─[39m [2m/en/news/exploitation-of-disabled-persons-in-cult-related-fraud-scheme-8aef091d/index.html[22m [2m(+268ms)[22m 
[2m12:32:02[22m   [34m├─[39m [2m/en/news/survey-of-100-companies-reveals-reality-of-disability-employment-job-hunting-5ebdf066/index.html[22m [2m(+249ms)[22m 
[2m12:32:02[22m   [34m├─[39m [2m/en/news/concerns-over-fraud-in-disability-welfare-services-2a332f31/index.html[22m [2m(+289ms)[22m 
[2m12:32:03[22m   [34m├─[39m [2m/en/news/disabled-users-rely-on-social-media-for-self-expression-4a6ea4fe/index.html[22m [2m(+276ms)[22m 
[2m12:32:03[22m   [34m├─[39m [2m/en/news/record-mental-disability-job-applications-in-japan-4b9bc6d1/index.html[22m [2m(+270ms)[22m 
[2m12:32:03[22m   [34m├─[39m [2m/en/news/speed-listening-site-and-accessible-games-for-visually-impaired-users-988f3c58/index.html[22m [2m(+284ms)[22m 
[2m12:32:04[22m   [34m├─[39m [2m/en/news/balloon-show-held-at-disability-support-facility-in-kawagoe-48f85259/index.html[22m [2m(+275ms)[22m 
[2m12:32:04[22m   [34m├─[39m [2m/en/news/negative-opinion-about-disabled-people-expressed-452e4793/index.html[22m [2m(+272ms)[22m 
[2m12:32:04[22m   [34m├─[39m [2m/en/news/surprise-at-writing-skills-among-people-with-mental-disabilities-4128e5f9/index.html[22m [2m(+308ms)[22m 
[2m12:32:04[22m   [34m├─[39m [2m/en/news/warning-about-exploitation-of-disabled-persons-342cd68d/index.html[22m [2m(+266ms)[22m 
[2m12:32:05[22m   [34m├─[39m [2m/en/news/comment-on-disability-facility-image-8cfd30d9/index.html[22m [2m(+268ms)[22m 
[2m12:32:05[22m   [34m├─[39m [2m/en/news/questioning-the-meaning-of-love-in-personality-disorder-discourse-9b6987ea/index.html[22m [2m(+296ms)[22m 
[2m12:32:05[22m   [34m├─[39m [2m/en/news/japanese-user-discusses-help-mark-and-seat-courtesy-a23a1fdf/index.html[22m [2m(+284ms)[22m 
[2m12:32:06[22m   [34m├─[39m [2m/en/news/partner-demands-disability-certificate-not-be-obtained-calls-it-spoiled-27d81122/index.html[22m [2m(+239ms)[22m 
[2m12:32:06[22m   [34m├─[39m [2m/en/news/hateful-tweet-calls-for-death-of-elderly-disabled-and-welfare-recipients-7e391bbd/index.html[22m [2m(+295ms)[22m 
[2m12:32:06[22m   [34m├─[39m [2m/en/news/harassment-involving-disability-slur-reported-dd5f2451/index.html[22m [2m(+267ms)[22m 
[2m12:32:06[22m   [34m├─[39m [2m/en/news/otto-film-event-offers-barrier-free-subtitles-and-audio-guide-c7a95afa/index.html[22m [2m(+303ms)[22m 
[2m12:32:07[22m   [34m├─[39m [2m/en/news/barrier-free-concert-successfully-held-a9ad028d/index.html[22m [2m(+278ms)[22m 
[2m12:32:07[22m   [34m├─[39m [2m/en/news/critique-of-selective-disability-advocacy-cd5dcddf/index.html[22m [2m(+316ms)[22m 
[2m12:32:07[22m   [34m├─[39m [2m/en/news/offensive-remark-about-disability-and-reproduction-f183bb6f/index.html[22m [2m(+301ms)[22m 
[2m12:32:08[22m   [34m├─[39m [2m/en/news/request-to-avoid-disability-stigmatizing-language-29c10377/index.html[22m [2m(+259ms)[22m 
[2m12:32:08[22m   [34m├─[39m [2m/en/news/job-seeker-reviews-full-time-disability-employment-opportunities-3de15a5d/index.html[22m [2m(+257ms)[22m 
[2m12:32:08[22m   [34m├─[39m [2m/en/news/disability-social-participation-in-mongolia-featured-by-nhk-world-japan-82bb6b30/index.html[22m [2m(+266ms)[22m 
[2m12:32:08[22m   [34m├─[39m [2m/en/news/questioning-assumptions-about-disabled-workers-and-minimum-wage-7eef0133/index.html[22m [2m(+320ms)[22m 
[2m12:32:09[22m   [34m├─[39m [2m/en/news/praising-support-for-a-disabled-individual-as-high-social-contribution-91a62e51/index.html[22m [2m(+294ms)[22m 
[2m12:32:09[22m   [34m├─[39m [2m/en/news/criticizing-insufficient-support-for-disabled-families-despite-basic-living-guar-6495f7f9/index.html[22m [2m(+270ms)[22m 
[2m12:32:09[22m   [34m├─[39m [2m/en/news/parent-plans-music-events-with-special-needs-school-mothers-7079b2be/index.html[22m [2m(+297ms)[22m 
[2m12:32:09[22m   [34m├─[39m [2m/en/news/perkins-school-advocacy-highlights-importance-of-inclusion-and-connection-f6093cae/index.html[22m [2m(+289ms)[22m 
[2m12:32:10[22m   [34m├─[39m [2m/en/news/how-to-disable-cursor-animation-in-word-and-excel-for-accessibility-ec8a7900/index.html[22m [2m(+272ms)[22m 
[2m12:32:10[22m   [34m├─[39m [2m/en/news/barrierfree-concerns-on-tokyo-transit-routes-to-haneda-airport-6345321f/index.html[22m [2m(+283ms)[22m 
[2m12:32:10[22m   [34m├─[39m [2m/en/news/inclusion-in-home-schooling-and-education-resource-d2c23818/index.html[22m [2m(+299ms)[22m 
[2m12:32:11[22m   [34m├─[39m [2m/en/news/user-jokes-about-mistaking-cr7s-number-for-istiano-like-a11y-408930ed/index.html[22m [2m(+291ms)[22m 
[2m12:32:11[22m   [34m├─[39m [2m/en/news/discussion-on-wheelchair-use-and-barrierfree-home-features-0ee74f74/index.html[22m [2m(+275ms)[22m 
[2m12:32:11[22m   [34m├─[39m [2m/en/news/viewer-enjoys-barrier-free-version-of-osomatsu-san-bonus-audio-202907b3/index.html[22m [2m(+318ms)[22m 
[2m12:32:11[22m   [34m├─[39m [2m/en/news/inclusive-homeschooling-resources-shared-4950c463/index.html[22m [2m(+294ms)[22m 
[2m12:32:12[22m   [34m├─[39m [2m/en/news/inclusive-homeschooling-tips-highlighted-eeaf3294/index.html[22m [2m(+294ms)[22m 
[2m12:32:12[22m   [34m├─[39m [2m/en/news/sen-focused-homeschooling-guide-shared-817dd1f9/index.html[22m [2m(+328ms)[22m 
[2m12:32:12[22m   [34m├─[39m [2m/en/news/providing-accessible-tourism-18-national-forest-recreation-areas-in-taiwan-offer-50b242c6/index.html[22m [2m(+287ms)[22m 
[2m12:32:13[22m   [34m├─[39m [2m/en/news/accessible-forest-recreation-areas-18-national-forest-recreation-areas-in-taiwan-2a9553c4/index.html[22m [2m(+262ms)[22m 
[2m12:32:13[22m   [34m├─[39m [2m/en/news/accessible-forest-trails-in-taiwan-18-national-forest-recreation-areas-offer-whe-221b089f/index.html[22m [2m(+251ms)[22m 
[2m12:32:13[22m   [34m├─[39m [2m/en/news/how-hudson-valley-parks-are-becoming-more-accessible-to-all-83ebb4da/index.html[22m [2m(+288ms)[22m 
[2m12:32:14[22m   [34m├─[39m [2m/en/news/online-introductory-talk-on-accessibility-scheduled-d9612e27/index.html[22m [2m(+262ms)[22m 
[2m12:32:14[22m   [34m├─[39m [2m/en/news/frontend-dev-mcp-017-c0eeb628/index.html[22m [2m(+288ms)[22m 
[2m12:32:14[22m   [34m├─[39m [2m/en/news/frontend-dev-mcp-016-2ad44d5b/index.html[22m [2m(+312ms)[22m 
[2m12:32:14[22m   [34m├─[39m [2m/en/news/accessibility-checker-added-to-pypi-818492d2/index.html[22m [2m(+356ms)[22m 
[2m12:32:15[22m   [34m├─[39m [2m/en/news/accessibility-checker-001-bd532a0f/index.html[22m [2m(+286ms)[22m 
[2m12:32:15[22m   [34m├─[39m [2m/en/news/frontend-dev-mcp-015-88ba7115/index.html[22m [2m(+316ms)[22m 
[2m12:32:15[22m   [34m├─[39m [2m/en/news/frontend-dev-mcp-014-af3c8868/index.html[22m [2m(+288ms)[22m 
[2m12:32:16[22m   [34m├─[39m [2m/en/news/user-reflects-on-developmental-disability-and-self-perception-7439f84b/index.html[22m [2m(+297ms)[22m 
[2m12:32:16[22m   [34m├─[39m [2m/en/news/concerns-about-qr-code-payment-accessibility-for-elderly-and-transportation-vuln-f8658468/index.html[22m [2m(+281ms)[22m 
[2m12:32:16[22m   [34m├─[39m [2m/en/news/discussion-of-eugenic-protection-law-in-relation-to-disability-d65c4d38/index.html[22m [2m(+265ms)[22m 
[2m12:32:16[22m   [34m├─[39m [2m/en/news/lived-experience-research-group-meeting-covers-disability-and-mental-health-topi-e062ee99/index.html[22m [2m(+263ms)[22m 
[2m12:32:17[22m   [34m├─[39m [2m/en/news/discount-for-disabled-visitors-at-abeno-harukas-in-osaka-29fa33db/index.html[22m [2m(+316ms)[22m 
[2m12:32:17[22m   [34m├─[39m [2m/en/news/iphone-adds-vehicle-motion-cue-to-reduce-motion-sickness-in-cars-1a01fff1/index.html[22m [2m(+279ms)[22m 
[2m12:32:17[22m   [34m├─[39m [2m/en/news/concerns-over-disability-certificate-diagnosis-writing-d00008f3/index.html[22m [2m(+264ms)[22m 
[2m12:32:18[22m   [34m├─[39m [2m/en/news/living-with-schizophrenia-clarifying-misconceptions-b780e6b1/index.html[22m [2m(+307ms)[22m 
[2m12:32:18[22m   [34m├─[39m [2m/en/news/discussion-on-terminology-for-rejection-sensitivity-dysphoria-in-developmental-d-541f4a17/index.html[22m [2m(+294ms)[22m 
[2m12:32:18[22m   [34m├─[39m [2m/en/news/over-2500-disabled-users-reportedly-active-on-x-b38556da/index.html[22m [2m(+343ms)[22m 
[2m12:32:19[22m   [34m├─[39m [2m/en/news/complaint-about-passenger-with-mental-disability-in-green-car-9dc60d5b/index.html[22m [2m(+334ms)[22m 
[2m12:32:19[22m   [34m├─[39m [2m/en/news/parent-requests-resources-for-learning-and-developmental-disabilities-5a16a9f2/index.html[22m [2m(+302ms)[22m 
[2m12:32:19[22m   [34m├─[39m [2m/en/news/user-questions-if-mikus-hairpin-resembles-hearing-disability-symbol-6f5f9c10/index.html[22m [2m(+305ms)[22m 
[2m12:32:19[22m   [34m├─[39m [2m/en/news/ugc-guidelines-promote-inclusive-higher-education-for-students-with-disabilities-028b1456/index.html[22m [2m(+300ms)[22m 
[2m12:32:20[22m   [34m├─[39m [2m/en/news/warning-about-resurgence-of-eugenics-ideology-targeting-disabled-people-02094310/index.html[22m [2m(+297ms)[22m 
[2m12:32:20[22m   [34m├─[39m [2m/en/news/warning-of-resurgent-eugenic-ideology-targeting-disabled-people-in-japan-55d1a411/index.html[22m [2m(+263ms)[22m 
[2m12:32:20[22m   [34m├─[39m [2m/en/news/yodobashi-9f-toilet-shortage-raises-barrier-free-concerns-001e5a6f/index.html[22m [2m(+322ms)[22m 
[2m12:32:21[22m   [34m├─[39m [2m/en/news/work-examines-nazi-persecution-of-disabled-people-b3875f00/index.html[22m [2m(+283ms)[22m 
[2m12:32:21[22m   [34m├─[39m [2m/en/news/reference-to-japans-past-eugenics-law-targeting-disabled-people-08bdf794/index.html[22m [2m(+262ms)[22m 
[2m12:32:21[22m   [34m├─[39m [2m/en/news/record-high-mental-disability-certificate-holders-and-job-applications-in-japan-2d441208/index.html[22m [2m(+270ms)[22m 
[2m12:32:21[22m   [34m├─[39m [2m/en/news/group-home-resident-describes-awkwardness-of-attending-same-workshop-d3b58630/index.html[22m [2m(+264ms)[22m 
[2m12:32:22[22m   [34m├─[39m [2m/en/news/mental-disability-streamer-shares-disability-handbook-level-2-e4091ccc/index.html[22m [2m(+281ms)[22m 
[2m12:32:22[22m   [34m├─[39m [2m/en/news/discussion-on-support-needs-for-developmental-disability-focusing-on-behavior-4100d197/index.html[22m [2m(+258ms)[22m 
[2m12:32:22[22m   [34m├─[39m [2m/en/news/warning-about-resurgence-of-eugenics-ideology-targeting-disabled-people-22e7380b/index.html[22m [2m(+324ms)[22m 
[2m12:32:23[22m   [34m├─[39m [2m/en/news/criticism-of-birth-by-severe-disability-couple-sparks-debate-4fa6bcd3/index.html[22m [2m(+294ms)[22m 
[2m12:32:23[22m   [34m├─[39m [2m/en/news/resurgence-of-eugenic-ideology-threatens-disability-rights-in-japan-da75fcc4/index.html[22m [2m(+299ms)[22m 
[2m12:32:23[22m   [34m├─[39m [2m/en/news/critique-of-invisible-buttons-for-visually-impaired-users-f70a22c6/index.html[22m [2m(+277ms)[22m 
[2m12:32:23[22m   [34m├─[39m [2m/en/news/autism-advocate-emphasizes-neurodiversity-over-fear-b887c87f/index.html[22m [2m(+280ms)[22m 
[2m12:32:24[22m   [34m├─[39m [2m/en/news/gamer-plans-ps4-vs-ps5-comparison-focused-on-accessibility-de51c246/index.html[22m [2m(+291ms)[22m 
[2m12:32:24[22m   [34m├─[39m [2m/en/news/disabled-user-calls-out-employers-for-ignoring-care-needs-6577b285/index.html[22m [2m(+307ms)[22m 
[2m12:32:24[22m   [34m├─[39m [2m/en/news/warning-of-revival-of-eugenic-thought-targeting-disabled-people-5ee79c34/index.html[22m [2m(+281ms)[22m 
[2m12:32:25[22m   [34m├─[39m [2m/en/news/new-dfe-decoded-articles-highlight-inclusion-and-school-leadership-challenges-b27d71e7/index.html[22m [2m(+268ms)[22m 
[2m12:32:25[22m   [34m├─[39m [2m/en/news/disability-handbook-holders-eligible-for-halfprice-aquarium-tickets-in-ikebukuro-4f77bf6e/index.html[22m [2m(+259ms)[22m 
[2m12:32:25[22m   [34m├─[39m [2m/en/news/call-to-end-all-discrimination-for-an-inclusive-society-0718e354/index.html[22m [2m(+260ms)[22m 
[2m12:32:25[22m   [34m├─[39m [2m/en/news/barrier-free-limits-in-buses-and-taxis-vs-trains-f0d38d8c/index.html[22m [2m(+273ms)[22m 
[2m12:32:26[22m   [34m├─[39m [2m/en/news/club-mahindra-resorts-lack-wheelchair-accessibility-233d56af/index.html[22m [2m(+264ms)[22m 
[2m12:32:26[22m   [34m├─[39m [2m/en/news/discussion-on-disability-and-prenatal-testing-in-japan-8fc5377f/index.html[22m [2m(+266ms)[22m 
[2m12:32:26[22m   [34m├─[39m [2m/en/news/japanese-station-highlights-barrierfree-access-challenges-a5e594c3/index.html[22m [2m(+259ms)[22m 
[2m12:32:26[22m   [34m├─[39m [2m/en/news/rnib-urges-accessibility-in-self-driving-ridehail-services-e99112e7/index.html[22m [2m(+277ms)[22m 
[2m12:32:27[22m   [34m├─[39m [2m/en/news/barrier-free-and-universal-design-highlighted-in-discussion-of-father-only-house-1666932e/index.html[22m [2m(+257ms)[22m 
[2m12:32:27[22m   [34m├─[39m [2m/en/news/family-aims-to-make-home-barrier-free-and-teach-father-simple-smartphone-use-c4b80ea3/index.html[22m [2m(+295ms)[22m 
[2m12:32:27[22m   [34m├─[39m [2m/en/news/rise-in-mental-disability-handbook-holders-and-employment-figures-reported-c5af8aa8/index.html[22m [2m(+365ms)[22m 
[2m12:32:28[22m   [34m├─[39m [2m/en/news/book-helps-readers-understand-dissociative-disorder-19fc7c03/index.html[22m [2m(+303ms)[22m 
[2m12:32:28[22m   [34m├─[39m [2m/en/news/question-about-disability-in-recruitment-context-aa11f9d7/index.html[22m [2m(+257ms)[22m 
[2m12:32:28[22m   [34m├─[39m [2m/en/news/concern-over-entitled-behavior-affecting-disability-community-fa59f2db/index.html[22m [2m(+252ms)[22m 
[2m12:32:28[22m   [34m├─[39m [2m/en/news/discussion-on-aba-techniques-and-restraint-use-in-disability-dentistry-01f76c40/index.html[22m [2m(+281ms)[22m 
[2m12:32:29[22m   [34m├─[39m [2m/en/news/comment-on-disabled-person-4c255c6c/index.html[22m [2m(+285ms)[22m 
[2m12:32:29[22m   [34m├─[39m [2m/en/news/poor-accessibility-criticized-da22d308/index.html[22m [2m(+286ms)[22m 
[2m12:32:29[22m   [34m├─[39m [2m/en/news/urban-development-emphasizes-accessibility-in-vibrant-living-destinations-0a6ffe60/index.html[22m [2m(+234ms)[22m 
[2m12:32:30[22m   [34m├─[39m [2m/en/news/firefox-153-beta-brings-accessibility-improvements-alongside-security-fixes-8fae96a9/index.html[22m [2m(+287ms)[22m 
[2m12:32:30[22m   [34m├─[39m [2m/en/news/quality-of-daily-life-drives-urban-living-shift-citing-better-accessibility-bfdf1d56/index.html[22m [2m(+312ms)[22m 
[2m12:32:30[22m   [34m├─[39m [2m/en/news/accessibility-as-the-next-frontier-of-web3-310fa70b/index.html[22m [2m(+303ms)[22m 
[2m12:32:30[22m   [34m├─[39m [2m/en/news/barrier-free-improvements-prioritized-over-aesthetics-e29f9aa5/index.html[22m [2m(+318ms)[22m 
[2m12:32:31[22m   [34m├─[39m [2m/en/news/accessible-urban-spaces-reduce-daily-friction-in-bengaluru-9577bbca/index.html[22m [2m(+320ms)[22m 
[2m12:32:31[22m   [34m├─[39m [2m/en/news/video-description-provides-visual-details-for-accessibility-49bcaa37/index.html[22m [2m(+296ms)[22m 
[2m12:32:31[22m   [34m├─[39m [2m/en/news/video-description-provides-visual-details-for-accessibility-f6f25057/index.html[22m [2m(+272ms)[22m 
[2m12:32:32[22m   [34m├─[39m [2m/en/news/japanese-group-discusses-barrier-free-efforts-714379ba/index.html[22m [2m(+294ms)[22m 
[2m12:32:32[22m   [34m├─[39m [2m/en/news/video-description-highlights-accessibility-in-visual-art-post-dc0ba3f7/index.html[22m [2m(+284ms)[22m 
[2m12:32:32[22m   [34m├─[39m [2m/en/news/dark-mode-framed-as-an-accessibility-feature-8ba48e91/index.html[22m [2m(+332ms)[22m 
[2m12:32:33[22m   [34m├─[39m [2m/en/news/video-description-highlights-accessibility-in-visual-art-db23429c/index.html[22m [2m(+300ms)[22m 
[2m12:32:33[22m   [34m├─[39m [2m/en/news/phd-scholarship-on-digital-inclusion-for-lgbtqa-people-with-intellectual-disabil-e07c3b55/index.html[22m [2m(+276ms)[22m 
[2m12:32:33[22m   [34m├─[39m [2m/en/news/barrierfree-critique-of-distribution-center-entrance-6042061a/index.html[22m [2m(+262ms)[22m 
[2m12:32:33[22m   [34m├─[39m [2m/en/news/kabuki-performance-offers-accessibility-version-with-subtitles-sign-language-and-428fd213/index.html[22m [2m(+279ms)[22m 
[2m12:32:34[22m   [34m├─[39m [2m/en/news/video-description-enhances-accessibility-of-visual-art-dbeee0c5/index.html[22m [2m(+287ms)[22m 
[2m12:32:34[22m   [34m├─[39m [2m/en/news/chennai-master-plan-emphasizes-universal-accessibility-3af457ac/index.html[22m [2m(+307ms)[22m 
[2m12:32:34[22m   [34m├─[39m [2m/en/news/school-reading-list-optimizes-website-for-accessibility-0399b227/index.html[22m [2m(+283ms)[22m 
[2m12:32:35[22m   [34m├─[39m [2m/en/news/video-description-enhances-accessibility-of-visual-art-93176b1a/index.html[22m [2m(+417ms)[22m 
[2m12:32:35[22m   [34m├─[39m [2m/en/news/debate-over-open-source-ai-and-accessibility-368b5457/index.html[22m [2m(+400ms)[22m 
[2m12:32:35[22m   [34m├─[39m [2m/en/news/european-accessibility-act-enters-force-c8bafb52/index.html[22m [2m(+292ms)[22m 
[2m12:32:36[22m   [34m├─[39m [2m/en/news/director-peng-jia-ru-and-ruzhu-childrens-home-artists-joint-calligraphy-and-pain-6152922c/index.html[22m [2m(+285ms)[22m 
[2m12:32:36[22m   [34m├─[39m [2m/en/news/from-leaky-old-house-to-safe-home-tainan-volunteer-repair-team-protects-disadvan-5b1c05f3/index.html[22m [2m(+285ms)[22m 
[2m12:32:36[22m   [34m├─[39m [2m/en/news/a11y-tokyo-meetup-attendee-recalls-regular-participation-in-accessibility-events-b2870bad/index.html[22m [2m(+272ms)[22m 
[2m12:32:37[22m   [34m├─[39m [2m/en/news/accessibility-conference-okinawa-concludes-successfully-d3754ec8/index.html[22m [2m(+291ms)[22m 
[2m12:32:37[22m   [34m├─[39m [2m/en/news/21-ping-new-home-designed-as-modern-light-luxury-retirement-residence-arched-cei-fe9b684a/index.html[22m [2m(+307ms)[22m 
[2m12:32:37[22m   [34m├─[39m [2m/en/news/promoting-inclusion-and-belonging-4d4a4dd1/index.html[22m [2m(+267ms)[22m 
[2m12:32:37[22m   [34m├─[39m [2m/en/news/disabilitys-impact-on-dignity-and-societal-well-being-e6fe9a7b/index.html[22m [2m(+278ms)[22m 
[2m12:32:38[22m   [34m├─[39m [2m/en/news/kansai-visually-impaired-go-tournament-announced-for-august-2026-485f2bf7/index.html[22m [2m(+252ms)[22m 
[2m12:32:38[22m   [34m├─[39m [2m/en/news/derogatory-comment-about-disabled-people-posted-on-social-media-a8465940/index.html[22m [2m(+266ms)[22m 
[2m12:32:38[22m   [34m├─[39m [2m/en/news/unesco-japan-promotes-community-activities-to-support-hikikomori-and-disability--c7ebbd04/index.html[22m [2m(+309ms)[22m 
[2m12:32:38[22m   [34m├─[39m [2m/en/news/call-for-accessible-gaming-for-people-with-disabilities-6b4ce218/index.html[22m [2m(+289ms)[22m 
[2m12:32:39[22m   [34m├─[39m [2m/en/news/rise-in-mental-health-conditions-among-general-workforce-reported-in-japan-7a2dc527/index.html[22m [2m(+272ms)[22m 
[2m12:32:39[22m   [34m├─[39m [2m/en/news/finding-housing-for-parents-with-physical-disabilities-while-receiving-welfare-648763d9/index.html[22m [2m(+248ms)[22m 
[2m12:32:39[22m   [34m├─[39m [2m/en/news/promoting-inclusion-to-ensure-every-voice-is-heard-c7cf4a21/index.html[22m [2m(+261ms)[22m 
[2m12:32:40[22m   [34m├─[39m [2m/en/news/encouraging-inclusion-by-inviting-everyone-to-contribute-6ec0e91e/index.html[22m [2m(+293ms)[22m 
[2m12:32:40[22m   [34m├─[39m [2m/en/news/trump-allegedly-exposes-plan-to-confine-disabled-people-in-facilities-93487de8/index.html[22m [2m(+223ms)[22m 
[2m12:32:40[22m   [34m├─[39m [2m/en/news/inclusion-promotes-belonging-for-all-a3a39021/index.html[22m [2m(+254ms)[22m 
[2m12:32:40[22m   [34m├─[39m [2m/en/news/sumida-ward-seeks-disastertime-lodging-for-elderly-and-disabled-via-airbnb-partn-a89d4fc4/index.html[22m [2m(+258ms)[22m 
[2m12:32:41[22m   [34m├─[39m [2m/en/news/disability-brand-cocoriti-releases-tortoiseshell-pattern-heart-hair-tie-86066476/index.html[22m [2m(+317ms)[22m 
[2m12:32:41[22m   [34m├─[39m [2m/en/news/family-describes-coping-with-disability-after-loss-lacking-reliance-on-religion-160a37fb/index.html[22m [2m(+293ms)[22m 
[2m12:32:41[22m   [34m├─[39m [2m/en/news/disabled-person-challenges-notion-that-disabled-shouldnt-exist-d494f51a/index.html[22m [2m(+315ms)[22m 
[2m12:32:42[22m   [34m├─[39m [2m/en/news/mental-health-advocate-highlights-transport-barriers-for-disabled-in-rural-areas-0ef61d0d/index.html[22m [2m(+300ms)[22m 
[2m12:32:42[22m   [34m├─[39m [2m/en/news/call-for-disability-inclusion-and-barrier-removal-5c7e6721/index.html[22m [2m(+258ms)[22m 
[2m12:32:42[22m   [34m├─[39m [2m/en/news/viewer-refuses-to-watch-drama-after-alleged-disability-insult-48c0df1b/index.html[22m [2m(+291ms)[22m 
[2m12:32:42[22m   [34m├─[39m [2m/en/news/advocating-for-inclusive-spaces-where-all-voices-are-heard-98a18604/index.html[22m [2m(+296ms)[22m 
[2m12:32:43[22m   [34m├─[39m [2m/en/news/promoting-inclusive-workplaces-valuing-all-abilities-e292bff6/index.html[22m [2m(+261ms)[22m 
[2m12:32:43[22m   [34m├─[39m [2m/en/news/physically-disabled-person-describes-bumping-into-others-while-walking-564cbe4e/index.html[22m [2m(+347ms)[22m 
[2m12:32:43[22m   [34m├─[39m [2m/en/news/user-expresses-stress-from-being-disabled-d58a1efc/index.html[22m [2m(+308ms)[22m 
[2m12:32:44[22m   [34m├─[39m [2m/en/news/discussion-on-whether-couples-with-severe-disabilities-should-have-children-e4dc2bd6/index.html[22m [2m(+277ms)[22m 
[2m12:32:44[22m   [34m├─[39m [2m/en/news/request-for-github-mobile-app-accessibility-improvements-53f37763/index.html[22m [2m(+311ms)[22m 
[2m12:32:44[22m   [34m├─[39m [2m/en/news/reflecting-on-disability-handbook-at-osaka-planetarium-0b8ce896/index.html[22m [2m(+262ms)[22m 
[2m12:32:44[22m   [34m├─[39m [2m/en/news/finding-disability-friendly-apartments-in-okayama-for-hospital-discharge-3083b4fd/index.html[22m [2m(+242ms)[22m 
[2m12:32:45[22m   [34m├─[39m [2m/en/news/ball-sports-criticized-as-harmful-for-people-with-developmental-disabilities-06f08ece/index.html[22m [2m(+280ms)[22m 
[2m12:32:45[22m   [34m├─[39m [2m/en/news/inclusion-is-the-floor-empowerment-is-the-ceiling-a3c60752/index.html[22m [2m(+301ms)[22m 
[2m12:32:45[22m   [34m├─[39m [2m/en/news/how-to-request-a-move-while-receiving-disability-welfare-in-okayama-city-9153d050/index.html[22m [2m(+305ms)[22m 
[2m12:32:46[22m   [34m├─[39m [2m/en/news/victim-claims-long-term-radiation-attack-causing-disabilities-24d25790/index.html[22m [2m(+333ms)[22m 
[2m12:32:46[22m   [34m├─[39m [2m/en/news/accessible-kabuki-performance-of-shinchu-ten-no-amijima-f8cce8b9/index.html[22m [2m(+321ms)[22m 
[2m12:32:46[22m   [34m├─[39m [2m/en/news/former-staff-member-of-sagamihara-disability-facility-seeks-retrial-after-mass-k-06910578/index.html[22m [2m(+267ms)[22m 
[2m12:32:46[22m   [34m├─[39m [2m/en/news/call-for-inclusive-world-where-no-one-feels-like-an-afterthought-e940f07a/index.html[22m [2m(+223ms)[22m 
[2m12:32:47[22m   [34m├─[39m [2m/en/news/advocacy-for-making-space-for-everyones-story-4d003c85/index.html[22m [2m(+212ms)[22m 
[2m12:32:47[22m   [34m├─[39m [2m/en/news/developmental-disabilities-often-foster-peer-connections-5ceda8b9/index.html[22m [2m(+306ms)[22m 
[2m12:32:47[22m   [34m├─[39m [2m/en/news/beheard-inclusion-promotes-inclusive-design-7f92ec43/index.html[22m [2m(+290ms)[22m 
[2m12:32:48[22m   [34m├─[39m [2m/en/news/challenges-of-full-time-employment-amid-ai-automation-and-disability-hiring-poli-06503eb8/index.html[22m [2m(+313ms)[22m 
[2m12:32:48[22m   [34m├─[39m [2m/en/news/visually-impaired-advocates-achieve-platform-screen-door-installation-after-30-y-3cb9c9cf/index.html[22m [2m(+350ms)[22m 
[2m12:32:48[22m   [34m├─[39m [2m/en/news/disability-inclusion-empowerment-call-0ee60296/index.html[22m [2m(+258ms)[22m 
[2m12:32:48[22m   [34m├─[39m [2m/en/news/advocacy-for-sign-language-interpreter-funding-and-services-a16d855d/index.html[22m [2m(+308ms)[22m 
[2m12:32:49[22m   [34m├─[39m [2m/en/news/anella-group-expands-disability-employment-support-via-animal-cafes-f462a18f/index.html[22m [2m(+296ms)[22m 
[2m12:32:49[22m   [34m├─[39m [2m/en/news/disability-employment-facility-in-tochigi-city-announces-day-off-c7c3e91e/index.html[22m [2m(+250ms)[22m 
[2m12:32:49[22m   [34m├─[39m [2m/en/news/nagoya-subway-completes-platform-screen-doors-at-85-stations-for-visually-impair-f43aeb20/index.html[22m [2m(+276ms)[22m 
[2m12:32:50[22m   [34m├─[39m [2m/en/news/people-with-disabilities-can-compete-equally-or-live-authentically-9b1fdaeb/index.html[22m [2m(+288ms)[22m 
[2m12:32:50[22m   [34m├─[39m [2m/en/news/call-for-barrierfree-roads-to-ensure-pedestrian-safety-2f106295/index.html[22m [2m(+284ms)[22m 
[2m12:32:50[22m   [34m├─[39m [2m/en/news/promoting-inclusive-spaces-for-all-dbec3cf6/index.html[22m [2m(+291ms)[22m 
[2m12:32:50[22m   [34m├─[39m [2m/en/news/day-3-of-hospital-life-for-a-person-with-psychosocial-disability-30db3790/index.html[22m [2m(+301ms)[22m 
[2m12:32:51[22m   [34m├─[39m [2m/en/news/disability-employment-new-phase-team-support-in-the-workplace-d70250b8/index.html[22m [2m(+299ms)[22m 
[2m12:32:51[22m   [34m├─[39m [2m/en/news/disability-inclusion-and-equal-access-077cb1d0/index.html[22m [2m(+300ms)[22m 
[2m12:32:51[22m   [34m├─[39m [2m/en/news/criticism-of-japans-barrier-free-law-sparks-discussion-363f2d9f/index.html[22m [2m(+264ms)[22m 
[2m12:32:52[22m   [34m├─[39m [2m/en/news/social-media-debate-over-disability-related-posts-8dbc3638/index.html[22m [2m(+272ms)[22m 
[2m12:32:52[22m   [34m├─[39m [2m/en/news/guide-to-renting-housing-for-people-with-physical-disabilities-in-okayama-4437ea95/index.html[22m [2m(+255ms)[22m 
[2m12:32:52[22m   [34m├─[39m [2m/en/news/disability-welfare-services-at-risk-of-termination-at-age-65-96504086/index.html[22m [2m(+273ms)[22m 
[2m12:32:52[22m   [34m├─[39m [2m/en/news/reference-to-a-person-with-mental-disability-6b8f8e26/index.html[22m [2m(+289ms)[22m 
[2m12:32:53[22m   [34m├─[39m [2m/en/news/concerns-over-inadequate-dental-care-for-patients-with-disabilities-c681b964/index.html[22m [2m(+339ms)[22m 
[2m12:32:53[22m   [34m├─[39m [2m/en/news/criticism-of-dissolving-canadas-disability-equality-and-inclusion-ministry-4df0209c/index.html[22m [2m(+286ms)[22m 
[2m12:32:53[22m   [34m├─[39m [2m/en/news/library-launches-apple-shelf-for-children-with-special-needs-48730131/index.html[22m [2m(+269ms)[22m 
[2m12:32:54[22m   [34m├─[39m [2m/en/news/advocate-argues-welfare-essential-for-disabled-children-despite-extremist-opinio-f25c9a6b/index.html[22m [2m(+276ms)[22m 
[2m12:32:54[22m   [34m├─[39m [2m/en/news/tokyo-adopts-funcap-for-mecfs-disability-certification-37dd521f/index.html[22m [2m(+307ms)[22m 
[2m12:32:54[22m   [34m├─[39m [2m/en/news/microsoft-tests-screen-tint-accessibility-feature-in-windows-11-72e1e4ec/index.html[22m [2m(+297ms)[22m 
[2m12:32:54[22m   [34m├─[39m [2m/en/news/economic-policies-impact-elderly-disabled-persons-in-japan-3d641498/index.html[22m [2m(+265ms)[22m 
[2m12:32:55[22m   [34m├─[39m [2m/en/news/discussion-on-being-loved-within-disability-community-and-human-rights-6b5c63d4/index.html[22m [2m(+265ms)[22m 
[2m12:32:55[22m   [34m├─[39m [2m/en/news/questioning-living-abilities-of-people-with-disabilities-c17bd5b1/index.html[22m [2m(+291ms)[22m 
[2m12:32:55[22m   [34m├─[39m [2m/en/news/elite-disabled-person-notes-inherent-inability-to-work-afd0056d/index.html[22m [2m(+271ms)[22m 
[2m12:32:56[22m   [34m├─[39m [2m/en/news/discussion-of-narcissistic-personality-disorder-as-a-defense-mechanism-74bc6468/index.html[22m [2m(+279ms)[22m 
[2m12:32:56[22m   [34m├─[39m [2m/en/news/launch-of-treasures-an-accessible-stock-platform-e131d775/index.html[22m [2m(+252ms)[22m 
[2m12:32:56[22m   [34m├─[39m [2m/en/news/accessibility-statement-generator-integrated-into-scan-report-a483313c/index.html[22m [2m(+333ms)[22m 
[2m12:32:56[22m   [34m├─[39m [2m/en/news/web3-project-prioritizes-accessibility-and-participation-1bdc0567/index.html[22m [2m(+282ms)[22m 
[2m12:32:57[22m   [34m├─[39m [2m/en/news/person-with-disability-calls-out-unwanted-attention-in-host-venues-d20c32ed/index.html[22m [2m(+289ms)[22m 
[2m12:32:57[22m   [34m├─[39m [2m/en/news/mitchell-city-launches-inclusive-playground-for-children-with-diverse-abilities-8dcc115c/index.html[22m [2m(+261ms)[22m 
[2m12:32:57[22m   [34m├─[39m [2m/en/news/disability-pension-clarified-as-livelihood-support-7c8660c9/index.html[22m [2m(+285ms)[22m 
[2m12:32:58[22m   [34m├─[39m [2m/en/news/disabled-person-criticizes-bragging-about-disability-pensions-fda14ba4/index.html[22m [2m(+269ms)[22m 
[2m12:32:58[22m   [34m├─[39m [2m/en/news/disability-handbook-provides-inheritance-tax-relief-ce222d94/index.html[22m [2m(+308ms)[22m 
[2m12:32:58[22m   [34m├─[39m [2m/en/news/barrier-free-documentary-features-ud-cast-app-for-audio-accessibility-a5cb85ea/index.html[22m [2m(+282ms)[22m 
[2m12:32:58[22m   [34m├─[39m [2m/en/news/policy-changes-leave-elderly-and-disabled-without-relief-e16dd062/index.html[22m [2m(+301ms)[22m 
[2m12:32:59[22m   [34m├─[39m [2m/en/news/google-photos-has-an-accessibility-problem-but-a-fix-is-finally-on-the-way-aa14bfa2/index.html[22m [2m(+289ms)[22m 
[2m12:32:59[22m   [34m├─[39m [2m/en/news/kindle-lacks-accessibility-features-for-visually-impaired-user-4ea0e7bc/index.html[22m [2m(+276ms)[22m 
[2m12:32:59[22m   [34m├─[39m [2m/en/news/inclusive-yoga-day-celebration-supports-special-needs-community-b5b8e1b3/index.html[22m [2m(+280ms)[22m 
[2m12:33:00[22m   [34m├─[39m [2m/en/news/kenya-institute-of-special-education-wins-inclusive-education-award-7e5533a9/index.html[22m [2m(+308ms)[22m 
[2m12:33:00[22m   [34m├─[39m [2m/en/news/tweet-claims-disabled-people-have-strong-sexual-desire-a06b186e/index.html[22m [2m(+258ms)[22m 
[2m12:33:00[22m   [34m├─[39m [2m/en/news/support-based-on-need-not-disability-label-de42c8c9/index.html[22m [2m(+323ms)[22m 
[2m12:33:00[22m   [34m├─[39m [2m/en/news/echonav-seeks-feedback-from-blind-and-low-vision-users-on-navigation-obstacles-b098dcd7/index.html[22m [2m(+302ms)[22m 
[2m12:33:01[22m   [34m├─[39m [2m/en/news/venue-lacks-adequate-seating-for-attendees-with-mobility-challenges-86e5f1fd/index.html[22m [2m(+255ms)[22m 
[2m12:33:01[22m   [34m├─[39m [2m/en/news/personal-reflection-on-disability-and-family-caregiving-f7424af0/index.html[22m [2m(+234ms)[22m 
[2m12:33:01[22m   [34m├─[39m [2m/en/news/meru-teachers-with-disabilities-form-association-for-inclusion-5fb41aa0/index.html[22m [2m(+275ms)[22m 
[2m12:33:01[22m   [34m├─[39m [2m/en/news/call-for-gta-6-accessibility-features-ahead-of-release-9580ae99/index.html[22m [2m(+276ms)[22m 
[2m12:33:02[22m   [34m├─[39m [2m/en/news/user-expresses-frustration-over-inability-to-feel-superior-to-disabled-people-88149445/index.html[22m [2m(+286ms)[22m 
[2m12:33:02[22m   [34m├─[39m [2m/en/news/user-recommends-welfare-benefits-for-young-people-with-mental-disabilities-c93d1e23/index.html[22m [2m(+305ms)[22m 
[2m12:33:02[22m   [34m├─[39m [2m/en/news/commitment-to-building-an-inclusive-society-for-all-d21753cb/index.html[22m [2m(+313ms)[22m 
[2m12:33:03[22m   [34m├─[39m [2m/en/news/tweet-advocates-elimination-of-disabled-people-to-eradicate-disability-genes-34fe20f8/index.html[22m [2m(+278ms)[22m 
[2m12:33:03[22m   [34m├─[39m [2m/en/news/user-jokes-about-being-too-disabled-to-attend-a-bath-camp-09deb6fa/index.html[22m [2m(+304ms)[22m 
[2m12:33:03[22m   [34m├─[39m [2m/en/news/worker-recounts-being-sent-to-disability-day-service-training-where-staff-bullie-3907377e/index.html[22m [2m(+338ms)[22m 
[2m12:33:04[22m   [34m├─[39m [2m/en/news/japan-debates-eugenics-protection-law-and-disability-care-burden-52a81d34/index.html[22m [2m(+351ms)[22m 
[2m12:33:04[22m   [34m├─[39m [2m/en/news/claim-that-all-karaoke-users-are-disabled-ad6c5cc3/index.html[22m [2m(+299ms)[22m 
[2m12:33:04[22m   [34m├─[39m [2m/en/news/user-posts-derogatory-remark-about-intellectually-disabled-people-a4be73e1/index.html[22m [2m(+247ms)[22m 
[2m12:33:04[22m   [34m├─[39m [2m/en/news/discussion-links-asd-adhd-and-borderline-intelligence-to-disability-9513a502/index.html[22m [2m(+256ms)[22m 
[2m12:33:05[22m   [34m├─[39m [2m/en/news/concerns-over-disability-welfare-amid-proposed-medical-cost-changes-in-japan-27f7d297/index.html[22m [2m(+282ms)[22m 
[2m12:33:05[22m   [34m├─[39m [2m/en/news/event-aims-to-reduce-loneliness-for-people-with-mental-disabilities-a3a2b79e/index.html[22m [2m(+296ms)[22m 
[2m12:33:05[22m   [34m├─[39m [2m/en/news/claim-linking-gaming-skill-to-disability-sparks-debate-c6d2ef77/index.html[22m [2m(+306ms)[22m 
[2m12:33:06[22m   [34m├─[39m [2m/en/news/disabled-individual-chooses-to-remain-single-5d838c71/index.html[22m [2m(+274ms)[22m 
[2m12:33:06[22m   [34m├─[39m [2m/en/news/call-to-revive-eugenic-protection-law-and-sterilization-27664dac/index.html[22m [2m(+309ms)[22m 
[2m12:33:06[22m   [34m├─[39m [2m/en/news/debate-over-disabled-people-having-children-f7558876/index.html[22m [2m(+344ms)[22m 
[2m12:33:07[22m   [34m├─[39m [2m/en/news/user-seeks-support-to-counter-negative-disability-label-cbd33ccb/index.html[22m [2m(+340ms)[22m 
[2m12:33:07[22m   [34m├─[39m [2m/en/news/disability-support-provider-files-for-bankruptcy-after-fraudulent-benefit-claims-d92ba8ba/index.html[22m [2m(+292ms)[22m 
[2m12:33:07[22m   [34m├─[39m [2m/en/news/user-condemns-stage-design-as-offensive-to-disabled-people-0f0d8026/index.html[22m [2m(+300ms)[22m 
[2m12:33:07[22m   [34m├─[39m [2m/en/news/individual-shares-experience-of-social-isolation-with-level-2-mental-disability-4d0f5040/index.html[22m [2m(+270ms)[22m 
[2m12:33:08[22m   [34m├─[39m [2m/en/news/mocking-comment-about-disability-and-sperm-age-0cef23ea/index.html[22m [2m(+318ms)[22m 
[2m12:33:08[22m   [34m├─[39m [2m/en/news/fiscal-policy-discussion-references-disability-discount-f449d434/index.html[22m [2m(+317ms)[22m 
[2m12:33:08[22m   [34m├─[39m [2m/en/news/discussion-on-eugenics-targeting-disabled-people-6f4ba7dc/index.html[22m [2m(+261ms)[22m 
[2m12:33:09[22m   [34m├─[39m [2m/en/news/doctor-questions-support-for-developmental-disabilities-amid-welfare-criticism-d243cc0c/index.html[22m [2m(+321ms)[22m 
[2m12:33:09[22m   [34m├─[39m [2m/en/news/observations-on-genetic-differences-between-disabled-and-non-disabled-infants-bad63a86/index.html[22m [2m(+271ms)[22m 
[2m12:33:09[22m   [34m├─[39m [2m/en/news/comment-labels-highly-skilled-talent-as-highly-disabled-person-6ce10ae0/index.html[22m [2m(+338ms)[22m 
[2m12:33:10[22m   [34m├─[39m [2m/en/news/narcissistic-personality-disorder-described-as-a-disability-in-social-media-post-86dc6580/index.html[22m [2m(+291ms)[22m 
[2m12:33:10[22m   [34m├─[39m [2m/en/news/man-falsely-accuses-woman-of-having-mental-disability-857c5f60/index.html[22m [2m(+291ms)[22m 
[2m12:33:10[22m   [34m├─[39m [2m/en/news/magazine-feature-covers-mental-illness-and-developmental-disabilities-in-elderly-a72abe3b/index.html[22m [2m(+269ms)[22m 
[2m12:33:10[22m   [34m├─[39m [2m/en/news/disabled-parent-shares-positive-experiences-of-public-support-6a41bdf4/index.html[22m [2m(+296ms)[22m 
[2m12:33:11[22m   [34m├─[39m [2m/en/news/cataract-awareness-symptoms-surgery-and-patient-story-e0cf9820/index.html[22m [2m(+284ms)[22m 
[2m12:33:11[22m   [34m├─[39m [2m/en/news/girl-scout-creates-braille-guide-for-blind-visitors-in-rapid-city-f144f4c0/index.html[22m [2m(+267ms)[22m 
[2m12:33:11[22m   [34m├─[39m [2m/en/news/blind-accessible-audio-experience-impulse-response-set-for-june-25-release-284331ed/index.html[22m [2m(+272ms)[22m 
[2m12:33:12[22m   [34m├─[39m [2m/en/news/author-discusses-writing-book-for-blind-community-ff237dcd/index.html[22m [2m(+257ms)[22m 
[2m12:33:12[22m   [34m├─[39m [2m/en/news/enabling-technology-companies-for-accessibility-2c079a7f/index.html[22m [2m(+278ms)[22m 
[2m12:33:12[22m   [34m├─[39m [2m/en/news/tovala-smart-oven-accessibility-review-for-blind-users-2e38c6f0/index.html[22m [2m(+290ms)[22m 
[2m12:33:12[22m   [34m├─[39m [2m/en/news/ikea-smart-home-2026-affordable-automation-with-hidden-limits-7b408695/index.html[22m [2m(+301ms)[22m 
[2m12:33:13[22m   [34m├─[39m [2m/en/news/maggie-ivr-turns-iphone-into-wearable-magnifier-73da138d/index.html[22m [2m(+295ms)[22m 
[2m12:33:13[22m   [34m├─[39m [2m/en/news/how-a-person-with-no-eyesight-manages-wash-day-routine-42a108c9/index.html[22m [2m(+260ms)[22m 
[2m12:33:13[22m   [34m├─[39m [2m/en/news/blind-girl-reacts-to-toph-from-avatar-the-last-airbender-2ea6a872/index.html[22m [2m(+267ms)[22m 
[2m12:33:13[22m   [34m├─[39m [2m/en/news/seven-vision-hacks-for-low-vision-users-0bc1dda0/index.html[22m [2m(+282ms)[22m 
[2m12:33:14[22m   [34m├─[39m [2m/en/news/motivational-message-encourages-resilience-against-blindness-8890e6ea/index.html[22m [2m(+261ms)[22m 
[2m12:33:14[22m   [34m├─[39m [2m/en/news/utah-council-blind-announces-scholarship-opportunities-for-students-b1caa300/index.html[22m [2m(+256ms)[22m 
[2m12:33:14[22m   [34m├─[39m [2m/en/news/utah-council-blind-offers-personal-braille-transcription-services-74b1d63d/index.html[22m [2m(+281ms)[22m 
[2m12:33:15[22m   [34m├─[39m [2m/en/news/ucb-offers-in-home-blindness-skills-training-00a65a95/index.html[22m [2m(+294ms)[22m 
[2m12:33:15[22m   [34m├─[39m [2m/en/news/ucb-provides-assistive-technology-grants-for-blind-individuals-6ecb27d8/index.html[22m [2m(+281ms)[22m 
[2m12:33:15[22m   [34m├─[39m [2m/en/news/utah-council-of-the-blind-offers-cab-coupons-for-discounted-travel-a745e20a/index.html[22m [2m(+254ms)[22m 
[2m12:33:15[22m   [34m├─[39m [2m/en/news/ucb-offers-weekly-ceramics-class-for-blind-individuals-3a6f7eaa/index.html[22m [2m(+274ms)[22m 
[2m12:33:16[22m   [34m├─[39m [2m/en/news/ucb-driverguide-program-supports-blind-riders-across-utah-976e6a26/index.html[22m [2m(+264ms)[22m 
[2m12:33:16[22m   [34m├─[39m [2m/en/news/utah-blind-council-provides-uberlyft-discount-cards-for-blind-riders-2cc86dce/index.html[22m [2m(+346ms)[22m 
[2m12:33:16[22m   [34m├─[39m [2m/en/news/ucb-partners-with-soul-taxi-to-expand-blind-transportation-in-southern-utah-52b00244/index.html[22m [2m(+266ms)[22m 
[2m12:33:17[22m   [34m├─[39m [2m/en/news/uta-on-demand-expands-service-in-greater-salt-lake-area-5463374e/index.html[22m [2m(+287ms)[22m 
[2m12:33:17[22m   [34m├─[39m [2m/en/news/join-utah-council-of-the-blind-membership-drive-450abc19/index.html[22m [2m(+313ms)[22m 
[2m12:33:17[22m   [34m├─[39m [2m/en/news/subscribe-to-the-ucb-buzz-newsletter-4df0290f/index.html[22m [2m(+316ms)[22m 
[2m12:33:17[22m   [34m├─[39m [2m/en/news/the-ai-search-boom-could-create-a-new-accessibility-crisis-3a27c1e4/index.html[22m [2m(+276ms)[22m 
[2m12:33:18[22m   [34m├─[39m [2m/en/news/challenges-in-support-for-parents-of-children-with-disabilities-01afe3a0/index.html[22m [2m(+266ms)[22m 
[2m12:33:18[22m   [34m├─[39m [2m/en/news/free-game-hits-4000-milestone-with-accessibility-tag-6ce79c8e/index.html[22m [2m(+283ms)[22m 
[2m12:33:18[22m   [34m├─[39m [2m/en/news/speculation-about-developmental-disability-based-on-physical-traits-95a58ff4/index.html[22m [2m(+290ms)[22m 
[2m12:33:19[22m   [34m├─[39m [2m/en/news/cm-maryam-nawaz-advocates-for-dignity-and-independence-of-special-persons-8c7b3330/index.html[22m [2m(+259ms)[22m 
[2m12:33:19[22m   [34m├─[39m [2m/en/news/debate-on-inclusive-classrooms-for-disabled-and-non-disabled-students-04a86d3e/index.html[22m [2m(+406ms)[22m 
[2m12:33:19[22m   [34m├─[39m [2m/en/news/community-caregiving-support-initiatives-in-nikko-city-0c4dafca/index.html[22m [2m(+296ms)[22m 
[2m12:33:20[22m   [34m├─[39m [2m/en/news/accessibility-laws-need-enforcement-to-protect-disability-rights-542c9f8d/index.html[22m [2m(+235ms)[22m 
[2m12:33:20[22m   [34m├─[39m [2m/en/news/suqoon-wise-fosters-inclusive-communities-for-older-persons-e608fa61/index.html[22m [2m(+298ms)[22m 
[2m12:33:20[22m   [34m├─[39m [2m/en/news/observances-include-helen-keller-day-and-ptsd-awareness-day-02511919/index.html[22m [2m(+373ms)[22m 
[2m12:33:20[22m   [34m├─[39m [2m/en/news/candidate-yamada-yukari-campaigns-on-disability-support-in-kakogawa-election-9b297bf4/index.html[22m [2m(+365ms)[22m 
[2m12:33:21[22m   [34m├─[39m [2m/en/news/user-condemns-disability-discrimination-and-mocking-in-media-b1591d64/index.html[22m [2m(+368ms)[22m 
[2m12:33:21[22m   [34m├─[39m [2m/en/news/cat-radio-show-promotes-visual-impairment-awareness-6368e6d8/index.html[22m [2m(+346ms)[22m 
[2m12:33:22[22m   [34m├─[39m [2m/en/news/japanese-disability-council-releases-september-2014-magazine-bffeea45/index.html[22m [2m(+383ms)[22m 
[2m12:33:22[22m   [34m├─[39m [2m/en/news/parent-shares-insights-from-visiting-disability-welfare-facilities-and-b-type-wo-5243a855/index.html[22m [2m(+384ms)[22m 
[2m12:33:22[22m   [34m├─[39m [2m/en/news/disability-welfare-income-limit-abolition-discussed-in-japan-b43d2976/index.html[22m [2m(+345ms)[22m 
[2m12:33:23[22m   [34m├─[39m [2m/en/news/support-for-developmental-disability-children-praised-with-call-for-intergenerat-5367d9b8/index.html[22m [2m(+313ms)[22m 
[2m12:33:23[22m   [34m├─[39m [2m/en/news/university-students-face-heightened-mental-health-risks-study-shows-2bb9a4a4/index.html[22m [2m(+307ms)[22m 
[2m12:33:23[22m   [34m├─[39m [2m/en/news/consider-disability-employment-if-work-is-not-going-well-148c8212/index.html[22m [2m(+295ms)[22m 
[2m12:33:24[22m   [34m├─[39m [2m/en/news/claim-that-disability-affirmation-aims-to-weaken-japans-national-power-bf423fa1/index.html[22m [2m(+258ms)[22m 
[2m12:33:24[22m   [34m├─[39m [2m/en/news/comment-on-high-number-of-disabled-students-in-a-class-cb02a57a/index.html[22m [2m(+305ms)[22m 
[2m12:33:24[22m   [34m├─[39m [2m/en/news/debate-over-accountability-for-harm-caused-by-disabled-individuals-50db56ef/index.html[22m [2m(+292ms)[22m 
[2m12:33:24[22m   [34m├─[39m [2m/en/news/critique-of-disability-employment-policies-as-exploitative-892d6f9a/index.html[22m [2m(+306ms)[22m 
[2m12:33:25[22m   [34m├─[39m [2m/en/news/sisters-story-highlights-brothers-mental-disability-amid-family-violence-ca02dc52/index.html[22m [2m(+288ms)[22m 
[2m12:33:25[22m   [34m├─[39m [2m/en/news/barrier-free-world-advocacy-f1363d10/index.html[22m [2m(+262ms)[22m 
[2m12:33:25[22m   [34m├─[39m [2m/en/news/us-web-accessibility-standards-highlighted-in-japanese-discussion-eeb303ea/index.html[22m [2m(+309ms)[22m 
[2m12:33:26[22m   [34m├─[39m [2m/en/news/harassing-tweet-targeting-disabled-individuals-b378506c/index.html[22m [2m(+322ms)[22m 
[2m12:33:26[22m   [34m├─[39m [2m/en/news/inclusive-kids-gym-opens-in-clovis-for-children-with-special-needs-5593c16b/index.html[22m [2m(+291ms)[22m 
[2m12:33:26[22m   [34m├─[39m [2m/en/news/japanese-perspective-on-disability-as-rejection-of-success-oriented-dialectic-1b10ae5e/index.html[22m [2m(+268ms)[22m 
[2m12:33:26[22m   [34m├─[39m [2m/en/news/disabled-authors-advocate-for-accessibility-beyond-disability-focused-stories-5299cbf5/index.html[22m [2m(+301ms)[22m 
[2m12:33:27[22m   [34m├─[39m [2m/en/news/photo-post-highlights-hearing-impairment-community-c11314f9/index.html[22m [2m(+360ms)[22m 
[2m12:33:27[22m   [34m├─[39m [2m/en/news/novel-analysis-highlights-dissociative-identity-disorder-portrayal-d6ce1265/index.html[22m [2m(+266ms)[22m 
[2m12:33:27[22m   [34m├─[39m [2m/en/news/call-for-equal-support-for-families-with-disabled-children-c6811667/index.html[22m [2m(+309ms)[22m 
[2m12:33:28[22m   [34m├─[39m [2m/en/news/airport-accessibility-for-deaf-travelers-emphasized-4f82f201/index.html[22m [2m(+276ms)[22m 
[2m12:33:28[22m   [34m├─[39m [2m/en/news/growth-in-dramas-with-disabled-leads-welcomed-8f2d4e17/index.html[22m [2m(+239ms)[22m 
[2m12:33:28[22m   [34m├─[39m [2m/en/news/brain-disability-activists-reject-nimby-attitudes-toward-support-facilities-1fea96e9/index.html[22m [2m(+291ms)[22m 
[2m12:33:28[22m   [34m├─[39m [2m/en/news/questioning-unfair-expectations-placed-on-people-with-developmental-disabilities-0970814c/index.html[22m [2m(+273ms)[22m 
[2m12:33:29[22m   [34m├─[39m [2m/en/news/disability-discount-allows-affordable-horror-movie-with-companion-f7c7eef0/index.html[22m [2m(+300ms)[22m 
[2m12:33:29[22m   [34m├─[39m [2m/en/news/user-insults-opponent-with-disability-slur-e15f92cf/index.html[22m [2m(+288ms)[22m 
[2m12:33:29[22m   [34m├─[39m [2m/en/news/user-uses-disability-term-pejoratively-96ec4940/index.html[22m [2m(+292ms)[22m 
[2m12:33:30[22m   [34m├─[39m [2m/en/news/parents-of-students-with-disabilities-discuss-barriers-in-ontario-schools-4985e541/index.html[22m [2m(+273ms)[22m 
[2m12:33:30[22m   [34m├─[39m [2m/en/news/event-planners-overlook-access-needs-despite-asking-about-dietary-requirements-d5a6f87f/index.html[22m [2m(+308ms)[22m 
[2m12:33:30[22m   [34m├─[39m [2m/en/news/tv-asahis-frequent-disability-coverage-draws-mixed-reactions-d1d1fad4/index.html[22m [2m(+309ms)[22m 
[2m12:33:31[22m   [34m├─[39m [2m/en/news/disability-support-service-provider-files-for-bankruptcy-after-fraud-uncovered-098fbafc/index.html[22m [2m(+255ms)[22m 
[2m12:33:31[22m   [34m├─[39m [2m/en/news/japanese-tweet-references-disability-duo-5183f84d/index.html[22m [2m(+291ms)[22m 
[2m12:33:31[22m   [34m├─[39m [2m/en/news/japan-marks-disability-prioritized-procurement-promotion-law-day-765e400c/index.html[22m [2m(+378ms)[22m 
[2m12:33:31[22m   [34m├─[39m [2m/en/news/deltarune-fans-highlight-accessibility-gap-and-community-mod-fix-e02a765f/index.html[22m [2m(+327ms)[22m 
[2m12:33:32[22m   [34m├─[39m [2m/en/news/discussion-on-challenges-of-caring-for-individuals-with-disabilities-0f27b761/index.html[22m [2m(+290ms)[22m 
[2m12:33:32[22m   [34m├─[39m [2m/en/news/user-requests-accessibility-assistance-with-ticketmaster-tickets-686f4fbe/index.html[22m [2m(+292ms)[22m 
[2m12:33:32[22m   [34m├─[39m [2m/en/news/uk-equality-policy-linked-to-un-2030-agenda-750c4aa1/index.html[22m [2m(+308ms)[22m 
[2m12:33:33[22m   [34m├─[39m [2m/en/news/user-notes-lack-of-barrier-free-accessibility-in-society-54edfdf3/index.html[22m [2m(+261ms)[22m 
[2m12:33:33[22m   [34m├─[39m [2m/en/news/request-for-recommendations-of-barrier-free-restaurants-38fba83c/index.html[22m [2m(+311ms)[22m 
[2m12:33:33[22m   [34m├─[39m [2m/en/news/user-reports-exploitation-rumor-about-disabled-actor-3c35a83d/index.html[22m [2m(+294ms)[22m 
[2m12:33:34[22m   [34m├─[39m [2m/en/news/challenges-in-accessing-disability-support-facilities-64e1758e/index.html[22m [2m(+253ms)[22m 
[2m12:33:34[22m   [34m├─[39m [2m/en/news/invisible-disability-and-social-expectations-aef692b4/index.html[22m [2m(+316ms)[22m 
[2m12:33:34[22m   [34m├─[39m [2m/en/news/iphone-back-tap-feature-highlighted-as-underused-accessibility-tool-7198991b/index.html[22m [2m(+295ms)[22m 
[2m12:33:34[22m   [34m├─[39m [2m/en/news/developmental-disability-and-school-refusal-linked-to-high-suicide-risk-02ddd1af/index.html[22m [2m(+300ms)[22m 
[2m12:33:35[22m   [34m├─[39m [2m/en/news/worker-shares-experience-of-day-shift-at-disability-group-home-fedc2bd2/index.html[22m [2m(+313ms)[22m 
[2m12:33:35[22m   [34m├─[39m [2m/en/news/insulting-comments-toward-people-with-disabilities-9a5d2ad3/index.html[22m [2m(+282ms)[22m 
[2m12:33:35[22m   [34m├─[39m [2m/en/news/blind-gamer-seeks-help-with-accessibility-settings-in-nana-ori-297c70e4/index.html[22m [2m(+248ms)[22m 
[2m12:33:36[22m   [34m├─[39m [2m/en/news/fraud-in-disability-support-funds-leads-to-provider-bankruptcy-in-kyoto-bb08257d/index.html[22m [2m(+265ms)[22m 
[2m12:33:36[22m   [34m├─[39m [2m/en/news/concerns-over-potential-closure-of-disability-day-services-in-osaka-53914d06/index.html[22m [2m(+263ms)[22m 
[2m12:33:36[22m   [34m├─[39m [2m/en/news/only-child-reflects-on-challenges-faced-by-people-with-developmental-disabilitie-a540409d/index.html[22m [2m(+278ms)[22m 
[2m12:33:36[22m   [34m├─[39m [2m/en/news/accusation-of-feigning-disability-and-pregnancy-for-attention-868d45fa/index.html[22m [2m(+309ms)[22m 
[2m12:33:37[22m   [34m├─[39m [2m/en/news/kabuki-play-releases-accessibility-version-at-kaat-cfc4c2a7/index.html[22m [2m(+272ms)[22m 
[2m12:33:37[22m   [34m├─[39m [2m/en/news/japanese-translation-of-wai-aria-13-released-32718d29/index.html[22m [2m(+240ms)[22m 
[2m12:33:37[22m   [34m├─[39m [2m/en/news/taoyuan-city-disability-sports-team-wins-22-gold-medals-sets-three-national-reco-de6aaf06/index.html[22m [2m(+274ms)[22m 
[2m12:33:37[22m   [34m├─[39m [2m/en/news/accessibility-conference-chiba-scheduled-for-september-5-2026-376b95af/index.html[22m [2m(+282ms)[22m 
[2m12:33:38[22m   [34m├─[39m [2m/en/news/okinawa-website-accessibility-improvement-d43ca4d5/index.html[22m [2m(+271ms)[22m 
[2m12:33:38[22m   [34m├─[39m [2m/en/news/opportunities-for-accessibility-improvements-in-okinawa-559b3f50/index.html[22m [2m(+296ms)[22m 
[2m12:33:38[22m   [34m├─[39m [2m/en/news/audit-of-100-major-prefecture-websites-on-accessibility-4aa0abe4/index.html[22m [2m(+274ms)[22m 
[2m12:33:39[22m   [34m├─[39m [2m/en/news/embracing-progress-over-perfection-in-accessibility-work-57fe1fe6/index.html[22m [2m(+303ms)[22m 
[2m12:33:39[22m   [34m├─[39m [2m/en/news/integrating-accessibility-into-daily-team-practices-b76a989d/index.html[22m [2m(+296ms)[22m 
[2m12:33:39[22m   [34m├─[39m [2m/en/news/practical-steps-for-web-accessibility-246abafc/index.html[22m [2m(+268ms)[22m 
[2m12:33:39[22m   [34m├─[39m [2m/en/news/city-of-lakeport-begins-pedestrian-safety-and-accessibility-improvements-at-lang-d6d452d0/index.html[22m [2m(+288ms)[22m 
[2m12:33:40[22m   [34m├─[39m [2m/en/news/designing-for-usability-from-the-start-0211af4e/index.html[22m [2m(+258ms)[22m 
[2m12:33:40[22m   [34m├─[39m [2m/en/news/questioning-the-purpose-of-web-accessibility-a09ff4a9/index.html[22m [2m(+302ms)[22m 
[2m12:33:40[22m   [34m├─[39m [2m/en/news/taoyuan-city-disabled-sports-team-wins-22-gold-medals-sets-three-national-record-e6605fc8/index.html[22m [2m(+283ms)[22m 
[2m12:33:41[22m   [34m├─[39m [2m/en/news/okinawa-aims-to-improve-web-accessibility-quality-9d39b61c/index.html[22m [2m(+290ms)[22m 
[2m12:33:41[22m   [34m├─[39m [2m/en/news/video-accessible-via-captions-enables-viewing-without-sound-118f2a1c/index.html[22m [2m(+284ms)[22m 
[2m12:33:41[22m   [34m├─[39m [2m/en/news/building-systems-independent-of-personal-perception-f6a02691/index.html[22m [2m(+300ms)[22m 
[2m12:33:41[22m   [34m├─[39m [2m/en/news/web-accessibility-often-overlooked-due-to-poor-communication-43e36107/index.html[22m [2m(+328ms)[22m 
[2m12:33:42[22m   [34m├─[39m [2m/en/news/accessibility-rules-lose-substance-when-staff-change-8c1f85a6/index.html[22m [2m(+239ms)[22m 
[2m12:33:42[22m   [34m├─[39m [2m/en/news/web-accessibility-requires-collective-effort-895aa7b0/index.html[22m [2m(+258ms)[22m 
[2m12:33:42[22m   [34m├─[39m [2m/en/news/accessibility-conference-fukuoka-2026-scheduled-for-november-21-2bdf1b78/index.html[22m [2m(+345ms)[22m 
[2m12:33:43[22m   [34m├─[39m [2m/en/news/questioning-whether-technological-advances-reach-end-users-d8eb9b60/index.html[22m [2m(+285ms)[22m 
[2m12:33:43[22m   [34m├─[39m [2m/en/news/html-in-canvas-demo-enables-screen-reader-text-reading-adebbfc0/index.html[22m [2m(+292ms)[22m 
[2m12:33:43[22m   [34m├─[39m [2m/en/news/canvas-element-lacks-native-semantics-0324b045/index.html[22m [2m(+294ms)[22m 
[2m12:33:43[22m   [34m├─[39m [2m/en/news/challenges-detecting-dynamic-ui-accessibility-issues-in-automated-tests-a77982ef/index.html[22m [2m(+321ms)[22m 
[2m12:33:44[22m   [34m├─[39m [2m/en/news/aria-live-regions-solve-dynamic-ui-change-notifications-b014ada1/index.html[22m [2m(+363ms)[22m 
[2m12:33:44[22m   [34m├─[39m [2m/en/news/visual-and-dom-order-mismatch-affects-screen-reader-users-b833005e/index.html[22m [2m(+389ms)[22m 
[2m12:33:45[22m   [34m├─[39m [2m/en/news/accessibility-improvements-noted-in-okinawa-d4b85d54/index.html[22m [2m(+327ms)[22m 
[2m12:33:45[22m   [34m├─[39m [2m/en/news/invoker-commands-api-limited-to-button-elements-6578a0fb/index.html[22m [2m(+311ms)[22m 
[2m12:33:45[22m   [34m├─[39m [2m/en/news/web-accessibility-features-inert-dialog-focusgroup-popover-anchor-positioning-cu-2af8cd7f/index.html[22m [2m(+321ms)[22m 
[2m12:33:46[22m   [34m├─[39m [2m/en/news/unemployed-disabled-man-emphasizes-need-to-maintain-appearance-a5adcc69/index.html[22m [2m(+334ms)[22m 
[2m12:33:46[22m   [34m├─[39m [2m/en/news/public-manners-reflect-attitudes-toward-people-with-disabilities-bd6cb83e/index.html[22m [2m(+257ms)[22m 
[2m12:33:46[22m   [34m├─[39m [2m/en/news/user-declares-disability-identity-f3617e96/index.html[22m [2m(+272ms)[22m 
[2m12:33:46[22m   [34m├─[39m [2m/en/news/debate-on-disability-exclusion-and-basic-income-a184f5b5/index.html[22m [2m(+290ms)[22m 
[2m12:33:47[22m   [34m├─[39m [2m/en/news/individual-with-borderline-intellectual-disability-describes-isolation-8225aa33/index.html[22m [2m(+292ms)[22m 
[2m12:33:47[22m   [34m├─[39m [2m/en/news/question-about-being-below-severe-disability-level-7ff30695/index.html[22m [2m(+275ms)[22m 
[2m12:33:47[22m   [34m├─[39m [2m/en/news/fraud-uncovered-in-disability-support-services-leads-to-bankruptcy-736c3078/index.html[22m [2m(+324ms)[22m 
[2m12:33:48[22m   [34m├─[39m [2m/en/news/creating-good-pages-to-counter-ai-a6d80f18/index.html[22m [2m(+296ms)[22m 
[2m12:33:48[22m   [34m├─[39m [2m/en/news/petition-calls-for-government-digital-accessibility-reporting-353d44e0/index.html[22m [2m(+300ms)[22m 
[2m12:33:48[22m   [34m├─[39m [2m/en/news/worker-reports-discrimination-against-mental-illness-disability-b8d7219a/index.html[22m [2m(+257ms)[22m 
[2m12:33:48[22m   [34m├─[39m [2m/en/news/tweet-links-welfare-trends-to-disability-support-in-japan-164ad52f/index.html[22m [2m(+313ms)[22m 
[2m12:33:49[22m   [34m├─[39m [2m/en/news/japan-marks-day-promoting-procurement-preference-for-persons-with-disabilities-c0cc59a3/index.html[22m [2m(+328ms)[22m 
[2m12:33:49[22m   [34m├─[39m [2m/en/news/criticism-of-japans-disability-child-welfare-system-over-benefit-abuse-claims-3e9a307f/index.html[22m [2m(+288ms)[22m 
[2m12:33:49[22m   [34m├─[39m [2m/en/news/worker-reports-harsh-treatment-from-disability-employment-staff-286793c1/index.html[22m [2m(+300ms)[22m 
[2m12:33:50[22m   [34m├─[39m [2m/en/news/accessible-kabuki-performance-staged-at-kaat-kanagawa-art-theatre-4860b863/index.html[22m [2m(+268ms)[22m 
[2m12:33:50[22m   [34m├─[39m [2m/en/news/request-for-companion-to-access-theme-park-with-disability-discount-c3390ee3/index.html[22m [2m(+359ms)[22m 
[2m12:33:50[22m   [34m├─[39m [2m/en/news/disability-employment-rate-highlighted-amid-japans-labor-reforms-2c0d6f59/index.html[22m [2m(+293ms)[22m 
[2m12:33:51[22m   [34m├─[39m [2m/en/news/public-agencies-lack-direct-intervention-power-under-japans-disability-employmen-fd2a36ab/index.html[22m [2m(+285ms)[22m 
[2m12:33:51[22m   [34m├─[39m [2m/en/news/neurodiversity-hiring-at-palantir-f48b1e37/index.html[22m [2m(+330ms)[22m 
[2m12:33:51[22m   [34m├─[39m [2m/en/news/raising-statutory-employment-rate-for-people-with-disabilities-seen-as-opportuni-df2e698d/index.html[22m [2m(+265ms)[22m 
[2m12:33:51[22m   [34m├─[39m [2m/en/news/critique-of-privilege-narratives-targeting-disabled-and-marginalized-groups-39a47fc9/index.html[22m [2m(+302ms)[22m 
[2m12:33:52[22m   [34m├─[39m [2m/en/news/addressing-staff-shortages-in-disability-welfare-and-advocating-for-voices-of-di-100ca156/index.html[22m [2m(+284ms)[22m 
[2m12:33:52[22m   [34m├─[39m [2m/en/news/webaim-evaluates-accessibility-of-top-one-million-home-pages-3e408839/index.html[22m [2m(+304ms)[22m 
[2m12:33:52[22m   [34m├─[39m [2m/en/news/user-encounters-rumored-teaming-disabled-person-in-japanese-tweet-2319ffd7/index.html[22m [2m(+250ms)[22m 
[2m12:33:53[22m   [34m├─[39m [2m/en/news/debate-over-direct-disability-employment-funding-vs-intermediary-payments-14000d7f/index.html[22m [2m(+372ms)[22m 
[2m12:33:53[22m   [34m├─[39m [2m/en/news/developmental-disability-trends-spark-us-japan-support-comparison-6f52160b/index.html[22m [2m(+298ms)[22m 
[2m12:33:53[22m   [34m├─[39m [2m/en/news/ai-growth-linked-to-rise-in-intellectually-disabled-freelancers-and-crime-concer-c8ead3e1/index.html[22m [2m(+272ms)[22m 
[2m12:33:54[22m   [34m├─[39m [2m/en/news/japans-women-in-difficulties-support-act-includes-disability-as-a-factor-a543b26c/index.html[22m [2m(+293ms)[22m 
[2m12:33:54[22m   [34m├─[39m [2m/en/news/restrictions-on-health-insurance-welfare-and-disability-allowance-ecbd28dd/index.html[22m [2m(+265ms)[22m 
[2m12:33:54[22m   [34m├─[39m [2m/en/news/new-qualification-requirements-for-disability-group-home-managers-0728276c/index.html[22m [2m(+311ms)[22m 
[2m12:33:54[22m   [34m├─[39m [2m/en/news/accessibility-session-held-in-okinawa-amid-heavy-rain-3cfb7d1c/index.html[22m [2m(+282ms)[22m 
[2m12:33:55[22m   [34m├─[39m [2m/en/news/person-with-developmental-disability-expresses-gratitude-for-safe-birth-79a1f33f/index.html[22m [2m(+265ms)[22m 
[2m12:33:55[22m   [34m├─[39m [2m/en/news/freee-publishes-accessibility-guidelines-3a0b3d7c/index.html[22m [2m(+280ms)[22m 
[2m12:33:55[22m   [34m├─[39m [2m/en/news/derogatory-tweet-about-female-mc-with-intellectual-disability-0aea76c9/index.html[22m [2m(+280ms)[22m 
[2m12:33:56[22m   [34m├─[39m [2m/en/news/advocacy-for-disability-inclusion-and-equal-access-c21cf4e2/index.html[22m [2m(+274ms)[22m 
[2m12:33:56[22m   [34m├─[39m [2m/en/news/accessibility-frontend-session-at-okinawa-conference-0d10b467/index.html[22m [2m(+350ms)[22m 
[2m12:33:56[22m   [34m├─[39m [2m/en/news/debate-over-parenting-rights-for-people-with-disabilities-afff4b29/index.html[22m [2m(+377ms)[22m 
[2m12:33:57[22m   [34m├─[39m [2m/en/news/disability-inclusion-advocacy-calls-for-leadership-roles-524eef58/index.html[22m [2m(+307ms)[22m 
[2m12:33:57[22m   [34m├─[39m [2m/en/news/surprise-over-disability-certificate-discount-announcement-78f4cf94/index.html[22m [2m(+308ms)[22m 
[2m12:33:57[22m   [34m├─[39m [2m/en/news/porta11y-launches-accessibility-portal-for-creators-74f4199b/index.html[22m [2m(+296ms)[22m 
[2m12:33:57[22m   [34m├─[39m [2m/en/news/barrierfree-film-quality-protected-by-disabled-advocates-in-japan-8af13cdf/index.html[22m [2m(+300ms)[22m 
[2m12:33:58[22m   [34m├─[39m [2m/en/news/samsung-one-ui-9-adds-accessibility-features-like-rambler-speech-to-text-and-fon-0d43bc41/index.html[22m [2m(+301ms)[22m 
[2m12:33:58[22m   [34m├─[39m [2m/en/news/disability-inclusion-empowerment-call-fd6ecffa/index.html[22m [2m(+251ms)[22m 
[2m12:33:58[22m   [34m├─[39m [2m/en/news/workplace-inclusion-of-all-abilities-emphasized-260aa477/index.html[22m [2m(+312ms)[22m 
[2m12:33:59[22m   [34m├─[39m [2m/en/news/accessibility-report-highlights-29-features-in-alba-a-wildlife-adventure-eb83788d/index.html[22m [2m(+287ms)[22m 
[2m12:33:59[22m   [34m├─[39m [2m/en/news/accessibility-improves-seo-and-user-experience-34ccad92/index.html[22m [2m(+278ms)[22m 
[2m12:33:59[22m   [34m├─[39m [2m/en/news/wheelchair-accessible-ticket-service-for-nct-dream-10th-anniversary-concert-6e4f1a19/index.html[22m [2m(+287ms)[22m 
[2m12:33:59[22m   [34m├─[39m [2m/en/news/accessible-travel-granted-my-late-husband-normalcy-independence-als-news-today-24e44f35/index.html[22m [2m(+301ms)[22m 
[2m12:34:00[22m   [34m├─[39m [2m/en/news/disability-inclusion-emphasized-in-call-for-action-798b27bc/index.html[22m [2m(+444ms)[22m 
[2m12:34:00[22m   [34m├─[39m [2m/en/news/rhythm-heaven-demo-includes-situational-descriptions-for-accessibility-7d8475c9/index.html[22m [2m(+427ms)[22m 
[2m12:34:01[22m   [34m├─[39m [2m/en/news/cyberabad-launches-footpath-encroachment-removal-drive-to-improve-pedestrian-acc-68289768/index.html[22m [2m(+302ms)[22m 
[2m12:34:01[22m   [34m├─[39m [2m/en/news/inclusion-is-not-a-room-new-substack-post-on-school-improvement-d7f260d4/index.html[22m [2m(+264ms)[22m 
[2m12:34:01[22m   [34m├─[39m [2m/en/news/planning-to-attend-and-speak-at-csun-assistive-technology-conference-6246d655/index.html[22m [2m(+251ms)[22m 
[2m12:34:01[22m   [34m├─[39m [2m/en/news/accessibility-ai-mcp-1014-40c26a4e/index.html[22m [2m(+264ms)[22m 
[2m12:34:02[22m   [34m├─[39m [2m/en/news/centering-the-art-of-accessibility-the-good-men-project-2902c688/index.html[22m [2m(+283ms)[22m 
[2m12:34:02[22m   [34m├─[39m [2m/en/news/okinawa-accessibility-initiative-calls-for-collaborative-building-6b8795d2/index.html[22m [2m(+298ms)[22m 
[2m12:34:02[22m   [34m├─[39m [2m/en/news/accessibility-conference-okinawa-announces-unified-hashtag-a11yokinawa-be538ad3/index.html[22m [2m(+288ms)[22m 
[2m12:34:03[22m   [34m├─[39m [2m/en/news/alt-text-llm-163-ef1f7d1f/index.html[22m [2m(+275ms)[22m 
[2m12:34:03[22m   [34m├─[39m [2m/en/news/accessibility-conference-okinawa-venue-setup-complete-3c11d187/index.html[22m [2m(+313ms)[22m 
[2m12:34:03[22m   [34m├─[39m [2m/en/news/disability-inclusion-removing-barriers-for-equal-opportunity-09adad49/index.html[22m [2m(+268ms)[22m 
[2m12:34:03[22m   [34m├─[39m [2m/en/news/inclusion-initiative-promotes-universal-participation-8cb5efc3/index.html[22m [2m(+279ms)[22m 
[2m12:34:04[22m   [34m├─[39m [2m/en/news/discussion-on-intramuscular-injections-for-individuals-with-mental-disabilities-54bdafac/index.html[22m [2m(+256ms)[22m 
[2m12:34:04[22m   [34m├─[39m [2m/en/news/reference-to-developmental-disability-in-social-media-post-5dc4355a/index.html[22m [2m(+284ms)[22m 
[2m12:34:04[22m   [34m├─[39m [2m/en/news/leveraging-accessibility-barriers-for-innovative-game-design-903c6295/index.html[22m [2m(+279ms)[22m 
[2m12:34:05[22m   [34m├─[39m [2m/en/news/monthly-muscle-injections-for-people-with-mental-disabilities-c7107a5f/index.html[22m [2m(+280ms)[22m 
[2m12:34:05[22m   [34m├─[39m [2m/en/news/mocking-of-brain-injury-survivor-highlights-ableist-attitudes-e0744ee0/index.html[22m [2m(+287ms)[22m 
[2m12:34:05[22m   [34m├─[39m [2m/en/news/adjustment-disorder-linked-to-worklife-rhythm-mismatch-a335c311/index.html[22m [2m(+276ms)[22m 
[2m12:34:05[22m   [34m├─[39m [2m/en/news/criticism-of-disabled-parents-raising-children-fdf95202/index.html[22m [2m(+309ms)[22m 
[2m12:34:06[22m   [34m├─[39m [2m/en/news/critique-of-non-disabled-individuals-lacking-talent-22a0c4b0/index.html[22m [2m(+278ms)[22m 
[2m12:34:06[22m   [34m├─[39m [2m/en/news/blind-gamer-cites-accessibility-as-reason-for-purchase-2473c1aa/index.html[22m [2m(+297ms)[22m 
[2m12:34:06[22m   [34m├─[39m [2m/en/news/disaster-drill-held-at-disability-support-facility-ef778fe2/index.html[22m [2m(+299ms)[22m 
[2m12:34:07[22m   [34m├─[39m [2m/en/news/japanese-social-media-user-expresses-frustration-with-disabled-persons-9a4d6177/index.html[22m [2m(+294ms)[22m 
[2m12:34:07[22m   [34m├─[39m [2m/en/news/aichi-prefecture-calls-for-submissions-to-disability-arts-exhibition-2026-b0485816/index.html[22m [2m(+237ms)[22m 
[2m12:34:07[22m   [34m├─[39m [2m/en/news/japan-marks-disability-procurement-promotion-law-day-ca857e5c/index.html[22m [2m(+278ms)[22m 
[2m12:34:07[22m   [34m├─[39m [2m/en/news/japan-marks-disability-procurement-promotion-law-day-896dc240/index.html[22m [2m(+299ms)[22m 
[2m12:34:08[22m   [34m├─[39m [2m/en/news/household-assistance-service-supports-daily-living-for-people-with-disabilities-56e06068/index.html[22m [2m(+331ms)[22m 
[2m12:34:08[22m   [34m├─[39m [2m/en/news/family-story-highlights-brother-with-developmental-disability-and-mental-illness-ed00040f/index.html[22m [2m(+279ms)[22m 
[2m12:34:08[22m   [34m├─[39m [2m/en/news/taxfree-savings-scheme-shifted-to-disabilityfocused-program-1a1fdbab/index.html[22m [2m(+252ms)[22m 
[2m12:34:09[22m   [34m├─[39m [2m/en/news/person-with-mental-disability-worries-about-hospital-access-during-future-earthq-8c9e371e/index.html[22m [2m(+243ms)[22m 
[2m12:34:09[22m   [34m├─[39m [2m/en/news/advocate-stresses-that-inclusion-means-people-with-disabilities-should-lead-not--373d29d1/index.html[22m [2m(+321ms)[22m 
[2m12:34:09[22m   [34m├─[39m [2m/en/news/japans-meti-accused-of-investing-in-exploitative-social-games-targeting-people-w-5485ad2e/index.html[22m [2m(+317ms)[22m 
[2m12:34:09[22m   [34m├─[39m [2m/en/news/user-shares-personal-disability-experience-26006eb3/index.html[22m [2m(+274ms)[22m 
[2m12:34:10[22m   [34m├─[39m [2m/en/news/discussion-on-disability-pension-eligibility-0452d73d/index.html[22m [2m(+377ms)[22m 
[2m12:34:10[22m   [34m├─[39m [2m/en/news/go-as-occupational-therapy-for-brain-injury-02608c77/index.html[22m [2m(+338ms)[22m 
[2m12:34:10[22m   [34m├─[39m [2m/en/news/reference-to-fukushima-disability-d8e61a44/index.html[22m [2m(+272ms)[22m 
[2m12:34:11[22m   [34m├─[39m [2m/en/news/desire-for-parttime-disability-employment-6aa23a24/index.html[22m [2m(+286ms)[22m 
[2m12:34:11[22m   [34m├─[39m [2m/en/news/criticism-of-parents-having-disabled-children-for-caregiving-dfb3d54e/index.html[22m [2m(+284ms)[22m 
[2m12:34:11[22m   [34m├─[39m [2m/en/news/promoting-inclusion-and-belonging-295c1877/index.html[22m [2m(+238ms)[22m 
[2m12:34:11[22m   [34m├─[39m [2m/en/news/cashless-payments-cause-anxiety-for-people-relying-on-disability-certificates-9d8e2720/index.html[22m [2m(+251ms)[22m 
[2m12:34:12[22m   [34m├─[39m [2m/en/news/rural-user-reports-loss-of-remote-a-type-disability-employment-support-87a048c7/index.html[22m [2m(+278ms)[22m 
[2m12:34:12[22m   [34m├─[39m [2m/en/news/celebrating-all-bodies-promotes-inclusive-spaces-827c4727/index.html[22m [2m(+276ms)[22m 
[2m12:34:12[22m   [34m├─[39m [2m/en/news/helen-kellers-birthday-celebrated-for-her-disability-advocacy-55348665/index.html[22m [2m(+276ms)[22m 
[2m12:34:13[22m   [34m├─[39m [2m/en/news/chiba-prefectural-museum-offers-free-admission-for-visitors-with-disabilities-94f006b9/index.html[22m [2m(+285ms)[22m 
[2m12:34:13[22m   [34m├─[39m [2m/en/news/concern-over-medical-access-for-people-with-psychosocial-disabilities-during-dis-4d7e6243/index.html[22m [2m(+246ms)[22m 
[2m12:34:13[22m   [34m├─[39m [2m/en/news/takeheart-tsukuba-user-blog-explores-source-of-motivation-97a5a3b6/index.html[22m [2m(+253ms)[22m 
[2m12:34:13[22m   [34m├─[39m [2m/en/news/la-inclusive-event-celebrates-community-and-special-needs-34cf6bb7/index.html[22m [2m(+279ms)[22m 
[2m12:34:14[22m   [34m├─[39m [2m/en/news/disability-experts-praised-in-japanese-social-media-2eba5d9b/index.html[22m [2m(+246ms)[22m 
[2m12:34:14[22m   [34m├─[39m [2m/en/news/user-updates-disability-certificate-info-in-mirairo-app-a3b33929/index.html[22m [2m(+259ms)[22m 
[2m12:34:14[22m   [34m├─[39m [2m/en/news/disability-families-advocate-for-right-to-age-at-association-meeting-a52c4271/index.html[22m [2m(+269ms)[22m 
[2m12:34:14[22m   [34m├─[39m [2m/en/news/criticism-of-resource-waste-affecting-disabled-child-39103e1e/index.html[22m [2m(+219ms)[22m 
[2m12:34:15[22m   [34m├─[39m [2m/en/news/japan-marks-day-of-disability-priority-procurement-promotion-law-05f00f99/index.html[22m [2m(+366ms)[22m 
[2m12:34:15[22m   [34m├─[39m [2m/en/news/barrier-free-lift-installed-at-azuma-stadium-83e8d66d/index.html[22m [2m(+377ms)[22m 
[2m12:34:15[22m   [34m├─[39m [2m/en/news/international-day-of-deafblindness-advocacy-4b5219d3/index.html[22m [2m(+316ms)[22m 
[2m12:34:16[22m   [34m├─[39m [2m/en/news/condemning-scams-targeting-disabled-childrens-families-90cba9ae/index.html[22m [2m(+307ms)[22m 
[2m12:34:16[22m   [34m├─[39m [2m/en/news/promoting-inclusive-spaces-and-body-positivity-f7c2f6a5/index.html[22m [2m(+281ms)[22m 
[2m12:34:16[22m   [34m├─[39m [2m/en/news/criticism-of-public-displays-of-affection-while-waiting-for-disabled-vehicle-8d83c56d/index.html[22m [2m(+266ms)[22m 
[2m12:34:17[22m   [34m├─[39m [2m/en/news/disability-employment-highlighted-on-sushi-day-post-f342cbdc/index.html[22m [2m(+264ms)[22m 
[2m12:34:17[22m   [34m├─[39m [2m/en/news/barrier-free-theatre-performance-touch-from-loneliness-to-love-announces-ticket--24a5934c/index.html[22m [2m(+284ms)[22m 
[2m12:34:17[22m   [34m├─[39m [2m/en/news/barrier-free-audio-commentary-version-released-for-movie-ed3ca3d1/index.html[22m [2m(+315ms)[22m 
[2m12:34:17[22m   [34m├─[39m [2m/en/news/shanghai-dark-run-club-supports-visually-impaired-runners-in-marathon-training-c9596dd1/index.html[22m [2m(+321ms)[22m 
[2m12:34:18[22m   [34m├─[39m [2m/en/news/inclusive-theater-event-announced-in-ageo-city-acf52d7c/index.html[22m [2m(+286ms)[22m 
[2m12:34:18[22m   [34m├─[39m [2m/en/news/inclusion-advocacy-calls-for-equal-access-for-people-with-disabilities-50010c2f/index.html[22m [2m(+324ms)[22m 
[2m12:34:18[22m   [34m├─[39m [2m/en/news/gambling-addiction-framed-as-disability-ce8a4b01/index.html[22m [2m(+316ms)[22m 
[2m12:34:19[22m   [34m├─[39m [2m/en/news/proposal-to-end-disability-support-for-parents-8e28cb91/index.html[22m [2m(+314ms)[22m 
[2m12:34:19[22m   [34m├─[39m [2m/en/news/celebrating-diversity-and-inclusion-in-education-3c2cd18b/index.html[22m [2m(+244ms)[22m 
[2m12:34:19[22m   [34m├─[39m [2m/en/news/japanese-report-on-sexual-desire-challenges-for-person-with-limited-mobility-e4cf2894/index.html[22m [2m(+301ms)[22m 
[2m12:34:19[22m   [34m├─[39m [2m/en/news/wealth-of-disability-and-welfare-recipients-noted-17989ea5/index.html[22m [2m(+282ms)[22m 
[2m12:34:20[22m   [34m├─[39m [2m/en/news/disability-inclusion-focuses-on-strengths-a70235f7/index.html[22m [2m(+273ms)[22m 
[2m12:34:20[22m   [34m├─[39m [2m/en/news/parent-struggles-to-accept-childs-intellectual-disability-3259e013/index.html[22m [2m(+285ms)[22m 
[2m12:34:20[22m   [34m├─[39m [2m/en/news/disabled-vtuber-shouts-during-typhoon-live-stream-b1ffe258/index.html[22m [2m(+274ms)[22m 
[2m12:34:21[22m   [34m├─[39m [2m/en/news/speaker-announces-participation-in-okinawa-accessibility-conference-ff3dd0ca/index.html[22m [2m(+267ms)[22m 
[2m12:34:21[22m   [34m├─[39m [2m/en/news/the-doj-extended-the-accessibility-deadline-what-that-means-and-what-hasnt-chang-8335f6ed/index.html[22m [2m(+263ms)[22m 
[2m12:34:21[22m   [34m├─[39m [2m/en/news/alt-text-llm-161-5c815a04/index.html[22m [2m(+268ms)[22m 
[2m12:34:21[22m   [34m├─[39m [2m/en/news/github-copilot-cli-gains-tabbed-layout-insession-mcpplugin-configuration-and-acc-becc4930/index.html[22m [2m(+275ms)[22m 
[2m12:34:22[22m   [34m├─[39m [2m/en/news/decade-long-accessibility-push-earns-seattle-agent-fair-housing-honor-60ae3a76/index.html[22m [2m(+284ms)[22m 
[2m12:34:22[22m   [34m├─[39m [2m/en/news/ace-of-brussels-promotes-inclusive-education-for-all-learners-44cd0e82/index.html[22m [2m(+295ms)[22m 
[2m12:34:22[22m   [34m├─[39m [2m/en/news/discussion-on-disability-b4f407dd/index.html[22m [2m(+291ms)[22m 
[2m12:34:23[22m   [34m├─[39m [2m/en/news/dr-choksey-albinism-foundation-advocates-for-inclusive-education-for-children-wi-67521a9f/index.html[22m [2m(+366ms)[22m 
[2m12:34:23[22m   [34m├─[39m [2m/en/news/accessibility-included-in-dc-construction-talk-for-america-250-2062e234/index.html[22m [2m(+330ms)[22m 
[2m12:34:23[22m   [34m├─[39m [2m/en/news/future-video-games-envisioned-with-infinite-accessibility-toggles-f551c360/index.html[22m [2m(+262ms)[22m 
[2m12:34:23[22m   [34m├─[39m [2m/en/news/akwa-ibom-marks-international-albinism-awareness-day-with-disability-inclusion-p-ce18082b/index.html[22m [2m(+316ms)[22m 
[2m12:34:24[22m   [34m├─[39m [2m/en/news/discussion-on-diversity-globalization-sdgs-and-inclusivity-f593a3b3/index.html[22m [2m(+265ms)[22m 
[2m12:34:24[22m   [34m├─[39m [2m/en/news/hiring-special-education-inclusion-teacher-12547c5c/index.html[22m [2m(+273ms)[22m 
[2m12:34:24[22m   [34m├─[39m [2m/en/news/hearing-accessibility-technology-installed-at-anaf-unit-261-63500d4b/index.html[22m [2m(+270ms)[22m 
[2m12:34:25[22m   [34m├─[39m [2m/en/news/ai-workers-show-affinity-with-intellectually-disabled-persons-141e7319/index.html[22m [2m(+269ms)[22m 
[2m12:34:25[22m   [34m├─[39m [2m/en/news/discussion-on-disability-identity-and-medical-model-critiques-bc9ab41d/index.html[22m [2m(+296ms)[22m 
[2m12:34:25[22m   [34m├─[39m [2m/en/news/va-denies-majority-of-disability-claims-for-veterans-with-rare-muscle-disease-ea5f0bb3/index.html[22m [2m(+313ms)[22m 
[2m12:34:25[22m   [34m├─[39m [2m/en/news/disability-books-promote-inclusion-f515e955/index.html[22m [2m(+306ms)[22m 
[2m12:34:26[22m   [34m├─[39m [2m/en/news/developer-builds-own-script-after-accessibility-bug-ignored-2da22711/index.html[22m [2m(+280ms)[22m 
[2m12:34:26[22m   [34m├─[39m [2m/en/news/libre-barcode-project-promotes-open-standards-to-boost-accessibility-8f64608b/index.html[22m [2m(+278ms)[22m 
[2m12:34:26[22m   [34m├─[39m [2m/en/news/game-criticized-for-forcing-disabled-caretaking-95e6fb28/index.html[22m [2m(+268ms)[22m 
[2m12:34:27[22m   [34m├─[39m [2m/en/news/building-a-barrierfree-misato-city-for-all-df2fea18/index.html[22m [2m(+272ms)[22m 
[2m12:34:27[22m   [34m├─[39m [2m/en/news/disabled-couple-faces-backlash-after-having-child-with-volunteer-support-52473116/index.html[22m [2m(+337ms)[22m 
[2m12:34:27[22m   [34m├─[39m [2m/en/news/person-with-mental-disability-described-as-seeing-hallucinations-of-egyptian-lik-e1708b56/index.html[22m [2m(+264ms)[22m 
[2m12:34:28[22m   [34m├─[39m [2m/en/news/japanese-firm-accused-of-exploiting-disabled-workers-for-employment-subsidies-675e78b8/index.html[22m [2m(+290ms)[22m 
[2m12:34:28[22m   [34m├─[39m [2m/en/news/disabled-person-expresses-frustration-over-being-stared-at-bc4f1f84/index.html[22m [2m(+278ms)[22m 
[2m12:34:28[22m   [34m├─[39m [2m/en/news/user-shares-experience-of-developing-adjustment-disorder-and-depression-after-mi-af3fa8c7/index.html[22m [2m(+254ms)[22m 
[2m12:34:28[22m   [34m├─[39m [2m/en/news/eugenics-argument-about-disabled-people-reproducing-1e4d8661/index.html[22m [2m(+279ms)[22m 
[2m12:34:29[22m   [34m├─[39m [2m/en/news/disability-employment-vs-welfare-reliance-2746a5d9/index.html[22m [2m(+296ms)[22m 
[2m12:34:29[22m   [34m├─[39m [2m/en/news/question-on-appearance-based-judgments-of-disabled-people-d8966c09/index.html[22m [2m(+256ms)[22m 
[2m12:34:29[22m   [34m├─[39m [2m/en/news/ofsted-praises-yarnfield-primary-school-for-inclusive-ethos-e27133a6/index.html[22m [2m(+270ms)[22m 
[2m12:34:29[22m   [34m├─[39m [2m/en/news/japanese-tweet-condemns-mocking-of-disabled-people-and-women-df018cad/index.html[22m [2m(+331ms)[22m 
[2m12:34:30[22m   [34m├─[39m [2m/en/news/accessibility-signage-and-ada-compliance-fe6e844f/index.html[22m [2m(+284ms)[22m 
[2m12:34:30[22m   [34m├─[39m [2m/en/news/japans-disability-protection-laws-51550bad/index.html[22m [2m(+303ms)[22m 
[2m12:34:30[22m   [34m├─[39m [2m/en/news/hermes-offers-accessibility-infrastructure-for-drag-and-drop-19b0219e/index.html[22m [2m(+295ms)[22m 
[2m12:34:31[22m   [34m├─[39m [2m/en/news/welfare-workers-can-quit-disabled-people-cannot-2886e1f7/index.html[22m [2m(+297ms)[22m 
[2m12:34:31[22m   [34m├─[39m [2m/en/news/whill-model-r-mobility-scooter-highlighted-for-tight-space-navigation-49e72c81/index.html[22m [2m(+333ms)[22m 
[2m12:34:31[22m   [34m├─[39m [2m/en/news/childrens-museum-of-richmond-launches-accessibility-friendly-redesign-3efeeab7/index.html[22m [2m(+303ms)[22m 
[2m12:34:32[22m   [34m├─[39m [2m/en/news/ccta-launches-summer-listening-survey-on-transportation-accessibility-5bc82ec0/index.html[22m [2m(+260ms)[22m 
[2m12:34:32[22m   [34m├─[39m [2m/en/news/discussion-of-communication-challenges-for-people-with-developmental-disabilitie-2446448d/index.html[22m [2m(+286ms)[22m 
[2m12:34:32[22m   [34m├─[39m [2m/en/news/concerns-raised-about-parenting-readiness-among-people-with-disabilities-34435d4e/index.html[22m [2m(+260ms)[22m 
[2m12:34:32[22m   [34m├─[39m [2m/en/news/hardees-app-needs-screen-reader-improvements-b24f8c76/index.html[22m [2m(+288ms)[22m 
[2m12:34:33[22m   [34m├─[39m [2m/en/news/call-for-an-inclusive-society-accessible-to-all-regardless-of-disability-307d991a/index.html[22m [2m(+316ms)[22m 
[2m12:34:33[22m   [34m├─[39m [2m/en/news/disability-pension-holders-described-as-untouchable-in-online-criticism-13ca44a5/index.html[22m [2m(+304ms)[22m 
[2m12:34:33[22m   [34m├─[39m [2m/en/news/challenge-hateful-rhetoric-against-disabled-people-dating-c8909b87/index.html[22m [2m(+285ms)[22m 
[2m12:34:34[22m   [34m├─[39m [2m/en/news/reflection-on-disability-awareness-through-personal-tragedy-0bbb049f/index.html[22m [2m(+318ms)[22m 
[2m12:34:34[22m   [34m├─[39m [2m/en/news/critique-of-limited-office-only-jobs-for-disabled-workers-945fb823/index.html[22m [2m(+298ms)[22m 
[2m12:34:34[22m   [34m├─[39m [2m/en/news/defending-relationships-between-disabled-and-non-disabled-partners-049c514d/index.html[22m [2m(+273ms)[22m 
[2m12:34:34[22m   [34m├─[39m [2m/en/news/derogatory-tweet-targeting-a-disabled-person-18889554/index.html[22m [2m(+323ms)[22m 
[2m12:34:35[22m   [34m├─[39m [2m/en/news/advocacy-against-discrimination-of-disabled-people-in-relationships-0f5ad6a0/index.html[22m [2m(+285ms)[22m 
[2m12:34:35[22m   [34m├─[39m [2m/en/news/dream-of-panic-attack-during-vtuber-event-highlights-stigma-6f2e3d35/index.html[22m [2m(+278ms)[22m 
[2m12:34:35[22m   [34m├─[39m [2m/en/news/discussion-on-social-anxiety-differences-between-neurotypical-and-neurodivergent-9a9c749f/index.html[22m [2m(+280ms)[22m 
[2m12:34:36[22m   [34m├─[39m [2m/en/news/discussion-on-disability-and-parenthood-a5828fae/index.html[22m [2m(+318ms)[22m 
[2m12:34:36[22m   [34m├─[39m [2m/en/news/otaku-with-disability-recounts-ridicule-and-government-misinformation-a06526f6/index.html[22m [2m(+300ms)[22m 
[2m12:34:36[22m   [34m├─[39m [2m/en/news/criticism-of-welfare-recipients-despite-personal-mental-disability-risk-8ab167e7/index.html[22m [2m(+298ms)[22m 
[2m12:34:37[22m   [34m├─[39m [2m/en/news/suginami-ward-launches-accessible-web-radio-hosted-by-people-with-disabilities-ccd11a6a/index.html[22m [2m(+273ms)[22m 
[2m12:34:37[22m   [34m├─[39m [2m/en/news/disability-employment-salary-update-for-mental-health-condition-786b3af0/index.html[22m [2m(+293ms)[22m 
[2m12:34:37[22m   [34m├─[39m [2m/en/news/wheelchair-user-bereaved-survivor-discusses-disability-stigma-in-suicide-bereave-f967edb5/index.html[22m [2m(+272ms)[22m 
[2m12:34:37[22m   [34m├─[39m [2m/en/news/observation-of-misuse-of-disabled-parking-spaces-0ff9e216/index.html[22m [2m(+271ms)[22m 
[2m12:34:38[22m   [34m├─[39m [2m/en/news/discussion-on-personality-disorder-identification-among-sexual-violence-victims-cd17a459/index.html[22m [2m(+283ms)[22m 
[2m12:34:38[22m   [34m├─[39m [2m/en/news/tweet-claims-physically-disabled-people-have-same-brains-as-non-disabled-calling-cf768839/index.html[22m [2m(+276ms)[22m 
[2m12:34:38[22m   [34m├─[39m [2m/en/news/debate-over-mothers-view-that-disabled-people-should-have-children-for-protectio-5ab0acc5/index.html[22m [2m(+300ms)[22m 
[2m12:34:39[22m   [34m├─[39m [2m/en/news/unemployed-disabled-person-reflects-on-weekly-duties-a5b4b797/index.html[22m [2m(+245ms)[22m 
[2m12:34:39[22m   [34m├─[39m [2m/en/news/alt-text-llm-153-released-aipowered-alttext-generation-for-markdown-e2a9c9a0/index.html[22m [2m(+289ms)[22m 
[2m12:34:39[22m   [34m├─[39m [2m/en/news/discussion-of-disability-discrimination-and-harassment-in-japanese-community-8e2b06fc/index.html[22m [2m(+301ms)[22m 
[2m12:34:39[22m   [34m├─[39m [2m/en/news/discussion-on-disability-909509a1/index.html[22m [2m(+293ms)[22m 
[2m12:34:40[22m   [34m├─[39m [2m/en/news/how-is-accessibility-addressed-at-the-special-olympics-usa-games-c7a8e3f0/index.html[22m [2m(+308ms)[22m 
[2m12:34:40[22m   [34m├─[39m [2m/en/news/stream-podcast-advancing-accessibility-in-transportation-ca449c55/index.html[22m [2m(+278ms)[22m 
[2m12:34:40[22m   [34m├─[39m [2m/en/news/i-worked-in-homeless-services-for-years-it-didnt-help-me-find-accessible-housing-8d6dfad6/index.html[22m [2m(+342ms)[22m 
[2m12:34:41[22m   [34m├─[39m [2m/en/news/legislators-failing-disabled-americans-under-trump-372249e4/index.html[22m [2m(+297ms)[22m 
[2m12:34:41[22m   [34m├─[39m [2m/en/news/blindnewworld-highlights-accessible-soccer-program-for-visually-impaired-women-i-8ba75ad7/index.html[22m [2m(+297ms)[22m 
[2m12:34:41[22m   [34m├─[39m [2m/en/news/south-port-social-housing-flooded-elevator-unable-to-start-councilor-calls-for-v-082efe1e/index.html[22m [2m(+326ms)[22m 
[2m12:34:41[22m   [34m├─[39m [2m/en/news/iphone-accessibility-features-that-can-improve-daily-workflow-17f25fd8/index.html[22m [2m(+275ms)[22m 
[2m12:34:42[22m   [34m├─[39m [2m/en/news/multinational-contractors-managing-albertas-new-disability-employment-system-doc-8c33e3ba/index.html[22m [2m(+339ms)[22m 
[2m12:34:42[22m   [34m├─[39m [2m/en/news/three-ways-climate-action-can-be-more-inclusive-for-13-billion-disabled-people-6e9b851c/index.html[22m [2m(+309ms)[22m 
[2m12:34:42[22m   [34m├─[39m [2m/en/news/samsung-solve-for-tomorrow-brings-design-thinking-to-bokaro-inspires-students-to-f5603354/index.html[22m [2m(+293ms)[22m 
[2m12:34:43[22m   [34m├─[39m [2m/en/news/yale-university-develops-t-phate-algorithm-for-more-intuitive-brain-controlled-g-4706228b/index.html[22m [2m(+320ms)[22m 
[2m12:34:43[22m   [34m├─[39m [2m/en/news/ai-assisted-platform-aims-to-make-nj-public-meetings-more-accessible-a63fd40f/index.html[22m [2m(+317ms)[22m 
[2m12:34:43[22m   [34m├─[39m [2m/en/news/disability-employment-setback-as-colleague-resigns-974382f7/index.html[22m [2m(+313ms)[22m 
[2m12:34:44[22m   [34m├─[39m [2m/en/news/disaster-preparedness-includes-people-with-disabilities-23301550/index.html[22m [2m(+292ms)[22m 
[2m12:34:44[22m   [34m├─[39m [2m/en/news/suginami-mayor-apologizes-for-exploiting-disabled-workers-paid-500-yenhour-b70084f1/index.html[22m [2m(+290ms)[22m 
[2m12:34:44[22m   [34m├─[39m [2m/en/news/user-reports-interview-venue-claimed-barrier-free-but-had-barriers-e1d0eefb/index.html[22m [2m(+270ms)[22m 
[2m12:34:45[22m   [34m├─[39m [2m/en/news/blog-post-encourages-going-out-actively-on-rainy-days-for-hearing-impaired-commu-eead47a5/index.html[22m [2m(+288ms)[22m 
[2m12:34:45[22m   [34m├─[39m [2m/en/news/law-firm-website-accessibility-audit-can-prevent-lost-clients-76409199/index.html[22m [2m(+283ms)[22m 
[2m12:34:45[22m   [34m├─[39m [2m/en/news/job-seeker-considers-targeting-disability-employment-after-limited-options-77e38c38/index.html[22m [2m(+312ms)[22m 
[2m12:34:45[22m   [34m├─[39m [2m/en/news/japans-disability-priority-procurement-promotion-law-aims-to-boost-employment-op-c73e717f/index.html[22m [2m(+305ms)[22m 
[2m12:34:46[22m   [34m├─[39m [2m/en/news/commemorative-day-for-disability-priority-procurement-law-established-by-japanes-e954e1e4/index.html[22m [2m(+305ms)[22m 
[2m12:34:46[22m   [34m├─[39m [2m/en/news/june-27-marks-japans-disability-priority-procurement-promotion-law-day-4e5c05cc/index.html[22m [2m(+300ms)[22m 
[2m12:34:46[22m   [34m├─[39m [2m/en/news/discussion-of-developmental-disability-employment-challenges-surfaces-online-77e16e58/index.html[22m [2m(+289ms)[22m 
[2m12:34:47[22m   [34m├─[39m [2m/en/news/verified-accessibility-data-for-venues-launched-c6538dad/index.html[22m [2m(+300ms)[22m 
[2m12:34:47[22m   [34m├─[39m [2m/en/news/critique-of-just-try-harder-remarks-toward-people-with-developmental-and-mental--90c34841/index.html[22m [2m(+262ms)[22m 
[2m12:34:47[22m   [34m├─[39m [2m/en/news/learning-disability-week-emphasizes-real-access-for-support-723ea1ba/index.html[22m [2m(+310ms)[22m 
[2m12:34:47[22m   [34m├─[39m [2m/en/news/critique-of-barrier-free-spending-at-bentencho-station-d2888c8b/index.html[22m [2m(+308ms)[22m 
[2m12:34:48[22m   [34m├─[39m [2m/en/news/concerns-over-shelving-disability-employment-support-programs-85e1e431/index.html[22m [2m(+283ms)[22m 
[2m12:34:48[22m   [34m├─[39m [2m/en/news/supportnotstigma-campaign-launched-to-promote-dignity-and-access-to-care-ff5ebb74/index.html[22m [2m(+264ms)[22m 
[2m12:34:48[22m   [34m├─[39m [2m/en/news/user-reflects-on-childhood-self-perception-of-severe-disability-31ac9367/index.html[22m [2m(+295ms)[22m 
[2m12:34:49[22m   [34m├─[39m [2m/en/news/concerns-over-positive-thinking-training-in-disability-facilities-276cb4dd/index.html[22m [2m(+260ms)[22m 
[2m12:34:49[22m   [34m├─[39m [2m/en/news/extremist-rhetoric-targets-disabled-and-minorities-in-japan-b2639b2b/index.html[22m [2m(+289ms)[22m 
[2m12:34:49[22m   [34m├─[39m [2m/en/news/obsessive-compulsive-disorder-838d0cb3/index.html[22m [2m(+307ms)[22m 
[2m12:34:49[22m   [34m├─[39m [2m/en/news/positive-thinking-training-in-disability-facilities-956adb81/index.html[22m [2m(+314ms)[22m 
[2m12:34:50[22m   [34m├─[39m [2m/en/news/caregiver-shares-disney-stitch-day-while-highlighting-disability-welfare-hashtag-6f72e632/index.html[22m [2m(+286ms)[22m 
[2m12:34:50[22m   [34m├─[39m [2m/en/news/discussion-on-pay-to-win-and-accessibility-in-gaming-572b5177/index.html[22m [2m(+322ms)[22m 
[2m12:34:50[22m   [34m├─[39m [2m/en/news/disability-employment-mismatch-and-personal-pride-5af87a5f/index.html[22m [2m(+274ms)[22m 
[2m12:34:51[22m   [34m├─[39m [2m/en/news/barrier-free-toilets-in-japanese-company-remain-squat-style-62afa7f1/index.html[22m [2m(+307ms)[22m 
[2m12:34:51[22m   [34m├─[39m [2m/en/news/critique-of-carcentric-societys-response-to-walking-disabled-viewers-5b788baf/index.html[22m [2m(+271ms)[22m 
[2m12:34:51[22m   [34m├─[39m [2m/en/news/criticism-of-b-type-disability-employment-support-as-mere-parking-spot-aea85723/index.html[22m [2m(+287ms)[22m 
[2m12:34:52[22m   [34m├─[39m [2m/en/news/criticism-of-disabilityonly-culture-253b343a/index.html[22m [2m(+282ms)[22m 
[2m12:34:52[22m   [34m├─[39m [2m/en/news/personal-assistance-service-recruitment-announcement-8e3e3dc1/index.html[22m [2m(+298ms)[22m 
[2m12:34:52[22m   [34m├─[39m [2m/en/news/questioning-if-a-figure-is-racist-or-intellectually-disabled-ef2d8a5f/index.html[22m [2m(+278ms)[22m 
[2m12:34:52[22m   [34m├─[39m [2m/en/news/linking-toxic-parenting-and-bullying-to-developmental-disability-8769c09f/index.html[22m [2m(+270ms)[22m 
[2m12:34:53[22m   [34m├─[39m [2m/en/news/high-repair-costs-and-lack-of-transparency-for-visual-impairment-equipment-in-sc-6e12a719/index.html[22m [2m(+322ms)[22m 
[2m12:34:53[22m   [34m├─[39m [2m/en/news/building-ai-for-accessibility-lessons-on-shipping-4945ed8d/index.html[22m [2m(+291ms)[22m 
[2m12:34:53[22m   [34m├─[39m [2m/en/news/qwen-agentworld-model-predicts-accessibility-trees-for-agent-simulation-57a9bd8b/index.html[22m [2m(+310ms)[22m 
[2m12:34:54[22m   [34m├─[39m [2m/en/news/discussion-on-definitions-of-teasing-vs-disability-discrimination-78d82cbe/index.html[22m [2m(+300ms)[22m 
[2m12:34:54[22m   [34m├─[39m [2m/en/news/question-about-disability-7c552770/index.html[22m [2m(+325ms)[22m 
[2m12:34:54[22m   [34m├─[39m [2m/en/news/offensive-comment-targeting-disabled-person-e3c358f2/index.html[22m [2m(+335ms)[22m 
[2m12:34:55[22m   [34m├─[39m [2m/en/news/activists-criticized-for-exploiting-disabled-individuals-8ac4ddf6/index.html[22m [2m(+286ms)[22m 
[2m12:34:55[22m   [34m├─[39m [2m/en/news/physical-disability-support-facility-worker-shares-diet-lunch-b53d7b33/index.html[22m [2m(+281ms)[22m 
[2m12:34:55[22m   [34m├─[39m [2m/en/news/concert-venue-provides-accessibility-guidance-including-earplugs-for-loud-sounds-9fd211c5/index.html[22m [2m(+310ms)[22m 
[2m12:34:55[22m   [34m├─[39m [2m/en/news/struggles-updating-disability-certificate-4c5e975b/index.html[22m [2m(+301ms)[22m 
[2m12:34:56[22m   [34m├─[39m [2m/en/news/user-visits-mental-clinic-after-disability-employment-office-eb789955/index.html[22m [2m(+278ms)[22m 
[2m12:34:56[22m   [34m├─[39m [2m/en/news/government-launches-tech-hubs-for-grassroots-digital-inclusion-41d87bac/index.html[22m [2m(+338ms)[22m 
[2m12:34:56[22m   [34m├─[39m [2m/en/news/disability-harassment-reported-on-social-media-50b25694/index.html[22m [2m(+288ms)[22m 
[2m12:34:57[22m   [34m├─[39m [2m/en/news/personal-account-of-social-reactions-to-baldness-and-mental-disability-6f337c08/index.html[22m [2m(+281ms)[22m 
[2m12:34:57[22m   [34m├─[39m [2m/en/news/rhythm-heaven-noted-for-accessibility-concepts-a9ce3e7b/index.html[22m [2m(+280ms)[22m 
[2m12:34:57[22m   [34m├─[39m [2m/en/news/safety-concerns-raised-at-disability-child-facility-after-employee-arrest-and-hi-00242f50/index.html[22m [2m(+286ms)[22m 
[2m12:34:57[22m   [34m├─[39m [2m/en/news/ministry-website-criticized-for-toosmall-default-font-size-despite-overseeing-ac-8b8092be/index.html[22m [2m(+301ms)[22m 
[2m12:34:58[22m   [34m├─[39m [2m/en/news/great-wheelchair-test-drive-highlights-accessibility-59e5e9ea/index.html[22m [2m(+322ms)[22m 
[2m12:34:58[22m   [34m├─[39m [2m/en/news/barrier-free-theater-workshop-cancelled-due-to-typhoon-0e3ec280/index.html[22m [2m(+342ms)[22m 
[2m12:34:58[22m   [34m├─[39m [2m/en/news/iphone-se-screen-flicker-workaround-via-accessibility-settings-70d837bb/index.html[22m [2m(+305ms)[22m 
[2m12:34:59[22m   [34m├─[39m [2m/en/news/kaba-kabogo-launch-marks-digital-inclusion-milestone-in-ol-kalou-402cc966/index.html[22m [2m(+294ms)[22m 
[2m12:34:59[22m   [34m├─[39m [2m/en/news/keisei-railway-updates-barrier-free-platform-door-installation-plan-746133f2/index.html[22m [2m(+304ms)[22m 
[2m12:34:59[22m   [34m├─[39m [2m/en/news/photoplan-launches-new-website-with-perfect-accessibility-score-705eb0dd/index.html[22m [2m(+277ms)[22m 
[2m12:35:00[22m   [34m├─[39m [2m/en/news/scroll-driven-text-dispersion-component-uses-reduced-motion-for-accessibility-7dd996a0/index.html[22m [2m(+272ms)[22m 
[2m12:35:00[22m   [34m├─[39m [2m/en/news/ministry-participates-in-disability-expo-2026-09b7476d/index.html[22m [2m(+290ms)[22m 
[2m12:35:00[22m   [34m├─[39m [2m/en/news/accessible-facility-design-gsa-gov-c29c6011/index.html[22m [2m(+273ms)[22m 
[2m12:35:00[22m   [34m├─[39m [2m/en/news/gaad-mic-acquisition-sparks-plans-for-offline-meetup-use-28474532/index.html[22m [2m(+294ms)[22m 
[2m12:35:01[22m   [34m├─[39m [2m/en/news/taichung-offers-subsidies-for-renovating-buildings-over-30-years-old-including-w-1838e988/index.html[22m [2m(+254ms)[22m 
[2m12:35:01[22m   [34m├─[39m [2m/en/news/senator-kaine-introduces-legislation-to-support-care-workforce-family-caregivers-e71c1850/index.html[22m [2m(+315ms)[22m 
[2m12:35:01[22m   [34m├─[39m [2m/en/news/online-event-for-web-accessibility-textbook-announced-27f6e605/index.html[22m [2m(+274ms)[22m 
[2m12:35:02[22m   [34m├─[39m [2m/en/news/london-cafe-uses-british-sign-language-for-orders-run-by-deaf-baristas-f42d856c/index.html[22m [2m(+266ms)[22m 
[2m12:35:02[22m   [34m├─[39m [2m/en/news/explaining-the-proper-use-of-alt-text-for-web-accessibility-b02df99c/index.html[22m [2m(+305ms)[22m 
[2m12:35:02[22m   [34m├─[39m [2m/en/news/user-identifies-as-having-a-physical-disability-in-japanese-greeting-68ab1569/index.html[22m [2m(+273ms)[22m 
[2m12:35:02[22m   [34m├─[39m [2m/en/news/discussion-on-disability-brand-visibility-and-hate-speech-eff02288/index.html[22m [2m(+250ms)[22m 
[2m12:35:03[22m   [34m├─[39m [2m/en/news/disabled-person-shares-experience-caring-for-able-bodied-partner-215c9c4c/index.html[22m [2m(+281ms)[22m 
[2m12:35:03[22m   [34m├─[39m [2m/en/news/disabled-individuals-face-challenges-when-going-out-23d3f4e3/index.html[22m [2m(+258ms)[22m 
[2m12:35:03[22m   [34m├─[39m [2m/en/news/elderly-drivers-criticized-for-using-disability-parking-spaces-495294be/index.html[22m [2m(+301ms)[22m 
[2m12:35:04[22m   [34m├─[39m [2m/en/news/developmental-disability-perspectives-in-customer-vs-worker-roles-in-japan-7beb4d4c/index.html[22m [2m(+379ms)[22m 
[2m12:35:04[22m   [34m├─[39m [2m/en/news/disability-discount-confusion-on-train-ticket-091140b1/index.html[22m [2m(+330ms)[22m 
[2m12:35:04[22m   [34m├─[39m [2m/en/news/call-for-disability-inclusion-and-empowerment-e2ddf1ce/index.html[22m [2m(+359ms)[22m 
[2m12:35:05[22m   [34m├─[39m [2m/en/news/exhibition-features-design-by-disabled-artist-3e1ea0c1/index.html[22m [2m(+287ms)[22m 
[2m12:35:05[22m   [34m├─[39m [2m/en/news/term-for-disabled-person-caring-for-another-disabled-person-c52aa317/index.html[22m [2m(+256ms)[22m 
[2m12:35:05[22m   [34m├─[39m [2m/en/news/france-court-backs-digital-accessibility-under-european-accessibility-act-32f25ab0/index.html[22m [2m(+248ms)[22m 
[2m12:35:05[22m   [34m├─[39m [2m/en/news/disability-care-funding-needed-to-support-staff-and-services-94cced17/index.html[22m [2m(+246ms)[22m 
[2m12:35:06[22m   [34m├─[39m [2m/en/news/disability-group-home-treatment-differs-when-alone-vs-with-counselor-dee1fc20/index.html[22m [2m(+265ms)[22m 
[2m12:35:06[22m   [34m├─[39m [2m/en/news/person-with-impulsive-disability-describes-others-fear-of-their-actions-855061e7/index.html[22m [2m(+249ms)[22m 
[2m12:35:06[22m   [34m├─[39m [2m/en/news/challenges-in-disability-employment-workshops-highlighted-2d85326c/index.html[22m [2m(+260ms)[22m 
[2m12:35:06[22m   [34m├─[39m [2m/en/news/dialysis-patient-notes-high-cost-covered-by-disability-grade-1-in-japan-54f6d5b7/index.html[22m [2m(+290ms)[22m 
[2m12:35:07[22m   [34m├─[39m [2m/en/news/job-seeker-considers-disability-focused-job-postings-634ffed8/index.html[22m [2m(+265ms)[22m 
[2m12:35:07[22m   [34m├─[39m [2m/en/news/debate-over-cutting-medical-and-care-services-for-elderly-and-disabled-persons-7e47445d/index.html[22m [2m(+310ms)[22m 
[2m12:35:07[22m   [34m├─[39m [2m/en/news/discussion-of-chemical-sensitivity-and-developmental-disability-perceptions-6f99d1f5/index.html[22m [2m(+293ms)[22m 
[2m12:35:08[22m   [34m├─[39m [2m/en/news/key-trait-for-effective-mentors-in-disability-employment-approachability-4c14a1e6/index.html[22m [2m(+318ms)[22m 
[2m12:35:08[22m   [34m├─[39m [2m/en/news/open-air-bath-day-promotes-disability-employment-support-in-oita-cd3d2d36/index.html[22m [2m(+311ms)[22m 
[2m12:35:08[22m   [34m├─[39m [2m/en/news/meeting-scheduled-to-discuss-disability-employment-2efea782/index.html[22m [2m(+279ms)[22m 
[2m12:35:08[22m   [34m├─[39m [2m/en/news/z-generations-subtle-aversion-to-interacting-with-disabled-people-33e37130/index.html[22m [2m(+263ms)[22m 
[2m12:35:09[22m   [34m├─[39m [2m/en/news/user-plans-to-rest-at-home-while-managing-depression-9d364314/index.html[22m [2m(+293ms)[22m 
[2m12:35:09[22m   [34m├─[39m [2m/en/news/comment-on-disability-inheritance-from-parents-with-depression-and-developmental-ef0eac01/index.html[22m [2m(+352ms)[22m 
[2m12:35:09[22m   [34m├─[39m [2m/en/news/inclusion-ensures-equal-access-for-people-with-disabilities-7fc4efa7/index.html[22m [2m(+283ms)[22m 
[2m12:35:10[22m   [34m├─[39m [2m/en/news/critique-of-inclusive-education-assumptions-75f326f7/index.html[22m [2m(+286ms)[22m 
[2m12:35:10[22m   [34m├─[39m [2m/en/news/promoting-inclusive-belonging-for-all-b04dc44e/index.html[22m [2m(+279ms)[22m 
[2m12:35:10[22m   [34m├─[39m [2m/en/news/discussion-on-accessibility-misuse-in-public-critique-0f63da75/index.html[22m [2m(+262ms)[22m 
[2m12:35:10[22m   [34m├─[39m [2m/en/news/discussion-on-developmental-disabilities-and-job-suitability-776b2a69/index.html[22m [2m(+280ms)[22m 
[2m12:35:11[22m   [34m├─[39m [2m/en/news/derogatory-remark-blaming-disabled-people-5f409d68/index.html[22m [2m(+310ms)[22m 
[2m12:35:11[22m   [34m├─[39m [2m/en/news/princess-kako-views-exhibition-of-works-by-disabled-artists-64ea461c/index.html[22m [2m(+306ms)[22m 
[2m12:35:11[22m   [34m├─[39m [2m/en/news/digital-career-lab-shares-user-blog-on-smoothie-habits-and-disability-welfare-89cb1593/index.html[22m [2m(+310ms)[22m 
[2m12:35:12[22m   [34m├─[39m [2m/en/news/barrier-free-esports-community-hosts-fallguys-session-c7590b02/index.html[22m [2m(+292ms)[22m 
[2m12:35:12[22m   [34m├─[39m [2m/en/news/design-system-updated-with-accessibility-gates-and-visual-regression-testing-5da47ba0/index.html[22m [2m(+307ms)[22m 
[2m12:35:12[22m   [34m├─[39m [2m/en/news/barrier-free-audio-commentary-released-for-osomatsu-san-film-a30141c1/index.html[22m [2m(+331ms)[22m 
[2m12:35:13[22m   [34m├─[39m [2m/en/news/bullying-targets-often-include-people-with-disabilities-40e62aac/index.html[22m [2m(+298ms)[22m 
[2m12:35:13[22m   [34m├─[39m [2m/en/news/japan-promotes-inclusive-childcare-for-medically-complex-children-amid-nurse-sho-829327df/index.html[22m [2m(+320ms)[22m 
[2m12:35:13[22m   [34m├─[39m [2m/en/news/promoting-disability-inclusion-and-equal-access-9815bd3d/index.html[22m [2m(+292ms)[22m 
[2m12:35:14[22m   [34m├─[39m [2m/en/news/questioning-the-value-of-hiring-part-time-workers-with-disabilities-to-meet-lega-900ed3d6/index.html[22m [2m(+279ms)[22m 
[2m12:35:14[22m   [34m├─[39m [2m/en/news/mocking-inclusivity-by-suggesting-someones-mind-is-disabled-71cf94da/index.html[22m [2m(+291ms)[22m 
[2m12:35:14[22m   [34m├─[39m [2m/en/news/disability-harassment-causes-trust-issues-69f931be/index.html[22m [2m(+278ms)[22m 
[2m12:35:14[22m   [34m├─[39m [2m/en/news/critique-of-bullying-and-exploitation-of-disabled-workers-99129024/index.html[22m [2m(+291ms)[22m 
[2m12:35:15[22m   [34m├─[39m [2m/en/news/treating-someone-as-disabled-is-unacceptable-ac436884/index.html[22m [2m(+268ms)[22m 
[2m12:35:15[22m   [34m├─[39m [2m/en/news/musical-kiranotobi-announces-disability-discount-ticket-sales-12e189c7/index.html[22m [2m(+302ms)[22m 
[2m12:35:15[22m   [34m├─[39m [2m/en/news/neurodiversity-seminar-explores-future-of-disability-employment-0f672a1d/index.html[22m [2m(+341ms)[22m 
[2m12:35:16[22m   [34m├─[39m [2m/en/news/india-supreme-court-rules-digital-access-part-of-right-to-life-d2c49124/index.html[22m [2m(+257ms)[22m 
[2m12:35:16[22m   [34m├─[39m [2m/en/news/disability-employment-support-program-offers-daily-curriculum-5dab71f4/index.html[22m [2m(+304ms)[22m 
[2m12:35:16[22m   [34m├─[39m [2m/en/news/tax-benefits-for-congenital-insensitivity-to-pain-with-anhidrosis-patients-4af8f9f8/index.html[22m [2m(+272ms)[22m 
[2m12:35:16[22m   [34m├─[39m [2m/en/news/disability-employment-and-remote-work-highlighted-in-japan-e1e3e57d/index.html[22m [2m(+271ms)[22m 
[2m12:35:17[22m   [34m├─[39m [2m/en/news/disability-work-facility-subsidies-clarified-ca90b7f8/index.html[22m [2m(+287ms)[22m 
[2m12:35:17[22m   [34m├─[39m [2m/en/news/10th-anniversary-of-sagamihara-disability-facility-attack-810253d2/index.html[22m [2m(+270ms)[22m 
[2m12:35:17[22m   [34m├─[39m [2m/en/news/disability-facility-staff-absenteeism-discussed-18b77af1/index.html[22m [2m(+281ms)[22m 
[2m12:35:18[22m   [34m├─[39m [2m/en/news/marathon-weekend-keynote-speaker-promotes-running-accessibility-1ca53ed6/index.html[22m [2m(+317ms)[22m 
[2m12:35:18[22m   [34m├─[39m [2m/en/news/rockaway-beach-oregon-becomes-first-us-community-to-complete-destination-wide-ac-dc4276b0/index.html[22m [2m(+309ms)[22m 
[2m12:35:18[22m   [34m├─[39m [2m/en/news/best-web-accessibility-tools-for-ada-compliance-86e98865/index.html[22m [2m(+311ms)[22m 
[2m12:35:18[22m   [34m├─[39m [2m/en/news/grant-helps-clay-center-library-plan-for-better-accessibility-kcly-radio-4fc3bff2/index.html[22m [2m(+292ms)[22m 
[2m12:35:19[22m   [34m├─[39m [2m/en/news/office-for-civil-rights-compliance-and-prevention-education-recognizes-sb-chandl-c957055f/index.html[22m [2m(+304ms)[22m 
[2m12:35:19[22m   [34m├─[39m [2m/en/news/stars-and-steamboat-resort-partner-to-create-bike-park-accessibility-2e199330/index.html[22m [2m(+270ms)[22m 
[2m12:35:19[22m   [34m├─[39m [2m/en/news/asan-opposes-doj-delay-to-digital-accessibility-autistic-self-advocacy-network-edfec928/index.html[22m [2m(+249ms)[22m 
[2m12:35:20[22m   [34m├─[39m [2m/en/news/author-rishabh-gupta-releases-book-on-vision-loss-in-india-b3cd5024/index.html[22m [2m(+268ms)[22m 
[2m12:35:20[22m   [34m├─[39m [2m/en/news/ada-accessibility-improvements-slated-for-hendersonville-park-664ed48e/index.html[22m [2m(+289ms)[22m 
[2m12:35:20[22m   [34m├─[39m [2m/en/news/paris-landing-state-park-opens-tactile-trail-for-accessibility-tngov-e12487c6/index.html[22m [2m(+275ms)[22m 
[2m12:35:20[22m   [34m├─[39m [2m/en/news/applause-and-progress-software-enable-accessible-collaboration-for-sharefile-use-2d2e206a/index.html[22m [2m(+265ms)[22m 
[2m12:35:21[22m   [34m├─[39m [2m/en/news/ai-search-is-routing-users-to-the-least-accessible-pages-on-the-web-audioeyes-20-a7b42946/index.html[22m [2m(+280ms)[22m 
[2m12:35:21[22m   [34m├─[39m [2m/en/news/asg-gaad-2026-conference-on-digital-accessibility-announced-e903c4e8/index.html[22m [2m(+343ms)[22m 
[2m12:35:21[22m   [34m├─[39m [2m/en/news/misago-all-in-one-accessibility-added-to-pypi-49c94729/index.html[22m [2m(+313ms)[22m 
[2m12:35:22[22m   [34m├─[39m [2m/en/news/misago-all-in-one-accessibility-100-released-910295fd/index.html[22m [2m(+320ms)[22m 
[2m12:35:22[22m   [34m├─[39m [2m/en/news/droptica-text-in-images-and-seo-why-image-based-content-kills-visibility-and-how-81b2424c/index.html[22m [2m(+323ms)[22m 
[2m12:35:22[22m   [34m├─[39m [2m/en/news/like-swimming-through-the-air-my-thrilling-role-in-giselle-with-the-royal-ballet-38051b23/index.html[22m [2m(+318ms)[22m 
[2m12:35:23[22m   [34m├─[39m [2m/en/news/increased-accessibility-coming-to-sanders-ferry-greenway-main-street-media-of-te-c3608a07/index.html[22m [2m(+267ms)[22m 
[2m12:35:23[22m   [34m├─[39m [2m/en/news/accessible-document-sharing-how-we-share-documents-is-important-for-accessibilit-3fd1d317/index.html[22m [2m(+289ms)[22m 
[2m12:35:23[22m   [34m├─[39m [2m/en/news/charleston-countys-beach-accessibility-expands-with-off-road-wheelchair-fleet-2387f9f6/index.html[22m [2m(+281ms)[22m 
[2m12:35:23[22m   [34m├─[39m [2m/en/news/above-all-there-is-love-single-mothers-caring-for-disabled-children-in-pictures-4829202b/index.html[22m [2m(+321ms)[22m 
[2m12:35:24[22m   [34m├─[39m [2m/en/news/autism-hub-turns-research-into-real-world-support-5cb39bbc/index.html[22m [2m(+287ms)[22m 
[2m12:35:24[22m   [34m├─[39m [2m/en/news/advancing-equal-sport-access-for-persons-with-disabilities-13f6d29e/index.html[22m [2m(+251ms)[22m 
[2m12:35:24[22m   [34m├─[39m [2m/en/news/travel-to-okinawa-for-upcoming-accessibility-conference-a392e7af/index.html[22m [2m(+294ms)[22m 
[2m12:35:25[22m   [34m├─[39m [2m/en/news/penn-researchers-awarded-google-grant-to-improve-medical-imaging-accessibility-c2b20d72/index.html[22m [2m(+266ms)[22m 
[2m12:35:25[22m   [34m├─[39m [2m/en/news/renovation-of-toilet-no-6-in-daan-forest-park-optimizes-space-for-better-accessi-de00863e/index.html[22m [2m(+321ms)[22m 
[2m12:35:25[22m   [34m├─[39m [2m/en/news/birmingham-partners-with-kulturecity-to-create-accessibility-education-employmen-4b7d9b20/index.html[22m [2m(+255ms)[22m 
[2m12:35:25[22m   [34m├─[39m [2m/en/news/residents-at-knoxville-apartment-wait-months-for-ac-accessibility-fixes-86992234/index.html[22m [2m(+300ms)[22m 
[2m12:35:26[22m   [34m├─[39m [2m/en/news/kc2026-fifa-fan-fest-offer-asl-improved-accessibility-at-world-cup-events-bfa34ad2/index.html[22m [2m(+281ms)[22m 
[2m12:35:26[22m   [34m├─[39m [2m/en/news/meta-is-giving-free-smart-glasses-to-every-blind-us-veteran-23a4b827/index.html[22m [2m(+259ms)[22m 
[2m12:35:26[22m   [34m├─[39m [2m/en/news/inclusion-accessibility-and-community-celebrated-during-first-ever-mollys-day-at-e1636a36/index.html[22m [2m(+291ms)[22m 
[2m12:35:27[22m   [34m├─[39m [2m/en/news/new-amtrak-station-lauded-for-accessibility-welcoming-vibe-0b431168/index.html[22m [2m(+295ms)[22m 
[2m12:35:27[22m   [34m├─[39m [2m/en/news/friendship-circles-health-ambassadors-advocate-for-accessibility-across-pittsbur-21f42b50/index.html[22m [2m(+244ms)[22m 
[2m12:35:27[22m   [34m├─[39m [2m/en/news/ablevu-and-uasa-team-up-to-expand-accessibility-resources-nationwide-83cf26a9/index.html[22m [2m(+266ms)[22m 
[2m12:35:27[22m   [34m├─[39m [2m/en/news/50-st-station-accessibility-upgrades-funded-through-zfa-program-bb2c9d21/index.html[22m [2m(+268ms)[22m 
[2m12:35:28[22m   [34m├─[39m [2m/en/news/birmingham-pledges-7-million-to-national-accessibility-park-e31007ef/index.html[22m [2m(+307ms)[22m 
[2m12:35:28[22m   [34m├─[39m [2m/en/news/accessible-taxi-license-plate-feeding-depends-on-monster-public-forum-commentary-08187f14/index.html[22m [2m(+272ms)[22m 
[2m12:35:28[22m   [34m├─[39m [2m/en/news/the-accessibility-tree-is-how-ai-agents-read-your-site-its-breaking-f06bd35a/index.html[22m [2m(+278ms)[22m 
[2m12:35:28[22m   [34m├─[39m [2m/en/news/heres-an-event-for-all-ages-and-accessibility-in-west-bloomfield-ac059736/index.html[22m [2m(+243ms)[22m 
[2m12:35:29[22m   [34m├─[39m [2m/en/news/kulturecity-secures-7m-from-city-of-birmingham-for-new-national-accessibility-pa-0242332f/index.html[22m [2m(+289ms)[22m 
[2m12:35:29[22m   [34m├─[39m [2m/en/news/india-has-rs-95000-cr-addressable-market-for-assistive-tech-by-2030-ncpedp-03a32b1c/index.html[22m [2m(+284ms)[22m 
[2m12:35:29[22m   [34m├─[39m [2m/en/news/vections-accessibility-kiosk-gains-momentum-with-airport-order-c5ab6c6a/index.html[22m [2m(+268ms)[22m 
[2m12:35:30[22m   [34m├─[39m [2m/en/news/lakewoods-new-website-emphasizes-accessibility-ac022a0a/index.html[22m [2m(+324ms)[22m 
[2m12:35:30[22m   [34m├─[39m [2m/en/news/exposure-hualien-special-education-assistants-receive-zero-pay-during-summerwint-9a4467ec/index.html[22m [2m(+331ms)[22m 
[2m12:35:30[22m   [34m├─[39m [2m/en/news/mayoral-candidates-discuss-accessibility-improvements-for-schools-and-billy-bish-58b888c2/index.html[22m [2m(+308ms)[22m 
[2m12:35:31[22m   [34m├─[39m [2m/en/news/three-gorges-residents-30-year-memory-to-disappear-zhongzheng-overpass-to-be-dem-6c4bae3e/index.html[22m [2m(+305ms)[22m 
[2m12:35:31[22m   [34m├─[39m [2m/en/news/airports-have-more-to-learn-about-accessibility-for-travellers-with-hidden-disab-3eea47be/index.html[22m [2m(+276ms)[22m 
[2m12:35:31[22m   [34m├─[39m [2m/en/news/ancient-woman-challenges-modern-assumptions-about-disability-d71172a8/index.html[22m [2m(+299ms)[22m 
[2m12:35:31[22m   [34m├─[39m [2m/en/news/finlands-democratic-backsliding-continues-with-cuts-to-disability-rights-818426df/index.html[22m [2m(+304ms)[22m 
[2m12:35:32[22m   [34m├─[39m [2m/en/news/fosun-voyager-partners-to-create-taiwans-new-future-of-accessible-transportation-7e5efeb4/index.html[22m [2m(+274ms)[22m 
[2m12:35:32[22m   [34m├─[39m [2m/en/news/save-the-date-umb-accessibility-training-town-hall-on-sept-10-the-university-of--fdec4aed/index.html[22m [2m(+286ms)[22m 
[2m12:35:32[22m   [34m├─[39m [2m/en/news/city-of-pharr-hosts-accessibility-and-inclusion-training-8b319845/index.html[22m [2m(+295ms)[22m 
[2m12:35:33[22m   [34m├─[39m [2m/en/news/birmingham-approves-7m-investment-in-kulturecitys-accessibility-park-at-powell-s-85ce8d01/index.html[22m [2m(+265ms)[22m 
[2m12:35:33[22m   [34m├─[39m [2m/en/news/birmingham-approves-incentives-for-nonprofits-accessibility-epicenter-at-powell--091ead58/index.html[22m [2m(+250ms)[22m 
[2m12:35:33[22m   [34m├─[39m [2m/en/news/st-georges-undergoes-3m-accessibility-makeover-d43bd1ca/index.html[22m [2m(+269ms)[22m 
[2m12:35:33[22m   [34m├─[39m [2m/en/news/new-playground-with-accessibility-upgrades-opens-at-badger-prairie-county-park-d2cc38c2/index.html[22m [2m(+311ms)[22m 
[2m12:35:34[22m   [34m├─[39m [2m/en/news/new-playground-with-accessibility-upgrades-opens-at-badger-prairie-county-park-f-7f2d2854/index.html[22m [2m(+313ms)[22m 
[2m12:35:34[22m   [34m├─[39m [2m/en/news/artist-ban-tie-xiang-suffers-severe-leg-fracture-after-falling-on-inaccessible-r-b046e284/index.html[22m [2m(+238ms)[22m 
[2m12:35:34[22m   [34m├─[39m [2m/en/news/boone-county-fair-makes-accessibility-and-other-improvements-ahead-of-summer-tra-c3b38a9c/index.html[22m [2m(+333ms)[22m 
[2m12:35:35[22m   [34m├─[39m [2m/en/news/possibilities-premieres-june-27-reimagining-accessible-filmmaking-through-collab-5a080b88/index.html[22m [2m(+367ms)[22m 
[2m12:35:35[22m   [34m├─[39m [2m/en/news/disney-denies-das-accommodations-to-ptsd-veteran-despite-prior-approval-f9cce4dd/index.html[22m [2m(+326ms)[22m 
[2m12:35:35[22m   [34m├─[39m [2m/en/news/tweet-questions-seriousness-of-relationships-involving-intellectual-disability-15dc9259/index.html[22m [2m(+272ms)[22m 
[2m12:35:35[22m   [34m├─[39m [2m/en/news/discussion-on-autism-synergy-and-neurodiverse-inclusion-45f2535e/index.html[22m [2m(+296ms)[22m 
[2m12:35:36[22m   [34m├─[39m [2m/en/news/microsoft-refreshes-sharepoint-design-to-improve-accessibility-7100858c/index.html[22m [2m(+298ms)[22m 
[2m12:35:36[22m   [34m├─[39m [2m/en/news/disability-ic-card-update-eases-outing-procedures-but-challenges-remain-fbbfc8ef/index.html[22m [2m(+322ms)[22m 
[2m12:35:36[22m   [34m├─[39m [2m/en/news/tim-cook-links-purpose-to-apples-accessibility-efforts-a7c9ebcf/index.html[22m [2m(+295ms)[22m 
[2m12:35:37[22m   [34m├─[39m [2m/en/news/concerns-over-fraud-in-disability-welfare-programs-undermine-public-trust-a41c95e9/index.html[22m [2m(+340ms)[22m 
[2m12:35:37[22m   [34m├─[39m [2m/en/news/volunteer-advocates-for-intellectual-and-mental-disability-inclusion-in-ai-era-c39482fd/index.html[22m [2m(+292ms)[22m 
[2m12:35:37[22m   [34m├─[39m [2m/en/news/project-independence-and-makapo-aquatics-host-accessible-water-sports-event-6a7b2344/index.html[22m [2m(+324ms)[22m 
[2m12:35:38[22m   [34m├─[39m [2m/en/news/disability-welfare-workers-criticized-for-improper-user-handling-622cd261/index.html[22m [2m(+310ms)[22m 
[2m12:35:38[22m   [34m├─[39m [2m/en/news/about-40-of-people-with-disabilities-in-japan-work-in-medical-welfare-sector-4f4a50b5/index.html[22m [2m(+294ms)[22m 
[2m12:35:38[22m   [34m├─[39m [2m/en/news/a11yrepair-knowledge-enhanced-divide-and-conquer-approach-for-web-accessibility-dff542fd/index.html[22m [2m(+269ms)[22m 
[2m12:35:39[22m   [34m├─[39m [2m/en/news/sarcastic-comment-on-disability-certification-as-debate-tactic-8de249ad/index.html[22m [2m(+281ms)[22m 
[2m12:35:39[22m   [34m├─[39m [2m/en/news/disabled-individual-calls-out-able-bodied-harassment-c24b54bd/index.html[22m [2m(+282ms)[22m 
[2m12:35:39[22m   [34m├─[39m [2m/en/news/florida-state-football-player-sits-with-autistic-boy-f2384fd8/index.html[22m [2m(+291ms)[22m 
[2m12:35:39[22m   [34m├─[39m [2m/en/news/microsoft-highlights-accessibility-partners-driving-business-growth-eba37592/index.html[22m [2m(+291ms)[22m 
[2m12:35:40[22m   [34m├─[39m [2m/en/news/ace-of-brussels-promotes-inclusive-education-for-international-families-de485434/index.html[22m [2m(+295ms)[22m 
[2m12:35:40[22m   [34m├─[39m [2m/en/news/living-with-bipolar-disorder-and-advocating-for-mental-health-awareness-1a0ea14c/index.html[22m [2m(+296ms)[22m 
[2m12:35:40[22m   [34m├─[39m [2m/en/news/funding-for-live-musical-event-promoting-deia-in-ireland-af02da96/index.html[22m [2m(+295ms)[22m 
[2m12:35:41[22m   [34m├─[39m [2m/en/news/allegations-of-manipulation-of-disabled-and-elderly-voters-in-japan-2cefefd4/index.html[22m [2m(+289ms)[22m 
[2m12:35:41[22m   [34m├─[39m [2m/en/news/clearalt-ai-generates-wcagcompliant-alt-text-b02fddd7/index.html[22m [2m(+307ms)[22m 
[2m12:35:41[22m   [34m├─[39m [2m/en/news/local-author-hosts-signing-for-inclusion-books-58352ec6/index.html[22m [2m(+281ms)[22m 
[2m12:35:41[22m   [34m├─[39m [2m/en/news/tweet-advocates-eugenic-elimination-of-disabled-people-d1df2e45/index.html[22m [2m(+295ms)[22m 
[2m12:35:42[22m   [34m├─[39m [2m/en/news/rising-self-identification-as-disabled-sparks-discussion-9dc4593d/index.html[22m [2m(+316ms)[22m 
[2m12:35:42[22m   [34m├─[39m [2m/en/news/concerns-over-abuse-risks-in-facilities-housing-people-with-disabilities-7c0cc635/index.html[22m [2m(+261ms)[22m 
[2m12:35:42[22m   [34m├─[39m [2m/en/news/new-siri-ai-praised-for-accessibility-benefits-57afeb75/index.html[22m [2m(+265ms)[22m 
[2m12:35:43[22m   [34m├─[39m [2m/en/news/usaid-funding-includes-70k-for-dei-and-accessibility-event-in-ireland-7482707d/index.html[22m [2m(+269ms)[22m 
[2m12:35:43[22m   [34m├─[39m [2m/en/news/shinagawa-ward-disability-facilities-deteriorating-9b53a42a/index.html[22m [2m(+265ms)[22m 
[2m12:35:43[22m   [34m├─[39m [2m/en/news/disability-welfare-workforce-shortage-in-japan-3e046625/index.html[22m [2m(+269ms)[22m 
[2m12:35:43[22m   [34m├─[39m [2m/en/news/reflection-on-being-labeled-as-a-disabled-person-593fd8f9/index.html[22m [2m(+327ms)[22m 
[2m12:35:44[22m   [34m├─[39m [2m/en/news/individual-shares-experience-of-acquiring-disability-after-job-loss-and-transiti-11a49d4a/index.html[22m [2m(+325ms)[22m 
[2m12:35:44[22m   [34m├─[39m [2m/en/news/user-critiques-false-claim-that-disabled-people-are-exempt-from-criminal-liabili-1c426223/index.html[22m [2m(+303ms)[22m 
[2m12:35:44[22m   [34m├─[39m [2m/en/news/derogatory-remark-targets-disabled-baseball-fans-1d20e1de/index.html[22m [2m(+269ms)[22m 
[2m12:35:45[22m   [34m├─[39m [2m/en/news/family-supports-child-with-severe-behavioral-disorder-to-attend-day-programs-and-1d16ae37/index.html[22m [2m(+301ms)[22m 
[2m12:35:45[22m   [34m├─[39m [2m/en/news/divorce-finalized-for-perpetrator-of-yamayuri-garden-disability-murder-5455d7e0/index.html[22m [2m(+291ms)[22m 
[2m12:35:45[22m   [34m├─[39m [2m/en/news/reflection-on-factors-leading-to-disability-onset-33437d06/index.html[22m [2m(+247ms)[22m 
[2m12:35:45[22m   [34m├─[39m [2m/en/news/past-lack-of-understanding-toward-people-with-mental-disabilities-1da5e4e9/index.html[22m [2m(+296ms)[22m 
[2m12:35:46[22m   [34m├─[39m [2m/en/news/scarcity-of-part-time-care-support-jobs-for-disabled-persons-6917e795/index.html[22m [2m(+285ms)[22m 
[2m12:35:46[22m   [34m├─[39m [2m/en/news/alleged-mistreatment-of-disability-facility-worker-by-police-7985ad07/index.html[22m [2m(+312ms)[22m 
[2m12:35:46[22m   [34m├─[39m [2m/en/news/accessibility-20-is-becoming-a-leadership-conversation-17a0295b/index.html[22m [2m(+279ms)[22m 
[2m12:35:47[22m   [34m├─[39m [2m/en/news/starmers-family-members-are-disabled-9c212aaa/index.html[22m [2m(+299ms)[22m 
[2m12:35:47[22m   [34m├─[39m [2m/en/news/discussion-on-developmental-disability-conflicts-ff7a8e57/index.html[22m [2m(+261ms)[22m 
[2m12:35:47[22m   [34m├─[39m [2m/en/news/air-show-provides-parking-for-attendees-with-heart-function-disabilities-91d32ed4/index.html[22m [2m(+311ms)[22m 
[2m12:35:47[22m   [34m├─[39m [2m/en/news/discussion-on-disability-and-reproductive-choices-after-medical-consultation-f0b5d4c3/index.html[22m [2m(+278ms)[22m 
[2m12:35:48[22m   [34m├─[39m [2m/en/news/japan-considers-grace-period-for-mental-disability-employment-04b672c8/index.html[22m [2m(+281ms)[22m 
[2m12:35:48[22m   [34m├─[39m [2m/en/news/individual-with-mental-disability-describes-emotional-strain-over-religious-diff-3b1193dd/index.html[22m [2m(+292ms)[22m 
[2m12:35:48[22m   [34m├─[39m [2m/en/news/individual-expresses-frustration-over-disability-welfare-access-057a0134/index.html[22m [2m(+262ms)[22m 
[2m12:35:49[22m   [34m├─[39m [2m/en/news/bullying-behavior-linked-to-developmental-disability-in-japan-6eb75d55/index.html[22m [2m(+245ms)[22m 
[2m12:35:49[22m   [34m├─[39m [2m/en/news/critique-of-perceived-advantage-for-disabled-families-in-welfare-awards-3b4a0002/index.html[22m [2m(+271ms)[22m 
[2m12:35:49[22m   [34m├─[39m [2m/en/news/visually-impaired-gamer-enjoys-rhythm-heaven-without-looking-at-screen-02e2940d/index.html[22m [2m(+295ms)[22m 
[2m12:35:49[22m   [34m├─[39m [2m/en/news/exploitative-homebased-work-scheme-targeting-disabled-workers-uncovered-3e937608/index.html[22m [2m(+258ms)[22m 
[2m12:35:50[22m   [34m├─[39m [2m/en/news/physical-disabilities-show-higher-employment-rates-than-mental-disabilities-71c6af2b/index.html[22m [2m(+402ms)[22m 
[2m12:35:50[22m   [34m├─[39m [2m/en/news/critique-of-misguided-equality-leading-to-disability-exclusion-a9f1a0c4/index.html[22m [2m(+354ms)[22m 
[2m12:35:50[22m   [34m├─[39m [2m/en/news/caregiver-with-depression-overwhelmed-as-care-manager-ignores-mental-health-need-4a4fee47/index.html[22m [2m(+280ms)[22m 
[2m12:35:51[22m   [34m├─[39m [2m/en/news/mental-disabilities-comprise-majority-of-disability-job-applications-26d38a6a/index.html[22m [2m(+340ms)[22m 
[2m12:35:51[22m   [34m├─[39m [2m/en/news/person-shares-5year-struggle-to-obtain-disability-certificate-in-japan-e181df99/index.html[22m [2m(+279ms)[22m 
[2m12:35:51[22m   [34m├─[39m [2m/en/news/gis-geoinsights-building-an-accessible-gis-future-ingov-a434bee8/index.html[22m [2m(+327ms)[22m 
[2m12:35:52[22m   [34m├─[39m [2m/en/news/call-out-ableist-behavior-labeling-people-as-intellectual-disability-53fe9671/index.html[22m [2m(+263ms)[22m 
[2m12:35:52[22m   [34m├─[39m [2m/en/news/user-describes-being-a-hardcore-disabled-person-helpful-only-for-certain-governm-ab31764a/index.html[22m [2m(+289ms)[22m 
[2m12:35:52[22m   [34m├─[39m [2m/en/news/discussion-on-the-origin-of-the-term-disabled-16fe938e/index.html[22m [2m(+256ms)[22m 
[2m12:35:52[22m   [34m├─[39m [2m/en/news/autism-and-learning-disability-mentioned-e89732ca/index.html[22m [2m(+283ms)[22m 
[2m12:35:53[22m   [34m├─[39m [2m/en/news/bear-brook-picnic-area-accessibility-information-national-park-service-gov-821b52fd/index.html[22m [2m(+290ms)[22m 
[2m12:35:53[22m   [34m├─[39m [2m/en/news/keeping-accessibility-in-mind-for-americas-250th-anniversary-in-philadelphia-ee859270/index.html[22m [2m(+299ms)[22m 
[2m12:35:53[22m   [34m├─[39m [2m/en/news/building-accessibility-through-collaboration-university-of-new-hampshire-fc12b5dc/index.html[22m [2m(+316ms)[22m 
[2m12:35:54[22m   [34m├─[39m [2m/en/news/disabled-leadership-capability-backed-351f22b6/index.html[22m [2m(+290ms)[22m 
[2m12:35:54[22m   [34m├─[39m [2m/en/news/uk-gov-funds-new-specialist-interpreters-for-deafblind-people-26db6907/index.html[22m [2m(+311ms)[22m 
[2m12:35:54[22m   [34m├─[39m [2m/en/news/advocacy-recommends-that-doj-withdraw-ada-accessibility-rule-for-small-governmen-0e91dca0/index.html[22m [2m(+384ms)[22m 
[2m12:35:55[22m   [34m├─[39m [2m/en/news/6-ways-the-ai-omnibus-weakens-protections-for-persons-with-disabilities-bca15462/index.html[22m [2m(+298ms)[22m 
[2m12:35:55[22m   [34m├─[39m [2m/en/news/be-my-eyes-launches-alongside-gaad-2026-and-mab-anniversary-in-malaysia-b36c6b06/index.html[22m [2m(+308ms)[22m 
[2m12:35:55[22m   [34m├─[39m [2m/en/news/user-celebrates-positive-developments-with-a11ytyo-hashtag-18b928ea/index.html[22m [2m(+296ms)[22m 
[2m12:35:56[22m   [34m├─[39m [2m/en/news/book-announcement-with-korean-version-available-232eda9a/index.html[22m [2m(+286ms)[22m 
[2m12:35:56[22m   [34m├─[39m [2m/en/news/considering-wcag-in-pr-operations-and-user-support-9bac1ef8/index.html[22m [2m(+278ms)[22m 
[2m12:35:56[22m   [34m├─[39m [2m/en/news/opportunity-to-meet-people-highlighted-as-key-content-in-accessibility-discussio-1d38333b/index.html[22m [2m(+306ms)[22m 
[2m12:35:56[22m   [34m├─[39m [2m/en/news/anticipation-for-moriyas-talk-at-accessibility-event-fc3206ef/index.html[22m [2m(+281ms)[22m 
[2m12:35:57[22m   [34m├─[39m [2m/en/news/all-japan-federation-of-the-deaf-announces-kyoto-office-relocation-and-integrati-6f8b032c/index.html[22m [2m(+265ms)[22m 
[2m12:35:57[22m   [34m├─[39m [2m/en/news/giveaway-of-web-accessibility-textbook-at-event-cd6e8955/index.html[22m [2m(+258ms)[22m 
[2m12:35:57[22m   [34m├─[39m [2m/en/news/orange-tree-theatre-removes-entrance-steps-to-boost-accessibility-broadwayworld-290c578e/index.html[22m [2m(+288ms)[22m 
[2m12:35:58[22m   [34m├─[39m [2m/en/news/advocates-say-yellowknife-needs-to-do-more-for-pedestrian-accessibility-31150205/index.html[22m [2m(+292ms)[22m 
[2m12:35:58[22m   [34m├─[39m [2m/en/news/accessibility-spotlight-ubisoft-e046c37f/index.html[22m [2m(+349ms)[22m 
[2m12:35:58[22m   [34m├─[39m [2m/en/news/would-rather-hold-it-than-go-banqiao-station-b1-toilet-criticized-as-northern-ta-898a2b20/index.html[22m [2m(+294ms)[22m 
[2m12:35:58[22m   [34m├─[39m [2m/en/news/comment-on-mocking-individuals-with-disabilities-d2ea4c6a/index.html[22m [2m(+331ms)[22m 
[2m12:35:59[22m   [34m├─[39m [2m/en/news/four-recommendations-to-overcome-individual-responsibility-in-disaster-preventio-0bcd9ed7/index.html[22m [2m(+325ms)[22m 
[2m12:35:59[22m   [34m├─[39m [2m/en/news/harassment-of-disabled-person-sparks-concern-862f5171/index.html[22m [2m(+279ms)[22m 
[2m12:35:59[22m   [34m├─[39m [2m/en/news/user-shares-barrierfree-route-scouting-for-friend-with-fracture-3b9b7393/index.html[22m [2m(+282ms)[22m 
[2m12:36:00[22m   [34m├─[39m [2m/en/news/disability-welfare-business-faces-fraud-concerns-6bd6e039/index.html[22m [2m(+291ms)[22m 
[2m12:36:00[22m   [34m├─[39m [2m/en/news/discussion-of-sorting-work-at-disability-facility-7c819022/index.html[22m [2m(+355ms)[22m 
[2m12:36:00[22m   [34m├─[39m [2m/en/news/disabled-man-causes-disturbance-on-public-transport-51087d7e/index.html[22m [2m(+300ms)[22m 
[2m12:36:01[22m   [34m├─[39m [2m/en/news/new-study-improves-embedded-systems-education-via-remote-labs-bb61ee67/index.html[22m [2m(+236ms)[22m 
[2m12:36:01[22m   [34m├─[39m [2m/en/news/proposal-for-controllable-prayer-alert-system-to-reduce-noise-disturbance-1febafce/index.html[22m [2m(+275ms)[22m 
[2m12:36:01[22m   [34m├─[39m [2m/en/news/disability-employment-barriers-affect-benefit-eligibility-8860feca/index.html[22m [2m(+315ms)[22m 
[2m12:36:01[22m   [34m├─[39m [2m/en/news/physical-disability-grants-transport-discounts-2c902899/index.html[22m [2m(+300ms)[22m 
[2m12:36:02[22m   [34m├─[39m [2m/en/news/intellectual-disability-facility-users-try-wheat-farming-in-japan-b5a006d8/index.html[22m [2m(+293ms)[22m 
[2m12:36:02[22m   [34m├─[39m [2m/en/news/critique-of-disability-employment-selection-practices-e9afb3f3/index.html[22m [2m(+274ms)[22m 
[2m12:36:02[22m   [34m├─[39m [2m/en/news/companies-accept-subsidies-while-rejecting-disabled-workers-b7b3cc80/index.html[22m [2m(+241ms)[22m 
[2m12:36:03[22m   [34m├─[39m [2m/en/news/dynamic-disability-and-changing-accessibility-needs-d61ea872/index.html[22m [2m(+275ms)[22m 
[2m12:36:03[22m   [34m├─[39m [2m/en/news/tokyo-offers-subsidies-for-barrier-free-accommodation-and-drone-tours-66cc95f3/index.html[22m [2m(+405ms)[22m 
[2m12:36:03[22m   [34m├─[39m [2m/en/news/disabled-advocate-calls-for-pedestrian-priority-836c59d2/index.html[22m [2m(+291ms)[22m 
[2m12:36:04[22m   [34m├─[39m [2m/en/news/rhythm-heaven-offers-full-accessibility-for-blind-players-16489ef4/index.html[22m [2m(+264ms)[22m 
[2m12:36:04[22m   [34m├─[39m [2m/en/news/durban-municipality-improves-pedestrian-accessibility-on-dr-pixley-kaseme-street-d6c81642/index.html[22m [2m(+298ms)[22m 
[2m12:36:04[22m   [34m├─[39m [2m/en/news/condemnation-of-mocking-people-with-mental-disabilities-e7bac76f/index.html[22m [2m(+273ms)[22m 
[2m12:36:04[22m   [34m├─[39m [2m/en/news/un-lao-pdr-launches-interagency-disability-inclusion-training-bc3a6800/index.html[22m [2m(+278ms)[22m 
[2m12:36:05[22m   [34m├─[39m [2m/en/news/concerns-over-unfair-short-stay-practices-in-disability-group-homes-d2e1676c/index.html[22m [2m(+299ms)[22m 
[2m12:36:05[22m   [34m├─[39m [2m/en/news/criticism-of-ableist-attitude-toward-people-with-disabilities-8691d8b1/index.html[22m [2m(+272ms)[22m 
[2m12:36:05[22m   [34m├─[39m [2m/en/news/kyushu-electric-power-launches-hydroponic-lettuce-farm-to-expand-disability-empl-51a6770f/index.html[22m [2m(+287ms)[22m 
[2m12:36:05[22m   [34m├─[39m [2m/en/news/personal-reflection-on-living-with-an-eating-disorder-4400916f/index.html[22m [2m(+275ms)[22m 
[2m12:36:06[22m   [34m├─[39m [2m/en/news/japan-releases-diagnostic-criteria-for-higher-brain-dysfunction-4fb6329d/index.html[22m [2m(+262ms)[22m 
[2m12:36:06[22m   [34m├─[39m [2m/en/news/county-urban-works-improve-accessibility-and-mobility-7a72c8c1/index.html[22m [2m(+290ms)[22m 
[2m12:36:06[22m   [34m├─[39m [2m/en/news/autism-support-center-consultation-yields-positive-feedback-251ecd82/index.html[22m [2m(+263ms)[22m 
[2m12:36:07[22m   [34m├─[39m [2m/en/news/woman-with-adhd-and-autism-denied-access-to-airport-accessibility-queue-2cc2b188/index.html[22m [2m(+249ms)[22m 
[2m12:36:07[22m   [34m├─[39m [2m/en/news/discussing-disability-employment-savings-at-b-type-workshop-1dc4906b/index.html[22m [2m(+319ms)[22m 
[2m12:36:07[22m   [34m├─[39m [2m/en/news/disability-employment-workshop-promotes-adhd-awareness-film-e3ade345/index.html[22m [2m(+285ms)[22m 
[2m12:36:07[22m   [34m├─[39m [2m/en/news/deaf-womens-right-to-health-and-inclusion-highlighted-a5e60077/index.html[22m [2m(+272ms)[22m 
[2m12:36:08[22m   [34m├─[39m [2m/en/news/reluctance-to-use-disability-handbook-for-taxi-discount-74434b7e/index.html[22m [2m(+279ms)[22m 
[2m12:36:08[22m   [34m├─[39m [2m/en/news/university-promotes-inclusion-in-academic-excellence-02454319/index.html[22m [2m(+315ms)[22m 
[2m12:36:08[22m   [34m├─[39m [2m/en/news/person-with-disability-purchases-kindle-book-055f0518/index.html[22m [2m(+284ms)[22m 
[2m12:36:09[22m   [34m├─[39m [2m/en/news/calls-for-reform-of-disability-certificate-system-in-japan-2b6b6cc1/index.html[22m [2m(+268ms)[22m 
[2m12:36:09[22m   [34m├─[39m [2m/en/news/comment-identifies-individual-as-disabled-658b4fee/index.html[22m [2m(+318ms)[22m 
[2m12:36:09[22m   [34m├─[39m [2m/en/news/tiktok-users-suggest-writing-disabled-to-avoid-comment-deletion-e1af1838/index.html[22m [2m(+270ms)[22m 
[2m12:36:09[22m   [34m├─[39m [2m/en/news/staff-assaults-resident-at-disability-facility-in-tochigi-japan-6a93a5c7/index.html[22m [2m(+301ms)[22m 
[2m12:36:10[22m   [34m├─[39m [2m/en/news/about-40-of-employed-persons-with-disabilities-work-in-medicalwelfare-sector-in--879c5733/index.html[22m [2m(+316ms)[22m 
[2m12:36:10[22m   [34m├─[39m [2m/en/news/hateful-statements-targeting-mental-disability-circulate-online-7ebf1c05/index.html[22m [2m(+258ms)[22m 
[2m12:36:10[22m   [34m├─[39m [2m/en/news/parent-expresses-inability-to-love-a-disabled-child-677b4768/index.html[22m [2m(+274ms)[22m 
[2m12:36:11[22m   [34m├─[39m [2m/en/news/direct-funding-for-disability-employment-proposed-f9bb81da/index.html[22m [2m(+268ms)[22m 
[2m12:36:11[22m   [34m├─[39m [2m/en/news/challenges-in-diagnosing-developmental-disabilities-and-workplace-support-c8d98d2d/index.html[22m [2m(+267ms)[22m 
[2m12:36:11[22m   [34m├─[39m [2m/en/news/discussion-on-disability-employment-and-self-actualization-in-japan-36863a50/index.html[22m [2m(+241ms)[22m 
[2m12:36:11[22m   [34m├─[39m [2m/en/news/disabled-individual-shares-experience-selling-merchandise-at-tohji-event-a6fb0c0b/index.html[22m [2m(+296ms)[22m 
[2m12:36:12[22m   [34m├─[39m [2m/en/news/discussion-of-societal-tolerance-toward-people-with-intellectual-disabilities-ab2f3701/index.html[22m [2m(+297ms)[22m 
[2m12:36:12[22m   [34m├─[39m [2m/en/news/exam-lateness-policies-should-consider-uncontrollable-circumstances-1763f8dc/index.html[22m [2m(+282ms)[22m 
[2m12:36:12[22m   [34m├─[39m [2m/en/news/japanese-driver-criticizes-unsafe-lane-change-near-vehicle-with-disability-marke-3d805e51/index.html[22m [2m(+280ms)[22m 
[2m12:36:13[22m   [34m├─[39m [2m/en/news/family-reacts-to-sentencing-in-crash-causing-childs-brain-disability-2da23c26/index.html[22m [2m(+263ms)[22m 
[2m12:36:13[22m   [34m├─[39m [2m/en/news/podcast-discusses-disability-discrimination-elimination-act-and-reasonable-accom-8ffaa78a/index.html[22m [2m(+292ms)[22m 
[2m12:36:13[22m   [34m├─[39m [2m/en/news/robotic-wheelchair-loader-sparks-debate-over-accessibility-vs-luxury-adbc1154/index.html[22m [2m(+301ms)[22m 
[2m12:36:13[22m   [34m├─[39m [2m/en/news/agriculture-welfare-and-coop-partner-for-inclusive-community-994b78b3/index.html[22m [2m(+257ms)[22m 
[2m12:36:14[22m   [34m├─[39m [2m/en/news/user-claims-disability-box-checked-due-to-korean-ethnicity-10a00965/index.html[22m [2m(+256ms)[22m 
[2m12:36:14[22m   [34m├─[39m [2m/en/news/disability-employment-support-firm-applies-for-corporate-rehabilitation-amid-fra-7702dd1f/index.html[22m [2m(+250ms)[22m 
[2m12:36:14[22m   [34m├─[39m [2m/en/news/experiencing-traits-similar-to-developmental-disability-a660268f/index.html[22m [2m(+335ms)[22m 
[2m12:36:14[22m   [34m├─[39m [2m/en/news/comment-suggests-disabled-people-should-stick-together-to-avoid-bothering-others-cdbf11ca/index.html[22m [2m(+275ms)[22m 
[2m12:36:15[22m   [34m├─[39m [2m/en/news/realizing-ones-disability-through-reflection-4de0d7ff/index.html[22m [2m(+273ms)[22m 
[2m12:36:15[22m   [34m├─[39m [2m/en/news/misuse-of-disability-discount-etc-raises-fraud-concerns-668c2bf1/index.html[22m [2m(+272ms)[22m 
[2m12:36:15[22m   [34m├─[39m [2m/en/news/job-posting-for-service-management-supervisor-supporting-people-with-disabilitie-1755ed20/index.html[22m [2m(+343ms)[22m 
[2m12:36:16[22m   [34m├─[39m [2m/en/news/statement-describing-people-with-disabilities-as-completely-different-creatures-37c048ad/index.html[22m [2m(+283ms)[22m 
[2m12:36:16[22m   [34m├─[39m [2m/en/news/taichung-love-card-increases-subsidy-for-yellow-taxis-to-nt100-critics-say-rural-46bed6d8/index.html[22m [2m(+256ms)[22m 
[2m12:36:16[22m   [34m├─[39m [2m/en/news/banqiao-station-toilets-slammed-as-the-dirtiest-in-the-north-underground-passage-a5f08082/index.html[22m [2m(+286ms)[22m 
[2m12:36:16[22m   [34m├─[39m [2m/en/news/banqiao-station-toilets-slammed-as-the-dirtiest-in-the-north-underground-passage-a518a1aa/index.html[22m [2m(+289ms)[22m 
[2m12:36:17[22m   [34m├─[39m [2m/en/news/dpi-japan-conference-report-on-community-transition-d8102b1d/index.html[22m [2m(+299ms)[22m 
[2m12:36:17[22m   [34m├─[39m [2m/en/news/japan-disability-council-adds-documents-to-un-elderly-human-rights-treaty-prepar-eed589ef/index.html[22m [2m(+269ms)[22m 
[2m12:36:17[22m   [34m├─[39m [2m/en/news/hidden-functionality-beyond-aesthetics-crafting-a-warm-hotel-style-wellness-home-afad8faf/index.html[22m [2m(+249ms)[22m 
[2m12:36:18[22m   [34m├─[39m [2m/en/news/portlanders-with-disabilities-struggle-to-find-housing-thats-both-affordable-and-e434ae2a/index.html[22m [2m(+319ms)[22m 
[2m12:36:18[22m   [34m├─[39m [2m/en/news/sunset-blvd-accessibility-upgrades-begin-ahead-of-la28-olympics-citywatch-la-586d115c/index.html[22m [2m(+297ms)[22m 
[2m12:36:18[22m   [34m├─[39m [2m/en/news/accessibility-event-in-tokyo-today-with-seats-available-40150454/index.html[22m [2m(+288ms)[22m 
[2m12:36:18[22m   [34m├─[39m [2m/en/news/wolverine-ps5-praised-for-outstanding-accessibility-and-difficulty-options-ac785285/index.html[22m [2m(+232ms)[22m 
[2m12:36:19[22m   [34m├─[39m [2m/en/news/magik-theatre-unveils-accessible-ramp-and-other-features-at-grand-reopening-70e61f42/index.html[22m [2m(+276ms)[22m 
[2m12:36:19[22m   [34m├─[39m [2m/en/news/ivy-green-offers-accessibility-aids-cbs-42-176b497c/index.html[22m [2m(+289ms)[22m 
[2m12:36:19[22m   [34m├─[39m [2m/en/news/meta-smart-glasses-piloted-to-enhance-accessibility-at-helen-keller-birthplace-639fd33f/index.html[22m [2m(+256ms)[22m 
[2m12:36:20[22m   [34m├─[39m [2m/en/news/meta-smart-glasses-aim-to-improve-accessibility-at-helen-keller-birthplace-46d14a08/index.html[22m [2m(+341ms)[22m 
[2m12:36:20[22m   [34m├─[39m [2m/en/news/a11y-tokyo-meetup-announces-offline-event-and-web-accessibility-book-signing-9d74a7dc/index.html[22m [2m(+280ms)[22m 
[2m12:36:20[22m   [34m├─[39m [2m/en/news/keelung-city-improves-steep-terrain-of-wulun-park-builds-accessible-path-and-sli-e873e0df/index.html[22m [2m(+281ms)[22m 
[2m12:36:20[22m   [34m├─[39m [2m/en/news/ipc-urges-government-collaboration-on-disability-inclusion-43c7d6e1/index.html[22m [2m(+291ms)[22m 
[2m12:36:21[22m   [34m├─[39m [2m/en/news/why-air-new-zealand-is-leading-on-airline-accessibility-ba7ac103/index.html[22m [2m(+260ms)[22m 
[2m12:36:21[22m   [34m├─[39m [2m/en/news/actor-ban-tie-xiang-hospitalized-for-19-days-after-fall-due-to-inaccessible-ramp-239bb2df/index.html[22m [2m(+258ms)[22m 
[2m12:36:21[22m   [34m├─[39m [2m/en/news/improving-nature-access-for-disabled-visitors-b994553e/index.html[22m [2m(+303ms)[22m 
[2m12:36:22[22m   [34m├─[39m [2m/en/news/pakistan-official-calls-for-tax-cuts-to-boost-digital-accessibility-3b6ef571/index.html[22m [2m(+293ms)[22m 
[2m12:36:22[22m   [34m├─[39m [2m/en/news/hermes-agent-adds-computer-use-support-for-windows-and-linux-3e199c9c/index.html[22m [2m(+271ms)[22m 
[2m12:36:22[22m   [34m├─[39m [2m/en/news/victims-of-gang-stalking-and-tech-crime-often-have-schizophrenia-or-delusional-d-88b58011/index.html[22m [2m(+318ms)[22m 
[2m12:36:22[22m   [34m├─[39m [2m/en/news/gatesway-foundation-highlights-inclusive-summer-activities-for-individuals-with--168ddc64/index.html[22m [2m(+330ms)[22m 
[2m12:36:23[22m   [34m├─[39m [2m/en/news/harassing-tweet-targeting-a-disabled-person-9708bcc8/index.html[22m [2m(+318ms)[22m 
[2m12:36:23[22m   [34m├─[39m [2m/en/news/nasa-chandra-observatory-endorses-visual-description-accessibility-tweet-76d9dab0/index.html[22m [2m(+285ms)[22m 
[2m12:36:23[22m   [34m├─[39m [2m/en/news/new-perspective-on-barrier-free-design-40dadc12/index.html[22m [2m(+300ms)[22m 
[2m12:36:24[22m   [34m├─[39m [2m/en/news/discussion-on-mental-disability-prevalence-4a0ef934/index.html[22m [2m(+268ms)[22m 
[2m12:36:24[22m   [34m├─[39m [2m/en/news/gaming-accessibility-option-to-disable-gore-enhances-inclusive-play-3c0d0ba9/index.html[22m [2m(+267ms)[22m 
[2m12:36:24[22m   [34m├─[39m [2m/en/news/olmstead-decision-anniversary-highlights-ongoing-disability-inclusion-efforts-b81e02bb/index.html[22m [2m(+276ms)[22m 
[2m12:36:24[22m   [34m├─[39m [2m/en/news/ais-impact-on-gaming-accessibility-discussed-5cb4b01d/index.html[22m [2m(+342ms)[22m 
[2m12:36:25[22m   [34m├─[39m [2m/en/news/divorce-finalized-for-prisoner-in-yamayuri-garden-disability-murder-case-7ee627e3/index.html[22m [2m(+332ms)[22m 
[2m12:36:25[22m   [34m├─[39m [2m/en/news/illustrated-guide-to-japans-disability-discrimination-elimination-act-released-99e1bc1c/index.html[22m [2m(+276ms)[22m 
[2m12:36:25[22m   [34m├─[39m [2m/en/news/gold-sponsors-support-children-with-special-needs-581c1ece/index.html[22m [2m(+257ms)[22m 
[2m12:36:26[22m   [34m├─[39m [2m/en/news/personal-account-of-mental-health-struggles-linked-to-family-environment-35e7f475/index.html[22m [2m(+271ms)[22m 
[2m12:36:26[22m   [34m├─[39m [2m/en/news/nascio-releases-checklist-for-strengthening-digital-accessibility-programs-286c65e3/index.html[22m [2m(+298ms)[22m 
[2m12:36:26[22m   [34m├─[39m [2m/en/news/barrier-free-live-event-announced-for-shibuya-in-june-2026-38c9d21e/index.html[22m [2m(+269ms)[22m 
[2m12:36:26[22m   [34m├─[39m [2m/en/news/player-reports-only-disabled-teammates-in-online-game-234c3272/index.html[22m [2m(+277ms)[22m 
[2m12:36:27[22m   [34m├─[39m [2m/en/news/discriminatory-remarks-about-disabled-people-having-children-f139f071/index.html[22m [2m(+274ms)[22m 
[2m12:36:27[22m   [34m├─[39m [2m/en/news/yemen-workshop-includes-persons-with-disabilities-in-humanitarian-planning-457ad48b/index.html[22m [2m(+260ms)[22m 
[2m12:36:27[22m   [34m├─[39m [2m/en/news/teacher-overwork-linked-to-adjustment-disorder-in-japan-b2dd3f28/index.html[22m [2m(+287ms)[22m 
[2m12:36:28[22m   [34m├─[39m [2m/en/news/trublue-home-service-ally-launches-aging-in-place-accessibility-services-in-nort-b2e0ae65/index.html[22m [2m(+274ms)[22m 
[2m12:36:28[22m   [34m├─[39m [2m/en/news/crawford-technologies-previews-d2l-fusion-2026-focus-on-accessible-course-conten-301e7d33/index.html[22m [2m(+286ms)[22m 
[2m12:36:28[22m   [34m├─[39m [2m/en/news/illustrated-guide-to-japans-comprehensive-support-for-persons-with-disabilities--be4b26b4/index.html[22m [2m(+298ms)[22m 
[2m12:36:28[22m   [34m├─[39m [2m/en/news/black-edging-reduces-visual-fatigue-for-users-with-low-vision-55668be3/index.html[22m [2m(+285ms)[22m 
[2m12:36:29[22m   [34m├─[39m [2m/en/news/management-of-chance-accused-of-disability-discrimination-despite-barrierfree-er-b3350c87/index.html[22m [2m(+281ms)[22m 
[2m12:36:29[22m   [34m├─[39m [2m/en/news/discussion-on-developmental-disability-diagnosis-and-when-assessment-is-benefici-ec4628c5/index.html[22m [2m(+299ms)[22m 
[2m12:36:29[22m   [34m├─[39m [2m/en/news/user-reports-harm-from-behavior-of-people-with-mental-disabilities-4284911f/index.html[22m [2m(+292ms)[22m 
[2m12:36:30[22m   [34m├─[39m [2m/en/news/user-criticizes-people-with-mental-disabilities-for-playing-games-2676262a/index.html[22m [2m(+280ms)[22m 
[2m12:36:30[22m   [34m├─[39m [2m/en/news/debate-on-euthanasia-and-disability-rights-in-japan-cbad8e76/index.html[22m [2m(+277ms)[22m 
[2m12:36:30[22m   [34m├─[39m [2m/en/news/hospital-refuses-usual-caregiver-accompaniment-for-disabled-patient-using-home-c-e1c6b556/index.html[22m [2m(+293ms)[22m 
[2m12:36:30[22m   [34m├─[39m [2m/en/news/encouragement-for-disabled-individuals-to-walk-more-cbb71aa8/index.html[22m [2m(+272ms)[22m 
[2m12:36:31[22m   [34m├─[39m [2m/en/news/request-for-disability-priority-seat-on-public-transport-8ee46d30/index.html[22m [2m(+302ms)[22m 
[2m12:36:31[22m   [34m├─[39m [2m/en/news/report-claims-nearly-half-of-av-actresses-have-intellectual-disability-f47dba1c/index.html[22m [2m(+314ms)[22m 
[2m12:36:31[22m   [34m├─[39m [2m/en/news/comment-on-the-cost-of-raising-a-disabled-person-51cefa56/index.html[22m [2m(+259ms)[22m 
[2m12:36:32[22m   [34m├─[39m [2m/en/news/anxiety-about-future-after-disability-onset-3e1b8cb4/index.html[22m [2m(+263ms)[22m 
[2m12:36:32[22m   [34m├─[39m [2m/en/news/discussion-on-disability-reproduction-and-marriage-constraints-088e67e5/index.html[22m [2m(+280ms)[22m 
[2m12:36:32[22m   [34m├─[39m [2m/en/news/do-disabled-people-have-to-live-as-disabled-9ce6d911/index.html[22m [2m(+273ms)[22m 
[2m12:36:32[22m   [34m├─[39m [2m/en/news/only-male-and-female-disabled-people-exist-fb0dc009/index.html[22m [2m(+271ms)[22m 
[2m12:36:33[22m   [34m├─[39m [2m/en/news/need-laws-that-can-judge-disabled-people-8b7360c5/index.html[22m [2m(+296ms)[22m 
[2m12:36:33[22m   [34m├─[39m [2m/en/news/disability-employment-switching-industries-boosts-income-dedaa5b0/index.html[22m [2m(+294ms)[22m 
[2m12:36:33[22m   [34m├─[39m [2m/en/news/harassment-of-disability-pension-recipients-condemned-e09f1e60/index.html[22m [2m(+319ms)[22m 
[2m12:36:34[22m   [34m├─[39m [2m/en/news/individual-with-depression-expresses-lack-of-belonging-0867fac2/index.html[22m [2m(+411ms)[22m 
[2m12:36:34[22m   [34m├─[39m [2m/en/news/critique-of-able-bodied-attitudes-toward-disability-benefits-dbd8da12/index.html[22m [2m(+306ms)[22m 
[2m12:36:34[22m   [34m├─[39m [2m/en/news/personal-responsibility-for-assistive-devices-like-ear-muffs-and-glasses-60619570/index.html[22m [2m(+263ms)[22m 
[2m12:36:35[22m   [34m├─[39m [2m/en/news/mother-denies-childs-hearing-loss-disability-pulls-ear-after-seeing-medical-cert-9a21ea07/index.html[22m [2m(+298ms)[22m 
[2m12:36:35[22m   [34m├─[39m [2m/en/news/legal-study-on-disability-inequality-0b88ae9e/index.html[22m [2m(+305ms)[22m 
[2m12:36:35[22m   [34m├─[39m [2m/en/news/critique-of-easy-recommendations-for-disabled-students-in-common-test-8f6abf03/index.html[22m [2m(+297ms)[22m 
[2m12:36:35[22m   [34m├─[39m [2m/en/news/coexistence-and-special-treatment-are-distinct-concepts-6e278a5f/index.html[22m [2m(+259ms)[22m 
[2m12:36:36[22m   [34m├─[39m [2m/en/news/emotional-impact-of-receiving-disability-certification-544665d3/index.html[22m [2m(+343ms)[22m 
[2m12:36:36[22m   [34m├─[39m [2m/en/news/individual-shares-experience-transitioning-to-mixed-anxiety-depressive-disorder--15c54fbc/index.html[22m [2m(+302ms)[22m 
[2m12:36:36[22m   [34m├─[39m [2m/en/news/reflections-on-15-years-living-with-a-disability-certificate-e0a5b6ca/index.html[22m [2m(+277ms)[22m 
[2m12:36:37[22m   [34m├─[39m [2m/en/news/user-expresses-frustration-interacting-with-disabled-people-8d40cfa6/index.html[22m [2m(+266ms)[22m 
[2m12:36:37[22m   [34m├─[39m [2m/en/news/open-source-community-advances-accessibility-goals-01322303/index.html[22m [2m(+278ms)[22m 
[2m12:36:37[22m   [34m├─[39m [2m/en/news/nfib-advises-businesses-on-avoiding-ada-website-accessibility-lawsuits-9d506781/index.html[22m [2m(+289ms)[22m 
[2m12:36:37[22m   [34m├─[39m [2m/en/news/accessibility-highlight-describing-visuals-the-pennsylvania-state-university-600f5e21/index.html[22m [2m(+302ms)[22m 
[2m12:36:38[22m   [34m├─[39m [2m/en/news/accessible-baseball-league-benefits-from-kiwanis-pancake-breakfast-funds-0e88de96/index.html[22m [2m(+285ms)[22m 
[2m12:36:38[22m   [34m├─[39m [2m/en/news/training-workshop-for-people-with-visual-impairments-offered-in-august-2026-b24f10e9/index.html[22m [2m(+289ms)[22m 
[2m12:36:38[22m   [34m├─[39m [2m/en/news/free-accessibility-for-all-forum-2026-announced-by-liverpool-city-region-destina-de669c3c/index.html[22m [2m(+266ms)[22m 
[2m12:36:39[22m   [34m├─[39m [2m/en/news/shengxin-technology-donates-accessible-welfare-vehicle-to-miaoli-hospital-ea679698/index.html[22m [2m(+318ms)[22m 
[2m12:36:39[22m   [34m├─[39m [2m/en/news/european-commission-urges-countries-to-focus-on-disability-rights-a45feef5/index.html[22m [2m(+316ms)[22m 
[2m12:36:39[22m   [34m├─[39m [2m/en/news/accessibility-intelligence-102-a65f9cc7/index.html[22m [2m(+329ms)[22m 
[2m12:36:40[22m   [34m├─[39m [2m/en/news/early-intervention-children-experience-high-speed-rail-for-the-first-time-full-o-c09569aa/index.html[22m [2m(+294ms)[22m 
[2m12:36:40[22m   [34m├─[39m [2m/en/news/accessibility-intelligence-100-809cbfdf/index.html[22m [2m(+277ms)[22m 
[2m12:36:40[22m   [34m├─[39m [2m/en/news/accessibility-intelligence-added-to-pypi-5b1000b9/index.html[22m [2m(+292ms)[22m 
[2m12:36:40[22m   [34m├─[39m [2m/en/news/woman-struggles-to-find-accessible-world-cup-tickets-for-her-terminally-ill-husb-64181492/index.html[22m [2m(+291ms)[22m 
[2m12:36:41[22m   [34m├─[39m [2m/en/news/artist-ban-tie-xiang-falls-in-west-gate-district-arcade-suffers-fracture-hospita-5e2812f5/index.html[22m [2m(+287ms)[22m 
[2m12:36:41[22m   [34m├─[39m [2m/en/news/artist-ban-tie-xiang-speaks-out-after-injury-calls-attention-to-hazardous-height-8d26e1f6/index.html[22m [2m(+269ms)[22m 
[2m12:36:41[22m   [34m├─[39m [2m/en/news/accessibility-at-pride-found-63e0ecee/index.html[22m [2m(+280ms)[22m 
[2m12:36:42[22m   [34m├─[39m [2m/en/news/lawsuit-claims-chicago-sidewalks-inaccessible-for-people-with-mobility-challenge-f6b495b9/index.html[22m [2m(+336ms)[22m 
[2m12:36:42[22m   [34m├─[39m [2m/en/news/tainan-hsr-station-assists-luhuang-center-participants-in-outdoor-learning-trip--95ce56a4/index.html[22m [2m(+255ms)[22m 
[2m12:36:42[22m   [34m├─[39m [2m/en/news/senior-artist-falls-due-to-inaccessible-ramp-calls-for-thorough-inspection-of-ac-3b967fb6/index.html[22m [2m(+277ms)[22m 
[2m12:36:42[22m   [34m├─[39m [2m/en/news/user-expresses-fatigue-with-disability-training-discussions-befad349/index.html[22m [2m(+279ms)[22m 
[2m12:36:43[22m   [34m├─[39m [2m/en/news/comment-on-high-divorce-rates-when-spouses-acquire-physical-disability-9e48ef84/index.html[22m [2m(+287ms)[22m 
[2m12:36:43[22m   [34m├─[39m [2m/en/news/day-service-center-hosts-takoyaki-party-for-clients-0136ffe1/index.html[22m [2m(+259ms)[22m 
[2m12:36:43[22m   [34m├─[39m [2m/en/news/user-reports-disability-related-harassment-online-2a1a6ae9/index.html[22m [2m(+262ms)[22m 
[2m12:36:44[22m   [34m├─[39m [2m/en/news/handling-discrimination-complaints-to-foster-inclusive-workplace-23be5344/index.html[22m [2m(+244ms)[22m 
[2m12:36:44[22m   [34m├─[39m [2m/en/news/education-law-ensures-educational-opportunities-for-persons-with-disabilities-6867a782/index.html[22m [2m(+308ms)[22m 
[2m12:36:44[22m   [34m├─[39m [2m/en/news/individual-identified-as-having-a-disability-in-online-discussion-34f7b283/index.html[22m [2m(+288ms)[22m 
[2m12:36:44[22m   [34m├─[39m [2m/en/news/discussion-of-disability-pension-misuse-and-employment-challenges-in-japan-17c7679b/index.html[22m [2m(+287ms)[22m 
[2m12:36:45[22m   [34m├─[39m [2m/en/news/free-public-transport-for-disabled-residents-in-kyoto-highlighted-1c9320a4/index.html[22m [2m(+293ms)[22m 
[2m12:36:45[22m   [34m├─[39m [2m/en/news/workplace-inclusion-of-all-abilities-00356f1c/index.html[22m [2m(+315ms)[22m 
[2m12:36:45[22m   [34m├─[39m [2m/en/news/disability-care-facility-showcases-assistive-equipment-and-services-ec130759/index.html[22m [2m(+282ms)[22m 
[2m12:36:46[22m   [34m├─[39m [2m/en/news/call-for-inclusive-opportunities-b4ab6bc1/index.html[22m [2m(+264ms)[22m 
[2m12:36:46[22m   [34m├─[39m [2m/en/news/staffing-challenges-in-disability-group-home-449f3c86/index.html[22m [2m(+276ms)[22m 
[2m12:36:46[22m   [34m├─[39m [2m/en/news/shinwon-technology-donates-accessible-welfare-vehicle-to-improve-medical-access--2168e4df/index.html[22m [2m(+239ms)[22m 
[2m12:36:46[22m   [34m├─[39m [2m/en/news/stockport-pride-2026-festival-sponsors-accessibility-and-sustainability-initiati-faca420d/index.html[22m [2m(+290ms)[22m 
[2m12:36:47[22m   [34m├─[39m [2m/en/news/workplace-inclusion-emphasizes-valuing-all-abilities-b1ec1d6e/index.html[22m [2m(+288ms)[22m 
[2m12:36:47[22m   [34m├─[39m [2m/en/news/disability-employment-challenges-highlighted-b8c33fd6/index.html[22m [2m(+297ms)[22m 
[2m12:36:47[22m   [34m├─[39m [2m/en/news/disability-consumer-experience-mentioned-cc0e9594/index.html[22m [2m(+267ms)[22m 
[2m12:36:47[22m   [34m├─[39m [2m/en/news/inclusion-ensures-no-one-feels-like-an-outsider-97714e92/index.html[22m [2m(+271ms)[22m 
[2m12:36:48[22m   [34m├─[39m [2m/en/news/caregiving-challenges-for-a-disabled-person-with-a-parent-having-dementia-cd001d5d/index.html[22m [2m(+290ms)[22m 
[2m12:36:48[22m   [34m├─[39m [2m/en/news/comment-on-increased-hiring-of-disabled-people-after-jobs-death-8dc222d4/index.html[22m [2m(+296ms)[22m 
[2m12:36:48[22m   [34m├─[39m [2m/en/news/barrier-free-bar-meme-announces-opening-and-reservation-availability-3d7499f2/index.html[22m [2m(+270ms)[22m 
[2m12:36:49[22m   [34m├─[39m [2m/en/news/welfare-facility-shares-lunch-menu-and-seeks-care-staff-02c2b5c4/index.html[22m [2m(+331ms)[22m 
[2m12:36:49[22m   [34m├─[39m [2m/en/news/critique-of-barrierfree-upgrades-at-official-residence-amid-luxury-car-purchase-1bf8078e/index.html[22m [2m(+261ms)[22m 
[2m12:36:49[22m   [34m├─[39m [2m/en/news/disability-discount-makes-travel-affordable-c6d56df1/index.html[22m [2m(+289ms)[22m 
[2m12:36:49[22m   [34m├─[39m [2m/en/news/disability-advocate-critiques-inspiration-porn-and-stresses-validity-of-disabili-491df65c/index.html[22m [2m(+277ms)[22m 
[2m12:36:50[22m   [34m├─[39m [2m/en/news/ai-accessibility-requires-disabled-peoples-participation-in-design-and-governanc-4ffc8af3/index.html[22m [2m(+269ms)[22m 
[2m12:36:50[22m   [34m├─[39m [2m/en/news/disability-welfare-office-helps-secure-housing-assistance-10f222f3/index.html[22m [2m(+315ms)[22m 
[2m12:36:50[22m   [34m├─[39m [2m/en/news/critique-of-24-hour-tvs-exploitation-of-disabled-people-74d66469/index.html[22m [2m(+280ms)[22m 
[2m12:36:51[22m   [34m├─[39m [2m/en/news/inclusion-and-belonging-in-workplace-culture-b4d01038/index.html[22m [2m(+293ms)[22m 
[2m12:36:51[22m   [34m├─[39m [2m/en/news/discussion-on-disability-and-parenthood-after-accident-f81170ad/index.html[22m [2m(+280ms)[22m 
[2m12:36:51[22m   [34m├─[39m [2m/en/news/disability-employment-status-mentioned-6663b0c1/index.html[22m [2m(+345ms)[22m 
[2m12:36:52[22m   [34m├─[39m [2m/en/news/friend-calls-disability-gross-then-realizes-theyre-holding-hands-with-a-disabled-70dffa13/index.html[22m [2m(+305ms)[22m 
[2m12:36:52[22m   [34m├─[39m [2m/en/news/inclusion-celebrates-every-bodys-uniqueness-5f588dcc/index.html[22m [2m(+253ms)[22m 
[2m12:36:52[22m   [34m├─[39m [2m/en/news/spinal-cord-injury-couple-advocates-for-barrier-free-society-in-japan-0cf43879/index.html[22m [2m(+276ms)[22m 
[2m12:36:52[22m   [34m├─[39m [2m/en/news/workplace-inclusion-emphasizes-valuing-all-identities-including-ability-73f90025/index.html[22m [2m(+307ms)[22m 
[2m12:36:53[22m   [34m├─[39m [2m/en/news/disabled-person-reflects-on-self-perception-compared-to-others-e45e1e82/index.html[22m [2m(+276ms)[22m 
[2m12:36:53[22m   [34m├─[39m [2m/en/news/questioning-if-services-are-only-for-people-with-physical-disabilities-f19c8b3d/index.html[22m [2m(+280ms)[22m 
[2m12:36:53[22m   [34m├─[39m [2m/en/news/concerns-over-demanding-work-schedules-in-disability-employment-95c8ed87/index.html[22m [2m(+317ms)[22m 
[2m12:36:54[22m   [34m├─[39m [2m/en/news/trust-options-for-parents-of-children-with-disabilities-in-japan-ee1ba5de/index.html[22m [2m(+286ms)[22m 
[2m12:36:54[22m   [34m├─[39m [2m/en/news/expressing-envy-over-absence-of-disabled-people-nearby-807a3754/index.html[22m [2m(+275ms)[22m 
[2m12:36:54[22m   [34m├─[39m [2m/en/news/individual-faces-mental-and-physical-disability-without-adequate-support-efb46c0f/index.html[22m [2m(+276ms)[22m 
[2m12:36:54[22m   [34m├─[39m [2m/en/news/everyday-communication-opportunities-cited-as-best-aac-intervention-59f27c3e/index.html[22m [2m(+260ms)[22m 
[2m12:36:55[22m   [34m├─[39m [2m/en/news/inclusion-defined-as-equal-access-to-dreams-and-opportunities-for-people-with-di-54a8a88d/index.html[22m [2m(+324ms)[22m 
[2m12:36:55[22m   [34m├─[39m [2m/en/news/understanding-overstatement-in-communication-with-people-with-dementia-or-intell-31559392/index.html[22m [2m(+246ms)[22m 
[2m12:36:55[22m   [34m├─[39m [2m/en/news/disabled-players-reported-interfering-in-game-despite-master-rank-a299a1e6/index.html[22m [2m(+333ms)[22m 
[2m12:36:56[22m   [34m├─[39m [2m/en/news/job-transition-support-center-creates-fresh-juice-to-promote-disability-employme-c4b0ddb7/index.html[22m [2m(+236ms)[22m 
[2m12:36:56[22m   [34m├─[39m [2m/en/news/discussion-on-misconceptions-about-employment-transition-support-for-people-with-f09b56e0/index.html[22m [2m(+256ms)[22m 
[2m12:36:56[22m   [34m├─[39m [2m/en/news/promoting-disability-inclusion-and-empowerment-9815029b/index.html[22m [2m(+273ms)[22m 
[2m12:36:56[22m   [34m├─[39m [2m/en/news/challenges-in-disability-employment-and-career-advancement-9e332396/index.html[22m [2m(+285ms)[22m 
[2m12:36:57[22m   [34m├─[39m [2m/en/news/reaction-to-loud-behavior-of-a-person-with-disability-at-factory-b621e956/index.html[22m [2m(+256ms)[22m 
[2m12:36:57[22m   [34m├─[39m [2m/en/news/disability-hire-describes-limited-workload-in-remote-and-office-roles-f79c4278/index.html[22m [2m(+357ms)[22m 
[2m12:36:57[22m   [34m├─[39m [2m/en/news/japans-specific-air-raid-victims-relief-law-seeks-to-include-disabled-civilians-f58c2d74/index.html[22m [2m(+330ms)[22m 
[2m12:36:58[22m   [34m├─[39m [2m/en/news/okayama-city-announces-renovation-subsidies-including-barrier-free-upgrades-for--5c09fa2d/index.html[22m [2m(+262ms)[22m 
[2m12:36:58[22m   [34m├─[39m [2m/en/news/inclusion-advocacy-celebrates-all-bodies-in-shared-spaces-aed3e62f/index.html[22m [2m(+408ms)[22m 
[2m12:36:58[22m   [34m├─[39m [2m/en/news/critique-of-pity-based-attitudes-toward-disabled-people-8332c82d/index.html[22m [2m(+319ms)[22m 
[2m12:36:59[22m   [34m├─[39m [2m/en/news/inclusion-and-belonging-in-safe-spaces-41f1924d/index.html[22m [2m(+283ms)[22m 
[2m12:36:59[22m   [34m├─[39m [2m/en/news/celebrating-neurodiversity-as-a-gift-7b8cff84/index.html[22m [2m(+341ms)[22m 
[2m12:36:59[22m   [34m├─[39m [2m/en/news/inclusion-initiative-calls-for-sharing-everyones-stories-cb31561d/index.html[22m [2m(+276ms)[22m 
[2m12:36:59[22m   [34m├─[39m [2m/en/news/question-raised-about-physical-disability-population-in-arakawa-ward-468b882e/index.html[22m [2m(+317ms)[22m 
[2m12:37:00[22m   [34m├─[39m [2m/en/news/discussion-on-developmental-disability-iq-and-employment-challenges-98e8f185/index.html[22m [2m(+302ms)[22m 
[2m12:37:00[22m   [34m├─[39m [2m/en/news/university-lecture-uses-special-support-education-leaf-for-inclusive-learning-cbef0f53/index.html[22m [2m(+307ms)[22m 
[2m12:37:00[22m   [34m├─[39m [2m/en/news/barrierfree-home-design-supports-aging-in-place-and-disaster-safety-45cfa75a/index.html[22m [2m(+264ms)[22m 
[2m12:37:01[22m   [34m├─[39m [2m/en/news/ai-can-aid-deinstitutionalization-and-community-living-for-people-with-disabilit-5c9b3214/index.html[22m [2m(+371ms)[22m 
[2m12:37:01[22m   [34m├─[39m [2m/en/news/inclusion-and-belonging-86def28b/index.html[22m [2m(+296ms)[22m 
[2m12:37:01[22m   [34m├─[39m [2m/en/news/tweet-labels-non-concealing-individuals-as-disabled-cd582074/index.html[22m [2m(+325ms)[22m 
[2m12:37:02[22m   [34m├─[39m [2m/en/news/critique-of-exploiting-disabled-people-as-spectacle-d8e2903f/index.html[22m [2m(+230ms)[22m 
[2m12:37:02[22m   [34m├─[39m [2m/en/news/challenges-of-online-learning-for-a-student-with-disability-5f565432/index.html[22m [2m(+283ms)[22m 
[2m12:37:02[22m   [34m├─[39m [2m/en/news/speculation-about-a-politicians-disability-9a45c35d/index.html[22m [2m(+302ms)[22m 
[2m12:37:02[22m   [34m├─[39m [2m/en/news/tweet-compares-behavior-to-narcissistic-personality-disorder-5aec5661/index.html[22m [2m(+306ms)[22m 
[2m12:37:03[22m   [34m├─[39m [2m/en/news/ugc-guidelines-promote-inclusive-higher-education-for-students-with-disabilities-2bed94c5/index.html[22m [2m(+274ms)[22m 
[2m12:37:03[22m   [34m├─[39m [2m/en/news/person-with-disability-shares-experience-of-narrowed-social-life-but-remains-pos-88561a96/index.html[22m [2m(+257ms)[22m 
[2m12:37:03[22m   [34m├─[39m [2m/en/news/canvas-office-highlights-teamwork-on-new-task-amid-disability-employment-initiat-e6f18bc2/index.html[22m [2m(+275ms)[22m 
[2m12:37:04[22m   [34m├─[39m [2m/en/news/discussion-on-reproductive-autonomy-and-disability-highlights-risks-of-unwanted--e502e408/index.html[22m [2m(+292ms)[22m 
[2m12:37:04[22m   [34m├─[39m [2m/en/news/tactile-paving-supports-visually-impaired-pedestrians-8b9eeac5/index.html[22m [2m(+304ms)[22m 
[2m12:37:04[22m   [34m├─[39m [2m/en/news/employer-offers-flexible-hours-to-accommodate-disability-1e995552/index.html[22m [2m(+291ms)[22m 
[2m12:37:04[22m   [34m├─[39m [2m/en/news/prefectural-housing-for-physically-disabled-persons-found-but-too-small-for-fami-2f55735a/index.html[22m [2m(+268ms)[22m 
[2m12:37:05[22m   [34m├─[39m [2m/en/news/comment-criticizes-disabled-people-for-complaining-about-non-disabled-individual-c68f5588/index.html[22m [2m(+281ms)[22m 
[2m12:37:05[22m   [34m├─[39m [2m/en/news/abuse-allegations-at-disability-support-facility-in-hokkaido-5f7c6a00/index.html[22m [2m(+297ms)[22m 
[2m12:37:05[22m   [34m├─[39m [2m/en/news/user-requests-alt-texts-for-images-in-podcast-related-posts-555f4e0e/index.html[22m [2m(+316ms)[22m 
[2m12:37:06[22m   [34m├─[39m [2m/en/news/accenture-internship-event-promotes-disability-employment-a9f4cd0f/index.html[22m [2m(+295ms)[22m 
[2m12:37:06[22m   [34m├─[39m [2m/en/news/inclusion-support-officer-position-at-staffordshire-university-academy-a38321d7/index.html[22m [2m(+299ms)[22m 
[2m12:37:06[22m   [34m├─[39m [2m/en/news/funding-opportunity-karl-kahane-foundation-grants-program-76c2e1cf/index.html[22m [2m(+343ms)[22m 
[2m12:37:07[22m   [34m├─[39m [2m/en/news/tainan-hsr-station-assists-early-intervention-center-children-and-families-in-ac-4f834048/index.html[22m [2m(+315ms)[22m 
[2m12:37:07[22m   [34m├─[39m [2m/en/news/central-budget-delay-threatens-welfare-subsidies-for-over-60000-disadvantaged-re-8a3b98c5/index.html[22m [2m(+254ms)[22m 
[2m12:37:07[22m   [34m├─[39m [2m/en/news/german-tourist-praises-taipei-metros-cleanliness-and-accessibility-b64711d6/index.html[22m [2m(+295ms)[22m 
[2m12:37:07[22m   [34m├─[39m [2m/en/news/man-injured-due-to-inaccessible-slope-sues-landlord-claims-millions-in-losses-64d214a1/index.html[22m [2m(+227ms)[22m 
[2m12:37:08[22m   [34m├─[39m [2m/en/news/social-welfare-subsidy-increase-stalled-due-to-unapproved-budget-over-60000-disa-24c8ecc9/index.html[22m [2m(+292ms)[22m 
[2m12:37:08[22m   [34m├─[39m [2m/en/news/japan-disability-association-shares-radio-show-replay-link-ff16e6f0/index.html[22m [2m(+284ms)[22m 
[2m12:37:08[22m   [34m├─[39m [2m/en/news/disability-employment-support-services-highlighted-during-japan-vs-tunisia-match-e716c73f/index.html[22m [2m(+271ms)[22m 
[2m12:37:08[22m   [34m├─[39m [2m/en/news/adhd-labeled-as-excuse-fuels-disability-stigma-a5d286e8/index.html[22m [2m(+280ms)[22m 
[2m12:37:09[22m   [34m├─[39m [2m/en/news/autism-advocate-urges-sharing-content-to-combat-ableism-d4ad7287/index.html[22m [2m(+268ms)[22m 
[2m12:37:09[22m   [34m├─[39m [2m/en/news/guide-to-adding-alt-text-for-accessible-images-6afaa41a/index.html[22m [2m(+263ms)[22m 
[2m12:37:09[22m   [34m├─[39m [2m/en/news/rise-in-consultations-on-reasonable-accommodation-after-japans-disability-employ-bf7b42cc/index.html[22m [2m(+307ms)[22m 
[2m12:37:10[22m   [34m├─[39m [2m/en/news/streaming-giant-adds-new-search-and-accessibility-features-05f65a80/index.html[22m [2m(+291ms)[22m 
[2m12:37:10[22m   [34m├─[39m [2m/en/news/rtxremix-15-adds-accessibility-features-85f96d0f/index.html[22m [2m(+286ms)[22m 
[2m12:37:10[22m   [34m├─[39m [2m/en/news/user-shares-challenges-of-auditory-processing-disorder-in-daily-life-93e023fe/index.html[22m [2m(+286ms)[22m 
[2m12:37:10[22m   [34m├─[39m [2m/en/news/person-with-developmental-disability-and-mental-illness-achieves-self-support-an-ea78c0e9/index.html[22m [2m(+298ms)[22m 
[2m12:37:11[22m   [34m├─[39m [2m/en/news/intensive-support-system-for-severe-behavioral-disorders-in-disability-welfare-7ecd86f7/index.html[22m [2m(+283ms)[22m 
[2m12:37:11[22m   [34m├─[39m [2m/en/news/leftaccelerator-rental-car-delivered-in-nagano-prefecture-for-wheelchair-users-87aef8ca/index.html[22m [2m(+268ms)[22m 
[2m12:37:11[22m   [34m├─[39m [2m/en/news/parents-direct-use-of-disabled-label-sparks-reflection-f0ebd5e8/index.html[22m [2m(+278ms)[22m 
[2m12:37:12[22m   [34m├─[39m [2m/en/news/upcoming-training-session-features-speaker-with-developmental-disability-397e2c53/index.html[22m [2m(+303ms)[22m 
[2m12:37:12[22m   [34m├─[39m [2m/en/news/parents-of-children-with-intellectual-disabilities-advocate-against-isolation-in-214977c2/index.html[22m [2m(+277ms)[22m 
[2m12:37:12[22m   [34m├─[39m [2m/en/news/video-game-accessibility-option-for-gore-content-sparks-debate-eab1cc28/index.html[22m [2m(+291ms)[22m 
[2m12:37:12[22m   [34m├─[39m [2m/en/news/inclusivity-as-a-rights-issue-3fc12e3c/index.html[22m [2m(+301ms)[22m 
[2m12:37:13[22m   [34m├─[39m [2m/en/news/job-coaching-manual-for-severe-disability-employment-support-8feb94a7/index.html[22m [2m(+299ms)[22m 
[2m12:37:13[22m   [34m├─[39m [2m/en/news/neurodiversity-inclusion-shirt-promotes-mental-health-awareness-ad82807c/index.html[22m [2m(+260ms)[22m 
[2m12:37:13[22m   [34m├─[39m [2m/en/news/user-seeks-ways-to-join-disability-welfare-editor-training-52c34101/index.html[22m [2m(+303ms)[22m 
[2m12:37:14[22m   [34m├─[39m [2m/en/news/discussion-of-blurred-self-other-boundaries-among-people-with-disabilities-77866939/index.html[22m [2m(+267ms)[22m 
[2m12:37:14[22m   [34m├─[39m [2m/en/news/budget-committee-considers-price-rise-measures-for-disabled-welfare-recipients-e3d7104a/index.html[22m [2m(+254ms)[22m 
[2m12:37:14[22m   [34m├─[39m [2m/en/news/user-questions-disability-after-using-dark-mode-in-train-priority-seat-c4dcf2bc/index.html[22m [2m(+271ms)[22m 
[2m12:37:14[22m   [34m├─[39m [2m/en/news/user-describes-stress-from-being-target-of-narcissistic-personality-disorder-80e8ae4c/index.html[22m [2m(+305ms)[22m 
[2m12:37:15[22m   [34m├─[39m [2m/en/news/disability-employment-quality-evaluation-system-discussed-678d96e4/index.html[22m [2m(+299ms)[22m 
[2m12:37:15[22m   [34m├─[39m [2m/en/news/interview-with-iseya-photo-studio-on-barrier-free-clothing-rental-business-adb0b28f/index.html[22m [2m(+286ms)[22m 
[2m12:37:15[22m   [34m├─[39m [2m/en/news/mental-health-workers-challenge-fraud-accusations-in-japan-303d2b09/index.html[22m [2m(+286ms)[22m 
[2m12:37:16[22m   [34m├─[39m [2m/en/news/disability-employment-faces-weak-corporate-incentives-244a3288/index.html[22m [2m(+272ms)[22m 
[2m12:37:16[22m   [34m├─[39m [2m/en/news/guidance-on-preventing-unauthorized-adult-guardianship-for-people-with-disabilit-84143e69/index.html[22m [2m(+305ms)[22m 
[2m12:37:16[22m   [34m├─[39m [2m/en/news/criticism-of-low-awareness-and-support-for-disabled-people-deb0182e/index.html[22m [2m(+307ms)[22m 
[2m12:37:16[22m   [34m├─[39m [2m/en/news/developmental-disability-self-help-group-eureka-moon-event-announcement-602a66b2/index.html[22m [2m(+253ms)[22m 
[2m12:37:17[22m   [34m├─[39m [2m/en/news/family-asserts-disability-status-without-diagnosis-d2be35c2/index.html[22m [2m(+260ms)[22m 
[2m12:37:17[22m   [34m├─[39m [2m/en/news/disabled-persons-morning-routine-929060ec/index.html[22m [2m(+282ms)[22m 
[2m12:37:17[22m   [34m├─[39m [2m/en/news/living-with-physical-disability-after-survival-db8d8ded/index.html[22m [2m(+298ms)[22m 
[2m12:37:18[22m   [34m├─[39m [2m/en/news/concern-over-taking-intellectually-disabled-individuals-out-alone-021c44f0/index.html[22m [2m(+273ms)[22m 
[2m12:37:18[22m   [34m├─[39m [2m/en/news/questioning-the-link-between-a-tv-marathon-event-and-disability-welfare-304634ed/index.html[22m [2m(+313ms)[22m 
[2m12:37:18[22m   [34m├─[39m [2m/en/news/inclusive-management-summit-2026-ticket-sales-open-f96d2226/index.html[22m [2m(+322ms)[22m 
[2m12:37:18[22m   [34m├─[39m [2m/en/news/user-presents-both-my-number-card-and-disability-handbook-026fd6bd/index.html[22m [2m(+365ms)[22m 
[2m12:37:19[22m   [34m├─[39m [2m/en/news/job-seeker-with-disability-seeks-connections-via-x-9dd11d6c/index.html[22m [2m(+301ms)[22m 
[2m12:37:19[22m   [34m├─[39m [2m/en/news/miyazaki-labor-bureau-reports-rising-disability-employment-for-fifth-straight-ye-3b8dbfde/index.html[22m [2m(+282ms)[22m 
[2m12:37:19[22m   [34m├─[39m [2m/en/news/questions-raised-over-accessibility-of-disability-focused-street-dating-event-45c314ee/index.html[22m [2m(+275ms)[22m 
[2m12:37:20[22m   [34m├─[39m [2m/en/news/empathy-towards-disabled-persons-advocated-84f7f9c2/index.html[22m [2m(+286ms)[22m 
[2m12:37:20[22m   [34m├─[39m [2m/en/news/tokyo-conducts-inspections-of-medical-facilities-for-disability-abuse-under-medi-ed2fefa8/index.html[22m [2m(+301ms)[22m 
[2m12:37:20[22m   [34m├─[39m [2m/en/news/japan-reports-rise-in-disability-discrimination-consultations-9cf5ed09/index.html[22m [2m(+242ms)[22m 
[2m12:37:21[22m   [34m├─[39m [2m/en/news/pdf-accessibility-presentation-materials-released-3fcdcaf6/index.html[22m [2m(+247ms)[22m 
[2m12:37:21[22m   [34m├─[39m [2m/en/news/critique-of-profitfocused-attitudes-ignoring-disabled-peoples-low-income-f7527350/index.html[22m [2m(+300ms)[22m 
[2m12:37:21[22m   [34m├─[39m [2m/en/news/indias-economic-survey-overlooks-accessibility-in-urban-transport-a573de5c/index.html[22m [2m(+318ms)[22m 
[2m12:37:21[22m   [34m├─[39m [2m/en/news/user-adopts-universal-design-font-biz-udp-for-readability-30829b9f/index.html[22m [2m(+253ms)[22m 
[2m12:37:22[22m   [34m├─[39m [2m/en/news/disability-employment-in-japan-shows-slight-decline-despite-record-job-applicati-4d75ad3a/index.html[22m [2m(+262ms)[22m 
[2m12:37:22[22m   [34m├─[39m [2m/en/news/barrier-free-report-added-for-former-school-site-rental-space-e25d2abd/index.html[22m [2m(+291ms)[22m 
[2m12:37:22[22m   [34m├─[39m [2m/en/news/individual-reports-ineligibility-for-disability-pension-and-livelihood-support-e2449389/index.html[22m [2m(+300ms)[22m 
[2m12:37:23[22m   [34m├─[39m [2m/en/news/barrier-free-e-sports-community-hosts-fall-guys-play-session-0fbe0d27/index.html[22m [2m(+299ms)[22m 
[2m12:37:23[22m   [34m├─[39m [2m/en/news/call-for-disabled-individuals-to-seek-greater-self-education-a7903bc1/index.html[22m [2m(+326ms)[22m 
[2m12:37:23[22m   [34m├─[39m [2m/en/news/humorous-incident-reported-in-a-disabled-toilet-facility-e27d44b7/index.html[22m [2m(+352ms)[22m 
[2m12:37:23[22m   [34m├─[39m [2m/en/news/criticism-of-disability-related-businesses-for-being-profit-driven-280133b4/index.html[22m [2m(+329ms)[22m 
[2m12:37:24[22m   [34m├─[39m [2m/en/news/questioning-legality-of-hiring-untrained-staff-in-disability-services-27e7ba10/index.html[22m [2m(+300ms)[22m 
[2m12:37:24[22m   [34m├─[39m [2m/en/news/barrier-free-report-added-for-iidabashi-station-8256ef45/index.html[22m [2m(+303ms)[22m 
[2m12:37:24[22m   [34m├─[39m [2m/en/news/hearing-impaired-employee-feels-uncertain-at-company-entrance-ceremony-in-manga-925aa088/index.html[22m [2m(+275ms)[22m 
[2m12:37:25[22m   [34m├─[39m [2m/en/news/disability-discrimination-consultations-rise-44-year-on-year-in-japan-84de120f/index.html[22m [2m(+337ms)[22m 
[2m12:37:25[22m   [34m├─[39m [2m/en/news/critique-of-opportunistic-following-based-solely-on-disability-disclosure-0158345c/index.html[22m [2m(+276ms)[22m 
[2m12:37:25[22m   [34m├─[39m [2m/en/news/former-teacher-with-spinal-cord-injury-returns-to-work-via-remote-role-dcc9236a/index.html[22m [2m(+312ms)[22m 
[2m12:37:26[22m   [34m├─[39m [2m/en/news/disability-art-exhibition-features-in-home-creations-5ef53644/index.html[22m [2m(+288ms)[22m 
[2m12:37:26[22m   [34m├─[39m [2m/en/news/sagamihara-city-launches-disability-understanding-supporter-program-48f39c74/index.html[22m [2m(+268ms)[22m 
[2m12:37:26[22m   [34m├─[39m [2m/en/news/uk-extends-pip-reassessment-intervals-to-reduce-burden-33c85de4/index.html[22m [2m(+284ms)[22m 
[2m12:37:26[22m   [34m├─[39m [2m/en/news/company-publishes-web-accessibility-checklist-and-process-431ede89/index.html[22m [2m(+288ms)[22m 
[2m12:37:27[22m   [34m├─[39m [2m/en/news/japans-first-bowling-alley-opens-in-1861-linked-to-disability-employment-hashtag-5d2f175c/index.html[22m [2m(+273ms)[22m 
[2m12:37:27[22m   [34m├─[39m [2m/en/news/disability-quota-job-postings-declining-in-japan-e3e2109c/index.html[22m [2m(+297ms)[22m 
[2m12:37:27[22m   [34m├─[39m [2m/en/news/user-expresses-selfstigma-regarding-psychiatric-disability-64815de5/index.html[22m [2m(+310ms)[22m 
[2m12:37:28[22m   [34m├─[39m [2m/en/news/discussion-on-developmental-disability-and-deadline-challenges-18a8bf59/index.html[22m [2m(+302ms)[22m 
[2m12:37:28[22m   [34m├─[39m [2m/en/news/raspberry-pi-imager-2010-enhances-wifi-ssid-handling-and-accessibility-c20ab74e/index.html[22m [2m(+241ms)[22m 
[2m12:37:28[22m   [34m├─[39m [2m/en/news/accessibility-version-of-kabuki-play-featured-in-newspaper-9b6d168e/index.html[22m [2m(+289ms)[22m 
[2m12:37:28[22m   [34m├─[39m [2m/en/news/kindle-text-to-speech-accessibility-issue-18c5e1e7/index.html[22m [2m(+296ms)[22m 
[2m12:37:29[22m   [34m├─[39m [2m/en/news/australian-disability-ltd-improves-accessibility-across-major-cities-4b969bd7/index.html[22m [2m(+257ms)[22m 
[2m12:37:29[22m   [34m├─[39m [2m/en/news/infrastructure-accessibility-lacking-for-students-with-disabilities-39ad6015/index.html[22m [2m(+276ms)[22m 
[2m12:37:29[22m   [34m├─[39m [2m/en/news/conservatives-criticized-for-complaining-about-accessibility-measures-70ddc9f7/index.html[22m [2m(+280ms)[22m 
[2m12:37:30[22m   [34m├─[39m [2m/en/news/disability-employment-prioritizes-accessible-location-over-salary-8c529020/index.html[22m [2m(+256ms)[22m 
[2m12:37:30[22m   [34m├─[39m [2m/en/news/user-defends-accessibility-features-amid-online-criticism-f42025c3/index.html[22m [2m(+294ms)[22m 
[2m12:37:30[22m   [34m├─[39m [2m/en/news/parents-highlight-barriers-facing-students-with-disabilities-in-ontario-schools-2bef6e8a/index.html[22m [2m(+274ms)[22m 
[2m12:37:30[22m   [34m├─[39m [2m/en/news/improving-special-education-requires-systemic-alignment-f4ba1e25/index.html[22m [2m(+278ms)[22m 
[2m12:37:31[22m   [34m├─[39m [2m/en/news/game-industry-praised-for-large-subtitle-option-f530f1f3/index.html[22m [2m(+296ms)[22m 
[2m12:37:31[22m   [34m├─[39m [2m/en/news/disability-rights-advocate-calls-for-clearer-accessibility-rules-in-new-bill-6de3a982/index.html[22m [2m(+291ms)[22m 
[2m12:37:31[22m   [34m├─[39m [2m/en/news/kumamoto-city-hall-reconstruction-debate-highlights-inclusive-design-for-childre-37765844/index.html[22m [2m(+274ms)[22m 
[2m12:37:32[22m   [34m├─[39m [2m/en/news/globe-ceo-carl-cruz-emphasizes-need-for-multitech-approach-to-accessibility-2b01ffc2/index.html[22m [2m(+268ms)[22m 
[2m12:37:32[22m   [34m├─[39m [2m/en/news/apartment-lift-chair-subsidy-execution-rate-only-41-9d627ee0/index.html[22m [2m(+306ms)[22m 
[2m12:37:32[22m   [34m├─[39m [2m/en/news/confusion-over-accessibility-options-for-profanity-filters-9ae115a0/index.html[22m [2m(+284ms)[22m 
[2m12:37:32[22m   [34m├─[39m [2m/en/news/world-refugee-day-highlights-refugees-with-disabilities-and-inclusive-humanitari-3b4e15e1/index.html[22m [2m(+344ms)[22m 
[2m12:37:33[22m   [34m├─[39m [2m/en/news/fathers-day-highlights-ongoing-challenges-for-autistic-families-6634de81/index.html[22m [2m(+331ms)[22m 
[2m12:37:33[22m   [34m├─[39m [2m/en/news/rise-in-developmental-disabilities-and-school-absenteeism-in-japan-02465a12/index.html[22m [2m(+286ms)[22m 
[2m12:37:33[22m   [34m├─[39m [2m/en/news/call-to-prioritize-disability-access-over-foreigner-use-6e73f7e4/index.html[22m [2m(+285ms)[22m 
[2m12:37:34[22m   [34m├─[39m [2m/en/news/skegness-raceway-event-highlights-accessibility-info-f14814e1/index.html[22m [2m(+327ms)[22m 
[2m12:37:34[22m   [34m├─[39m [2m/en/news/province-launches-vehicle-accessibility-grant-program-d7837808/index.html[22m [2m(+262ms)[22m 
[2m12:37:34[22m   [34m├─[39m [2m/en/news/guide-to-css-grid-and-flexbox-includes-accessibility-strategies-e63370e2/index.html[22m [2m(+281ms)[22m 
[2m12:37:35[22m   [34m├─[39m [2m/en/news/hospital-temperature-control-needed-for-ets-patients-205ab196/index.html[22m [2m(+332ms)[22m 
[2m12:37:35[22m   [34m├─[39m [2m/en/news/discussion-on-welfare-recipients-and-disability-households-in-japan-30477195/index.html[22m [2m(+285ms)[22m 
[2m12:37:35[22m   [34m├─[39m [2m/en/news/discussion-on-utilizing-productive-disabled-individuals-in-japan-e608a403/index.html[22m [2m(+271ms)[22m 
[2m12:37:35[22m   [34m├─[39m [2m/en/news/user-discloses-personal-challenges-including-mental-disability-4178f300/index.html[22m [2m(+267ms)[22m 
[2m12:37:36[22m   [34m├─[39m [2m/en/news/comment-on-disabled-player-in-splatoon-3-09bb7be9/index.html[22m [2m(+285ms)[22m 
[2m12:37:36[22m   [34m├─[39m [2m/en/news/communication-board-at-hasbrouck-park-in-new-paltz-improves-accessibility-03c404d7/index.html[22m [2m(+284ms)[22m 
[2m12:37:36[22m   [34m├─[39m [2m/en/news/critique-of-non-disabled-people-defining-accessibility-for-disabled-individuals-c12cff96/index.html[22m [2m(+256ms)[22m 
[2m12:37:36[22m   [34m├─[39m [2m/en/news/user-shares-experiences-with-bipolar-disorder-and-disability-benefits-in-japan-9fe09dbe/index.html[22m [2m(+270ms)[22m 
[2m12:37:37[22m   [34m├─[39m [2m/en/news/selfidentified-disability-and-attention-challenges-in-istj-personality-214b9a92/index.html[22m [2m(+275ms)[22m 
[2m12:37:37[22m   [34m├─[39m [2m/en/news/op-ed-claims-inclusion-demands-are-really-conformity-2da9eb8f/index.html[22m [2m(+314ms)[22m 
[2m12:37:37[22m   [34m├─[39m [2m/en/news/critique-of-disability-welfare-recipients-as-lazy-2ebb3299/index.html[22m [2m(+260ms)[22m 
[2m12:37:38[22m   [34m├─[39m [2m/en/news/derogatory-remark-referencing-disability-ec58c6e9/index.html[22m [2m(+270ms)[22m 
[2m12:37:38[22m   [34m├─[39m [2m/en/news/trademark-filed-for-bipolar-life-lab-focusing-on-disability-welfare-information-75369f7e/index.html[22m [2m(+268ms)[22m 
[2m12:37:38[22m   [34m├─[39m [2m/en/news/user-seeks-to-transfer-wheelchair-accessible-bts-tickets-to-those-in-need-11aadaf5/index.html[22m [2m(+320ms)[22m 
[2m12:37:38[22m   [34m├─[39m [2m/en/news/criticism-of-japans-lenient-disability-benefits-system-b6afc351/index.html[22m [2m(+270ms)[22m 
[2m12:37:39[22m   [34m├─[39m [2m/en/news/shri-mahalakshmi-temple-redevelopment-improves-accessibility-8487b063/index.html[22m [2m(+358ms)[22m 
[2m12:37:39[22m   [34m├─[39m [2m/en/news/need-for-support-for-caregivers-and-families-of-disabled-persons-2dba2d41/index.html[22m [2m(+319ms)[22m 
[2m12:37:39[22m   [34m├─[39m [2m/en/news/hotel-praised-for-wheelchairaccessible-rooms-and-assisted-bath-6252a537/index.html[22m [2m(+275ms)[22m 
[2m12:37:40[22m   [34m├─[39m [2m/en/news/workshop-to-enhance-accessibility-of-rural-public-services-c5ee3449/index.html[22m [2m(+293ms)[22m 
[2m12:37:40[22m   [34m├─[39m [2m/en/news/empathy-for-families-with-disabled-or-chronically-ill-members-36b4719f/index.html[22m [2m(+318ms)[22m 
[2m12:37:40[22m   [34m├─[39m [2m/en/news/fathers-day-observed-with-inclusive-festival-and-reflective-play-bffd9b51/index.html[22m [2m(+274ms)[22m 
[2m12:37:41[22m   [34m├─[39m [2m/en/news/discussion-on-living-with-disabled-people-in-japan-25d38541/index.html[22m [2m(+322ms)[22m 
[2m12:37:41[22m   [34m├─[39m [2m/en/news/movement-to-include-intractable-disease-patients-in-disability-employment-806bff2f/index.html[22m [2m(+289ms)[22m 
[2m12:37:41[22m   [34m├─[39m [2m/en/news/user-identifies-as-having-a-sleep-disorder-003e8618/index.html[22m [2m(+338ms)[22m 
[2m12:37:42[22m   [34m├─[39m [2m/en/news/mocking-comment-about-disabled-people-appearing-in-replies-48d58ed6/index.html[22m [2m(+306ms)[22m 
[2m12:37:42[22m   [34m├─[39m [2m/en/news/worker-requests-visible-disability-indicator-at-workplace-0aca1a51/index.html[22m [2m(+297ms)[22m 
[2m12:37:42[22m   [34m├─[39m [2m/en/news/critique-of-disability-content-usage-in-media-96d8eed1/index.html[22m [2m(+299ms)[22m 
[2m12:37:42[22m   [34m├─[39m [2m/en/news/rural-lack-of-transportation-limits-homework-opportunities-for-unemployed-people-3ce26227/index.html[22m [2m(+287ms)[22m 
[2m12:37:43[22m   [34m├─[39m [2m/en/news/user-states-they-will-not-resume-activity-due-to-encounter-with-a-disabled-perso-258c6436/index.html[22m [2m(+282ms)[22m 
[2m12:37:43[22m   [34m├─[39m [2m/en/news/interaction-with-a-child-with-intellectual-disability-highlights-need-for-inclus-4df25293/index.html[22m [2m(+292ms)[22m 
[2m12:37:43[22m   [34m├─[39m [2m/en/news/request-for-priority-access-due-to-physical-disability-handbook-3dc395c2/index.html[22m [2m(+294ms)[22m 
[2m12:37:44[22m   [34m├─[39m [2m/en/news/individual-with-severe-disabilities-discusses-social-welfare-reform-in-japan-88c41822/index.html[22m [2m(+270ms)[22m 
[2m12:37:44[22m   [34m├─[39m [2m/en/news/hateful-comment-labels-feminists-as-mentally-disabled-efef5cef/index.html[22m [2m(+286ms)[22m 
[2m12:37:44[22m   [34m├─[39m [2m/en/news/claims-about-developmental-disability-stereotypes-and-dangerous-behavior-d6344ebe/index.html[22m [2m(+288ms)[22m 
[2m12:37:44[22m   [34m├─[39m [2m/en/news/discussion-of-electromagnetic-sensitivity-in-atopic-dermatitis-and-anxiety-disor-44449e10/index.html[22m [2m(+313ms)[22m 
[2m12:37:45[22m   [34m├─[39m [2m/en/news/derogatory-remarks-about-people-with-disabilities-in-care-work-2c5645af/index.html[22m [2m(+313ms)[22m 
[2m12:37:45[22m   [34m├─[39m [2m/en/news/ghost-story-tropes-liken-urban-weirdness-to-real-disabled-people-4ceacdcc/index.html[22m [2m(+327ms)[22m 
[2m12:37:45[22m   [34m├─[39m [2m/en/news/linking-developmental-disability-family-background-to-car-tuning-expenses-ddba75be/index.html[22m [2m(+337ms)[22m 
[2m12:37:46[22m   [34m├─[39m [2m/en/news/societal-pressures-on-neurodivergent-and-gifted-individuals-4e84efa4/index.html[22m [2m(+315ms)[22m 
[2m12:37:46[22m   [34m├─[39m [2m/en/news/critique-of-disabilitylinked-fan-content-using-derogatory-language-5ba67adf/index.html[22m [2m(+271ms)[22m 
[2m12:37:46[22m   [34m├─[39m [2m/en/news/criticism-of-bondhd-for-allegedly-exploiting-disability-to-fraudulently-obtain-e-69398f6f/index.html[22m [2m(+297ms)[22m 
[2m12:37:47[22m   [34m├─[39m [2m/en/news/praise-for-a-clear-and-universal-design-2a5d0ab0/index.html[22m [2m(+323ms)[22m 
[2m12:37:47[22m   [34m├─[39m [2m/en/news/debate-over-disability-certification-for-deviated-nasal-septum-9e7df91f/index.html[22m [2m(+291ms)[22m 
[2m12:37:47[22m   [34m├─[39m [2m/en/news/embark-driving-accessibility-assistance-for-public-transit-in-okc-7e2eb880/index.html[22m [2m(+307ms)[22m 
[2m12:37:48[22m   [34m├─[39m [2m/en/news/work-and-good-deeds-team-assists-disadvantaged-families-in-liuying-and-annan-wit-1fe4331f/index.html[22m [2m(+269ms)[22m 
[2m12:37:48[22m   [34m├─[39m [2m/en/news/public-measurement-of-accessibility-improves-ai-models-d50c7958/index.html[22m [2m(+277ms)[22m 
[2m12:37:48[22m   [34m├─[39m [2m/en/news/promoting-inclusion-and-belonging-824956df/index.html[22m [2m(+259ms)[22m 
[2m12:37:48[22m   [34m├─[39m [2m/en/news/visual-impairment-sensitivity-to-loud-noise-and-need-for-guidance-at-events-7e9035b2/index.html[22m [2m(+295ms)[22m 
[2m12:37:49[22m   [34m├─[39m [2m/en/news/harassment-of-a-person-with-disability-over-help-mark-cc7ef768/index.html[22m [2m(+270ms)[22m 
[2m12:37:49[22m   [34m├─[39m [2m/en/news/discriminatory-rhetoric-targeting-disabled-people-02c72dcd/index.html[22m [2m(+267ms)[22m 
[2m12:37:49[22m   [34m├─[39m [2m/en/news/inclusion-advocacy-ensuring-no-one-feels-invisible-be297a38/index.html[22m [2m(+266ms)[22m 
[2m12:37:49[22m   [34m├─[39m [2m/en/news/disability-welfare-fraud-totals-8-billion-yen-over-five-years-2f3bdc79/index.html[22m [2m(+275ms)[22m 
[2m12:37:50[22m   [34m├─[39m [2m/en/news/gamer-critiques-near-zero-accessibility-in-popular-game-5fdbd036/index.html[22m [2m(+270ms)[22m 
[2m12:37:50[22m   [34m├─[39m [2m/en/news/japanese-user-discusses-disability-labeling-and-advocacy-concerns-140f423e/index.html[22m [2m(+263ms)[22m 
[2m12:37:50[22m   [34m├─[39m [2m/en/news/user-mocks-disabled-individuals-seeking-financial-support-31550e0a/index.html[22m [2m(+277ms)[22m 
[2m12:37:50[22m   [34m├─[39m [2m/en/news/book-on-episodic-memory-in-autism-spectrum-disorder-00806f6a/index.html[22m [2m(+300ms)[22m 
[2m12:37:51[22m   [34m├─[39m [2m/en/news/parents-reluctance-to-obtain-disability-handbook-noted-90a8d627/index.html[22m [2m(+329ms)[22m 
[2m12:37:51[22m   [34m├─[39m [2m/en/news/disabled-community-rejects-outsiders-defining-rudeness-6adf2f46/index.html[22m [2m(+333ms)[22m 
[2m12:37:51[22m   [34m├─[39m [2m/en/news/disability-inclusion-advocacy-395c0566/index.html[22m [2m(+299ms)[22m 
[2m12:37:52[22m   [34m├─[39m [2m/en/news/realities-of-intellectual-disability-vs-stereotypes-691402c3/index.html[22m [2m(+292ms)[22m 
[2m12:37:52[22m   [34m├─[39m [2m/en/news/disability-support-facility-work-schedule-in-kumamoto-01a791fc/index.html[22m [2m(+291ms)[22m 
[2m12:37:52[22m   [34m├─[39m [2m/en/news/accessibility-viewing-support-announced-for-theater-performance-980319b7/index.html[22m [2m(+252ms)[22m 
[2m12:37:53[22m   [34m├─[39m [2m/en/news/disability-badge-received-83c96ee6/index.html[22m [2m(+325ms)[22m 
[2m12:37:53[22m   [34m├─[39m [2m/en/news/japan-national-conference-on-physically-disabled-persons-welfare-adopts-declarat-7663c594/index.html[22m [2m(+343ms)[22m 
[2m12:37:53[22m   [34m├─[39m [2m/en/news/inclusion-and-belonging-advocacy-4f620b41/index.html[22m [2m(+295ms)[22m 
[2m12:37:54[22m   [34m├─[39m [2m/en/news/equality-for-all-including-people-with-disabilities-5440455a/index.html[22m [2m(+281ms)[22m 
[2m12:37:54[22m   [34m├─[39m [2m/en/news/protest-highlights-disability-discrimination-linked-to-other-forms-of-bias-3771170d/index.html[22m [2m(+309ms)[22m 
[2m12:37:54[22m   [34m├─[39m [2m/en/news/derogatory-tweet-about-low-income-disabled-individuals-ca186cff/index.html[22m [2m(+274ms)[22m 
[2m12:37:54[22m   [34m├─[39m [2m/en/news/awake-sleep-brain-waves-reset-sleep-debt-and-improve-memory-in-mice-db122c07/index.html[22m [2m(+321ms)[22m 
[2m12:37:55[22m   [34m├─[39m [2m/en/news/psychologist-claims-learning-disabled-individuals-lack-individuality-sparks-outr-c5215075/index.html[22m [2m(+331ms)[22m 
[2m12:37:55[22m   [34m├─[39m [2m/en/news/new-web-accessibility-textbook-released-with-examples-and-solutions-03e5c04e/index.html[22m [2m(+309ms)[22m 
[2m12:37:55[22m   [34m├─[39m [2m/en/news/disabled-person-expresses-frustration-over-being-treated-like-non-disabled-5408b894/index.html[22m [2m(+293ms)[22m 
[2m12:37:56[22m   [34m├─[39m [2m/en/news/promoting-inclusion-and-belonging-0b20e504/index.html[22m [2m(+234ms)[22m 
[2m12:37:56[22m   [34m├─[39m [2m/en/news/encouraging-inclusive-opportunities-for-dreams-c271320b/index.html[22m [2m(+329ms)[22m 
[2m12:37:56[22m   [34m├─[39m [2m/en/news/learning-disabled-individuals-highlighted-for-creativity-and-individuality-despi-fe8b623b/index.html[22m [2m(+233ms)[22m 
[2m12:37:56[22m   [34m├─[39m [2m/en/news/concerns-over-expanding-fraud-in-disability-welfare-operations-f998bb6f/index.html[22m [2m(+263ms)[22m 
[2m12:37:57[22m   [34m├─[39m [2m/en/news/new-wheelchair-arrives-after-six-years-for-disabled-user-in-japan-450a8a62/index.html[22m [2m(+294ms)[22m 
[2m12:37:57[22m   [34m├─[39m [2m/en/news/user-finds-free-museum-access-via-disability-handbook-in-japan-0e2ecae5/index.html[22m [2m(+274ms)[22m 
[2m12:37:57[22m   [34m├─[39m [2m/en/news/kochi-prefecture-questions-authority-over-disability-abuse-inspections-in-medica-37bd9763/index.html[22m [2m(+295ms)[22m 
[2m12:37:58[22m   [34m├─[39m [2m/en/news/past-art-exhibition-barred-wheelchair-users-now-offers-disability-discounts-398c050f/index.html[22m [2m(+257ms)[22m 
[2m12:37:58[22m   [34m├─[39m [2m/en/news/inclusion-begins-with-listening-learning-and-love-6b487573/index.html[22m [2m(+267ms)[22m 
[2m12:37:58[22m   [34m├─[39m [2m/en/news/podcast-episode-features-facioscapulohumeral-muscular-dystrophy-advocate-aef95fab/index.html[22m [2m(+363ms)[22m 
[2m12:37:58[22m   [34m├─[39m [2m/en/news/promoting-inclusive-communities-for-all-3e64a201/index.html[22m [2m(+320ms)[22m 
[2m12:37:59[22m   [34m├─[39m [2m/en/news/worker-describes-sixhour-shift-assisting-firstclass-disabled-individuals-cf698f04/index.html[22m [2m(+264ms)[22m 
[2m12:37:59[22m   [34m├─[39m [2m/en/news/offensive-tweet-references-disability-9fffd7bd/index.html[22m [2m(+275ms)[22m 
[2m12:37:59[22m   [34m├─[39m [2m/en/news/inclusion-advocacy-building-a-world-where-everyone-shines-54de22bf/index.html[22m [2m(+300ms)[22m 
[2m12:38:00[22m   [34m├─[39m [2m/en/news/comment-on-societal-rejection-of-physically-disabled-men-2efb2865/index.html[22m [2m(+322ms)[22m 
[2m12:38:00[22m   [34m├─[39m [2m/en/news/critique-of-praise-for-someone-likened-to-disability-content-creator-2a141aa9/index.html[22m [2m(+256ms)[22m 
[2m12:38:00[22m   [34m├─[39m [2m/en/news/advocacy-for-improved-accessibility-in-tokyo-public-transport-86d6561a/index.html[22m [2m(+263ms)[22m 
[2m12:38:00[22m   [34m├─[39m [2m/en/news/call-for-barrier-free-improvements-in-ehime-prefecture-a3421e5d/index.html[22m [2m(+254ms)[22m 
[2m12:38:01[22m   [34m├─[39m [2m/en/news/observation-on-verbalization-ability-and-asd-in-athletes-interviews-de85d3bc/index.html[22m [2m(+310ms)[22m 
[2m12:38:01[22m   [34m├─[39m [2m/en/news/barrierfree-advocacy-highlights-assumptions-about-wheelchair-access-d9024171/index.html[22m [2m(+304ms)[22m 
[2m12:38:01[22m   [34m├─[39m [2m/en/news/inclusion-advocacy-stresses-equal-access-for-people-with-disabilities-6e5d17f3/index.html[22m [2m(+315ms)[22m 
[2m12:38:02[22m   [34m├─[39m [2m/en/news/debate-over-changing-kanji-for-disability-in-japanese-8ef2d25d/index.html[22m [2m(+272ms)[22m 
[2m12:38:02[22m   [34m├─[39m [2m/en/news/request-to-extend-otp-validity-for-senior-volunteers-3a180737/index.html[22m [2m(+319ms)[22m 
[2m12:38:02[22m   [34m├─[39m [2m/en/news/appreciation-for-barrier-free-tarapo-product-b382039a/index.html[22m [2m(+286ms)[22m 
[2m12:38:03[22m   [34m├─[39m [2m/en/news/special-needs-talks-promotes-inclusion-of-persons-with-disabilities-464649c4/index.html[22m [2m(+285ms)[22m 
[2m12:38:03[22m   [34m├─[39m [2m/en/news/quick-review-of-web-accessibility-textbook-with-examples-and-solutions-6667f381/index.html[22m [2m(+254ms)[22m 
[2m12:38:03[22m   [34m├─[39m [2m/en/news/nature-more-accessible-but-work-to-be-done-disability-groups-say-63a164ed/index.html[22m [2m(+286ms)[22m 
[2m12:38:03[22m   [34m├─[39m [2m/en/news/unesco-official-praises-chinas-promotion-of-information-accessibility-and-disabi-afdf61ac/index.html[22m [2m(+292ms)[22m 
[2m12:38:04[22m   [34m├─[39m [2m/en/news/level-4-physical-disability-handbook-not-mild-in-social-life-advocates-say-69ad9b4e/index.html[22m [2m(+301ms)[22m 
[2m12:38:04[22m   [34m├─[39m [2m/en/news/from-hikikomori-to-special-subsidiary-employment-a-mental-disability-story-8839fda8/index.html[22m [2m(+271ms)[22m 
[2m12:38:04[22m   [34m├─[39m [2m/en/news/promoting-inclusive-spaces-for-all-cc08cdb8/index.html[22m [2m(+286ms)[22m 
[2m12:38:05[22m   [34m├─[39m [2m/en/news/disability-inclusion-and-barrier-removal-0c29f231/index.html[22m [2m(+298ms)[22m 
[2m12:38:05[22m   [34m├─[39m [2m/en/news/questioning-salary-limits-in-disability-employment-09b67823/index.html[22m [2m(+259ms)[22m 
[2m12:38:05[22m   [34m├─[39m [2m/en/news/improving-retention-in-disability-employment-f3b288e6/index.html[22m [2m(+269ms)[22m 
[2m12:38:05[22m   [34m├─[39m [2m/en/news/concern-over-disability-pension-loss-despite-full-time-work-10d94aa0/index.html[22m [2m(+289ms)[22m 
[2m12:38:06[22m   [34m├─[39m [2m/en/news/visually-impaired-pedestrians-rely-on-yellow-tactile-paving-cd2d0147/index.html[22m [2m(+317ms)[22m 
[2m12:38:06[22m   [34m├─[39m [2m/en/news/disability-employment-support-funds-overclaimed-in-osaka-78abc429/index.html[22m [2m(+289ms)[22m 
[2m12:38:06[22m   [34m├─[39m [2m/en/news/visually-impaired-gamer-streams-slay-the-spire-2-with-accessibility-mod-45053ef3/index.html[22m [2m(+323ms)[22m 
[2m12:38:07[22m   [34m├─[39m [2m/en/news/disparities-in-perspectives-among-people-with-developmental-disabilities-dba4f3c5/index.html[22m [2m(+293ms)[22m 
[2m12:38:07[22m   [34m├─[39m [2m/en/news/invitation-to-ryukyu-music-event-for-visually-impaired-participants-3b7bc122/index.html[22m [2m(+283ms)[22m 
[2m12:38:07[22m   [34m├─[39m [2m/en/news/call-for-disability-inclusive-spaces-d9ac5848/index.html[22m [2m(+294ms)[22m 
[2m12:38:07[22m   [34m├─[39m [2m/en/news/user-reports-disability-discrimination-by-amazon-leading-to-depression-03077fbd/index.html[22m [2m(+309ms)[22m 
[2m12:38:08[22m   [34m├─[39m [2m/en/news/disability-welfare-fraud-in-japan-reaches-80-billion-yen-over-five-years-f305f1b9/index.html[22m [2m(+296ms)[22m 
[2m12:38:08[22m   [34m├─[39m [2m/en/news/workplace-inclusion-values-all-abilities-ce532b53/index.html[22m [2m(+270ms)[22m 
[2m12:38:08[22m   [34m├─[39m [2m/en/news/equal-access-for-people-with-disabilities-39947f78/index.html[22m [2m(+324ms)[22m 
[2m12:38:09[22m   [34m├─[39m [2m/en/news/workplace-inclusion-for-all-abilities-a8a2e0f7/index.html[22m [2m(+297ms)[22m 
[2m12:38:09[22m   [34m├─[39m [2m/en/news/equal-access-to-dreams-and-opportunities-for-people-with-disabilities-f6f1535f/index.html[22m [2m(+283ms)[22m 
[2m12:38:09[22m   [34m├─[39m [2m/en/news/disability-welfare-fraud-in-japan-reaches-8-billion-yen-over-five-years-6f8f99f4/index.html[22m [2m(+291ms)[22m 
[2m12:38:10[22m   [34m├─[39m [2m/en/news/tim-shriver-calls-for-inclusion-as-core-american-value-9fe5fb13/index.html[22m [2m(+325ms)[22m 
[2m12:38:10[22m   [34m├─[39m [2m/en/news/speaker-calls-for-practical-support-over-ideology-for-disabled-and-vulnerable-gr-7d1c227d/index.html[22m [2m(+266ms)[22m 
[2m12:38:10[22m   [34m├─[39m [2m/en/news/japanese-tweet-labels-non-supporters-as-disabled-0e8071da/index.html[22m [2m(+314ms)[22m 
[2m12:38:10[22m   [34m├─[39m [2m/en/news/job-seekers-without-disability-certificates-face-barriers-in-japan-cdaeacaf/index.html[22m [2m(+283ms)[22m 
[2m12:38:11[22m   [34m├─[39m [2m/en/news/individual-describes-becoming-unable-to-work-due-to-mental-disability-and-fallin-a1313612/index.html[22m [2m(+271ms)[22m 
[2m12:38:11[22m   [34m├─[39m [2m/en/news/disability-welfare-fraud-in-japan-reaches-80-billion-over-five-years-a909093c/index.html[22m [2m(+264ms)[22m 
[2m12:38:11[22m   [34m├─[39m [2m/en/news/harassing-tweet-targets-disabled-individual-in-japan-29d98019/index.html[22m [2m(+282ms)[22m 
[2m12:38:12[22m   [34m├─[39m [2m/en/news/promoting-daily-inclusion-08a3f269/index.html[22m [2m(+275ms)[22m 
[2m12:38:12[22m   [34m├─[39m [2m/en/news/experiences-of-adhd-and-autism-in-daily-life-6def80d7/index.html[22m [2m(+323ms)[22m 
[2m12:38:12[22m   [34m├─[39m [2m/en/news/disability-welfare-service-fraud-reaches-8-billion-yen-8f8cb744/index.html[22m [2m(+255ms)[22m 
[2m12:38:12[22m   [34m├─[39m [2m/en/news/criticism-of-ldp-over-mental-health-disability-concerns-f2229590/index.html[22m [2m(+303ms)[22m 
[2m12:38:13[22m   [34m├─[39m [2m/en/news/discussion-on-anime-adaptation-and-disability-themed-story-16c533a1/index.html[22m [2m(+270ms)[22m 
[2m12:38:13[22m   [34m├─[39m [2m/en/news/welfare-facility-supports-disabled-individuals-in-upper-ina-region-d3cce6e2/index.html[22m [2m(+297ms)[22m 
[2m12:38:13[22m   [34m├─[39m [2m/en/news/criticism-of-disability-fraud-allegations-on-social-media-961a9a53/index.html[22m [2m(+295ms)[22m 
[2m12:38:14[22m   [34m├─[39m [2m/en/news/challenges-in-disability-employment-highlighted-in-japan-fb505c49/index.html[22m [2m(+280ms)[22m 
[2m12:38:14[22m   [34m├─[39m [2m/en/news/deafblindness-awareness-article-highlights-need-for-inclusion-12bc6386/index.html[22m [2m(+309ms)[22m 
[2m12:38:14[22m   [34m├─[39m [2m/en/news/accessibility-and-inclusive-design-reflect-high-design-standards-80e3386e/index.html[22m [2m(+366ms)[22m 
[2m12:38:14[22m   [34m├─[39m [2m/en/news/disability-welfare-fraud-totals-80-billion-yen-over-five-years-dd9a8178/index.html[22m [2m(+300ms)[22m 
[2m12:38:15[22m   [34m├─[39m [2m/en/news/the-great-unraveling-of-inclusion-baa8edab/index.html[22m [2m(+260ms)[22m 
[2m12:38:15[22m   [34m├─[39m [2m/en/news/desire-for-disability-only-community-space-expressed-in-japanese-tweet-44cf2c06/index.html[22m [2m(+306ms)[22m 
[2m12:38:15[22m   [34m├─[39m [2m/en/news/planning-for-future-care-of-adult-children-with-severe-disabilities-ec84f944/index.html[22m [2m(+296ms)[22m 
[2m12:38:16[22m   [34m├─[39m [2m/en/news/user-suggests-everyone-has-some-disability-advocating-an-inclusive-view-of-abili-08c8a2d1/index.html[22m [2m(+292ms)[22m 
[2m12:38:16[22m   [34m├─[39m [2m/en/news/celebrating-diversity-and-inclusion-in-education-11e9cc34/index.html[22m [2m(+315ms)[22m 
[2m12:38:16[22m   [34m├─[39m [2m/en/news/urge-canmake-to-create-disabilityfriendly-products-586c580f/index.html[22m [2m(+322ms)[22m 
[2m12:38:17[22m   [34m├─[39m [2m/en/news/deaf-clerk-seeks-workplace-accommodations-for-communication-barriers-25d65522/index.html[22m [2m(+293ms)[22m 
[2m12:38:17[22m   [34m├─[39m [2m/en/news/lawyers-criticized-for-not-treating-disabled-people-as-humans-63cdcced/index.html[22m [2m(+302ms)[22m 
[2m12:38:17[22m   [34m├─[39m [2m/en/news/concerns-over-disability-employment-programs-being-used-for-weapons-production-3d499e3c/index.html[22m [2m(+307ms)[22m 
[2m12:38:17[22m   [34m├─[39m [2m/en/news/experiences-of-inaccessibility-for-cane-users-in-urban-japan-a238b9ac/index.html[22m [2m(+286ms)[22m 
[2m12:38:18[22m   [34m├─[39m [2m/en/news/reminder-to-renew-mental-disability-handbook-in-japan-3ab82c7a/index.html[22m [2m(+291ms)[22m 
[2m12:38:18[22m   [34m├─[39m [2m/en/news/tweet-mocks-people-with-intellectual-disability-db4d8d4f/index.html[22m [2m(+290ms)[22m 
[2m12:38:18[22m   [34m├─[39m [2m/en/news/discussion-on-folding-orientation-of-disability-handbook-894f3e4e/index.html[22m [2m(+277ms)[22m 
[2m12:38:19[22m   [34m├─[39m [2m/en/news/reports-of-largescale-fraud-in-disability-welfare-services-6b5d5efe/index.html[22m [2m(+286ms)[22m 
[2m12:38:19[22m   [34m├─[39m [2m/en/news/projects-improving-accessibility-in-public-spaces-highlighted-as-transformative--43eddd64/index.html[22m [2m(+258ms)[22m 
[2m12:38:19[22m   [34m├─[39m [2m/en/news/critics-slam-uc-berkeley-school-of-law-as-number-of-students-with-disability-sky-5406df1e/index.html[22m [2m(+277ms)[22m 
[2m12:38:19[22m   [34m├─[39m [2m/en/news/danes-payout-for-historical-sexual-abuse-meant-the-ndis-slashed-his-funding-he-a-be9675c7/index.html[22m [2m(+279ms)[22m 
[2m12:38:20[22m   [34m├─[39m [2m/en/news/drake-university-offers-disability-rehabilitation-scholarships-for-fall-2026-1028404f/index.html[22m [2m(+317ms)[22m 
[2m12:38:20[22m   [34m├─[39m [2m/en/news/preparing-for-visionkvs-psycho-power-4-streaming-event-highlighting-adaptive-and-69cb1346/index.html[22m [2m(+312ms)[22m 
[2m12:38:20[22m   [34m├─[39m [2m/en/news/debate-over-reliance-on-disability-certification-to-define-disability-6c5b165a/index.html[22m [2m(+286ms)[22m 
[2m12:38:21[22m   [34m├─[39m [2m/en/news/student-with-developmental-coordination-disorder-described-ca65b60d/index.html[22m [2m(+286ms)[22m 
[2m12:38:21[22m   [34m├─[39m [2m/en/news/user-self-identifies-as-disabled-800c8749/index.html[22m [2m(+281ms)[22m 
[2m12:38:21[22m   [34m├─[39m [2m/en/news/reflections-on-undiagnosed-developmental-disability-during-school-years-8b4d6523/index.html[22m [2m(+249ms)[22m 
[2m12:38:21[22m   [34m├─[39m [2m/en/news/claim-that-all-users-of-edgar-are-parents-of-disabled-children-8bb4ff01/index.html[22m [2m(+332ms)[22m 
[2m12:38:22[22m   [34m├─[39m [2m/en/news/swell-child-theme-accessibility-adjustments-for-userdefined-text-size-3ade098e/index.html[22m [2m(+307ms)[22m 
[2m12:38:22[22m   [34m├─[39m [2m/en/news/increasing-text-size-should-be-a-baseline-accessibility-feature-in-all-games-ec575b28/index.html[22m [2m(+289ms)[22m 
[2m12:38:22[22m   [34m├─[39m [2m/en/news/call-for-violence-against-disabled-person-a2740fa5/index.html[22m [2m(+275ms)[22m 
[2m12:38:23[22m   [34m├─[39m [2m/en/news/game-accessibility-and-retention-strategy-overview-e3cd14d0/index.html[22m [2m(+292ms)[22m 
[2m12:38:23[22m   [34m├─[39m [2m/en/news/advocacy-journey-for-accessibility-across-australia-75ccd3f1/index.html[22m [2m(+269ms)[22m 
[2m12:38:23[22m   [34m├─[39m [2m/en/news/discussion-on-disability-status-without-diagnosis-certificate-fbee3206/index.html[22m [2m(+285ms)[22m 
[2m12:38:24[22m   [34m├─[39m [2m/en/news/comment-linking-spoiled-attitudes-to-disability-8a231e65/index.html[22m [2m(+261ms)[22m 
[2m12:38:24[22m   [34m├─[39m [2m/en/news/user-suggests-pursuing-disability-employment-due-to-holding-disability-certifica-19247800/index.html[22m [2m(+286ms)[22m 
[2m12:38:24[22m   [34m├─[39m [2m/en/news/user-calls-for-regulation-of-theme-popular-among-mental-disability-certificate-h-9a4e9497/index.html[22m [2m(+264ms)[22m 
[2m12:38:24[22m   [34m├─[39m [2m/en/news/criticism-of-expecting-children-to-care-for-disabled-peers-410c8051/index.html[22m [2m(+273ms)[22m 
[2m12:38:25[22m   [34m├─[39m [2m/en/news/call-to-end-financial-management-requirements-for-disabled-welfare-recipients-80a40465/index.html[22m [2m(+297ms)[22m 
[2m12:38:25[22m   [34m├─[39m [2m/en/news/individual-shares-journey-living-with-bipolar-disorder-and-psychiatric-disabilit-b30c7409/index.html[22m [2m(+286ms)[22m 
[2m12:38:25[22m   [34m├─[39m [2m/en/news/discussion-of-facial-traits-linked-to-autism-spectrum-disorder-cc96dc16/index.html[22m [2m(+286ms)[22m 
[2m12:38:25[22m   [34m├─[39m [2m/en/news/new-flirt-train-in-finland-features-full-low-floor-accessibility-5d122f98/index.html[22m [2m(+302ms)[22m 
[2m12:38:26[22m   [34m├─[39m [2m/en/news/question-about-employment-potential-for-people-with-mental-and-developmental-dis-3bef7f4e/index.html[22m [2m(+293ms)[22m 
[2m12:38:26[22m   [34m├─[39m [2m/en/news/commentary-on-communicating-respectfully-with-people-with-mental-disabilities-0a8fae53/index.html[22m [2m(+260ms)[22m 
[2m12:38:26[22m   [34m├─[39m [2m/en/news/user-shares-personal-experience-living-with-severe-mental-disability-d44de47f/index.html[22m [2m(+311ms)[22m 
[2m12:38:27[22m   [34m├─[39m [2m/en/news/harassment-urging-someone-to-become-disabled-b5c41ded/index.html[22m [2m(+275ms)[22m 
[2m12:38:27[22m   [34m├─[39m [2m/en/news/parasoft-soatest-integrates-accessibility-testing-into-functional-tests-1bd541e3/index.html[22m [2m(+300ms)[22m 
[2m12:38:27[22m   [34m├─[39m [2m/en/news/discussion-on-job-opportunities-for-highly-educated-individuals-with-asd-a29a1632/index.html[22m [2m(+278ms)[22m 
[2m12:38:27[22m   [34m├─[39m [2m/en/news/challenges-of-using-government-vouchers-with-disability-in-rural-japan-6270df3c/index.html[22m [2m(+273ms)[22m 
[2m12:38:28[22m   [34m├─[39m [2m/en/news/yao-city-official-suspended-for-forging-disability-certificate-ac69aeb5/index.html[22m [2m(+272ms)[22m 
[2m12:38:28[22m   [34m├─[39m [2m/en/news/concern-over-welfare-eligibility-for-mild-mental-disability-efb51c42/index.html[22m [2m(+344ms)[22m 
[2m12:38:28[22m   [34m├─[39m [2m/en/news/tweet-mentions-disabled-students-causing-disturbance-at-school-8a0f852f/index.html[22m [2m(+300ms)[22m 
[2m12:38:29[22m   [34m├─[39m [2m/en/news/challenges-accessing-disability-pension-despite-employment-and-support-c3e5a43f/index.html[22m [2m(+307ms)[22m 
[2m12:38:29[22m   [34m├─[39m [2m/en/news/skepticism-about-welfare-receipt-for-mild-mental-disability-a0d62191/index.html[22m [2m(+275ms)[22m 
[2m12:38:29[22m   [34m├─[39m [2m/en/news/user-confirms-possession-of-a-disability-certificate-ef2dadfc/index.html[22m [2m(+296ms)[22m 
[2m12:38:30[22m   [34m├─[39m [2m/en/news/individual-with-physical-disability-expresses-regret-over-missed-rehabilitation--1325c756/index.html[22m [2m(+306ms)[22m 
[2m12:38:30[22m   [34m├─[39m [2m/en/news/derogatory-tweet-criticizes-disabled-individuals-for-unclear-communication-753c82ef/index.html[22m [2m(+299ms)[22m 
[2m12:38:30[22m   [34m├─[39m [2m/en/news/person-with-mental-disability-shares-importance-of-disability-certificate-and-we-d40c1b2f/index.html[22m [2m(+270ms)[22m 
[2m12:38:30[22m   [34m├─[39m [2m/en/news/user-expresses-feeling-overly-disabled-3e99d8ef/index.html[22m [2m(+306ms)[22m 
[2m12:38:31[22m   [34m├─[39m [2m/en/news/criticism-of-people-who-look-down-on-disabled-individuals-77e1c2f9/index.html[22m [2m(+314ms)[22m 
[2m12:38:31[22m   [34m├─[39m [2m/en/news/reflections-on-reading-a-book-about-developmental-disability-1f9ca165/index.html[22m [2m(+292ms)[22m 
[2m12:38:31[22m   [34m├─[39m [2m/en/news/parent-discusses-childs-developmental-disability-b98fd7e3/index.html[22m [2m(+327ms)[22m 
[2m12:38:32[22m   [34m├─[39m [2m/en/news/comment-on-disabled-peoples-charging-habits-00efffd7/index.html[22m [2m(+300ms)[22m 
[2m12:38:32[22m   [34m├─[39m [2m/en/news/questioning-the-feelings-of-hairdressers-serving-disabled-clients-bab2d705/index.html[22m [2m(+270ms)[22m 
[2m12:38:32[22m   [34m├─[39m [2m/en/news/critique-of-using-disability-as-an-excuse-for-criminal-behavior-8e323110/index.html[22m [2m(+282ms)[22m 
[2m12:38:33[22m   [34m├─[39m [2m/en/news/inclusive-playground-with-wheelchair-accessible-trampoline-being-built-in-northw-a5847baf/index.html[22m [2m(+259ms)[22m 
[2m12:38:33[22m   [34m├─[39m [2m/en/news/praise-for-inclusive-practices-in-schools-for-children-with-disabilities-d1fd8277/index.html[22m [2m(+288ms)[22m 
[2m12:38:33[22m   [34m├─[39m [2m/en/news/ember-a-native-ios-hacker-news-reader-i-built-around-accessibility-25073fdf/index.html[22m [2m(+251ms)[22m 
[2m12:38:33[22m   [34m├─[39m [2m/en/news/elon-musk-unveils-neuralinks-vision-restoring-blindsight-implant-b689c6d7/index.html[22m [2m(+272ms)[22m 
[2m12:38:34[22m   [34m├─[39m [2m/en/news/wearable-technology-may-help-reduce-eye-pressing-cab76216/index.html[22m [2m(+273ms)[22m 
[2m12:38:34[22m   [34m├─[39m [2m/en/news/chicago-opens-first-universally-accessible-playground-on-midway-plaisance-ab5feb9b/index.html[22m [2m(+274ms)[22m 
[2m12:38:34[22m   [34m├─[39m [2m/en/news/cincinnati-hosts-handson-accessibility-event-for-deafblind-community-ae33ce6d/index.html[22m [2m(+288ms)[22m 
[2m12:38:34[22m   [34m├─[39m [2m/en/news/blind-boys-of-alabama-to-perform-tribute-to-stevie-wonder-in-ogden-3c38b0d8/index.html[22m [2m(+282ms)[22m 
[2m12:38:35[22m   [34m├─[39m [2m/en/news/wheelchair-user-reviews-adaptive-controllers-at-accessible-gaming-event-e7223bb6/index.html[22m [2m(+265ms)[22m 
[2m12:38:35[22m   [34m├─[39m [2m/en/news/free-meta-glasses-provided-to-blind-veterans-488b9b36/index.html[22m [2m(+297ms)[22m 
[2m12:38:35[22m   [34m├─[39m [2m/en/news/la-galaxy-foundation-honored-with-braille-institute-community-hero-award-7d4e3ce5/index.html[22m [2m(+279ms)[22m 
[2m12:38:36[22m   [34m├─[39m [2m/en/news/musician-overcame-blindness-to-write-hits-for-country-legends-a5ba6cda/index.html[22m [2m(+253ms)[22m 
[2m12:38:36[22m   [34m├─[39m [2m/en/news/meta-donates-ray-ban-meta-ai-glasses-to-130000-blinded-us-veterans-dabdddad/index.html[22m [2m(+289ms)[22m 
[2m12:38:36[22m   [34m├─[39m [2m/en/news/review-lil-nipper-nail-clippers-for-blind-users-71bc09a9/index.html[22m [2m(+299ms)[22m 
[2m12:38:36[22m   [34m├─[39m [2m/en/news/stark-raven-ai-app-designed-for-blind-people-061bbd01/index.html[22m [2m(+304ms)[22m 
[2m12:38:37[22m   [34m├─[39m [2m/en/news/accessibility-review-of-fitbit-charge-6-and-versa-4-467e43ff/index.html[22m [2m(+303ms)[22m 
[2m12:38:37[22m   [34m├─[39m [2m/en/news/disability-reddit-discussion-sparks-reflection-d6894a95/index.html[22m [2m(+301ms)[22m 
[2m12:38:37[22m   [34m├─[39m [2m/en/news/blind-poet-describes-heightened-awareness-898e0120/index.html[22m [2m(+329ms)[22m 
[2m12:38:38[22m   [34m├─[39m [2m/en/news/neuralinks-blindsight-aims-to-restore-vision-for-the-blind-e8ab66d6/index.html[22m [2m(+340ms)[22m 
[2m12:38:38[22m   [34m├─[39m [2m/en/news/bloomfield-library-launches-accessibility-initiative-1f9b1e2c/index.html[22m [2m(+300ms)[22m 
[2m12:38:38[22m   [34m├─[39m [2m/en/news/sign-language-tour-guides-introduced-for-more-friendly-tourism-47d2336b/index.html[22m [2m(+294ms)[22m 
[2m12:38:39[22m   [34m├─[39m [2m/en/news/saint-john-disability-advocates-using-lived-experience-to-create-more-accessible-2c58a1d5/index.html[22m [2m(+283ms)[22m 
[2m12:38:39[22m   [34m├─[39m [2m/en/news/kaohsiung-accessible-home-kids-transform-into-dragon-boat-champions-land-dragon--c3171239/index.html[22m [2m(+312ms)[22m 
[2m12:38:39[22m   [34m├─[39m [2m/en/news/74th-national-deaf-persons-conference-held-in-toyama-19aa11bd/index.html[22m [2m(+301ms)[22m 
[2m12:38:39[22m   [34m├─[39m [2m/en/news/deaf-community-dialogue-meeting-with-mayor-held-6aefdfa3/index.html[22m [2m(+271ms)[22m 
[2m12:38:40[22m   [34m├─[39m [2m/en/news/viewer-calls-for-greater-promotion-of-disability-sports-and-abilympics-after-dra-bee4a4c3/index.html[22m [2m(+300ms)[22m 
[2m12:38:40[22m   [34m├─[39m [2m/en/news/parent-reflects-on-challenges-of-raising-a-child-with-disability-1db3cb2c/index.html[22m [2m(+256ms)[22m 
[2m12:38:40[22m   [34m├─[39m [2m/en/news/discussion-of-mental-disability-levels-and-support-in-japan-c32274a8/index.html[22m [2m(+357ms)[22m 
[2m12:38:41[22m   [34m├─[39m [2m/en/news/guidance-on-applying-for-disability-pension-for-developmental-and-intellectual-d-a92090ba/index.html[22m [2m(+314ms)[22m 
[2m12:38:41[22m   [34m├─[39m [2m/en/news/zakhaa-pay-promotes-financial-inclusion-and-dignity-af03b3cf/index.html[22m [2m(+311ms)[22m 
[2m12:38:41[22m   [34m├─[39m [2m/en/news/inaccessible-ticket-machines-at-hakata-station-hinders-mental-disability-discoun-ad75e2bb/index.html[22m [2m(+303ms)[22m 
[2m12:38:42[22m   [34m├─[39m [2m/en/news/advocating-for-an-inclusive-society-in-disaster-recovery-and-peace-efforts-eb7c8637/index.html[22m [2m(+276ms)[22m 
[2m12:38:42[22m   [34m├─[39m [2m/en/news/take-heart-yachiyo-gaoka-hosts-dice-talk-event-for-disability-employment-support-f37bf416/index.html[22m [2m(+249ms)[22m 
[2m12:38:42[22m   [34m├─[39m [2m/en/news/vision-for-an-inclusive-society-where-no-one-is-left-behind-8ddba575/index.html[22m [2m(+281ms)[22m 
[2m12:38:42[22m   [34m├─[39m [2m/en/news/barrier-free-movie-screening-survey-results-published-in-chunichi-newspaper-b472f07f/index.html[22m [2m(+311ms)[22m 
[2m12:38:43[22m   [34m├─[39m [2m/en/news/tespok-autism-marathon-2026-kicks-off-in-tatu-city-40766882/index.html[22m [2m(+337ms)[22m 
[2m12:38:43[22m   [34m├─[39m [2m/en/news/ai-bias-risks-entrenching-discrimination-against-people-with-mental-disabilities-bfd79087/index.html[22m [2m(+342ms)[22m 
[2m12:38:43[22m   [34m├─[39m [2m/en/news/discussion-of-disability-certificates-and-lived-experience-in-japan-44f6001b/index.html[22m [2m(+264ms)[22m 
[2m12:38:44[22m   [34m├─[39m [2m/en/news/debate-on-euthanasia-for-people-with-developmental-disabilities-in-japan-837d89f2/index.html[22m [2m(+267ms)[22m 
[2m12:38:44[22m   [34m├─[39m [2m/en/news/tespok-autism-marathon-2026-kicks-off-at-tatu-city-482347fd/index.html[22m [2m(+276ms)[22m 
[2m12:38:44[22m   [34m├─[39m [2m/en/news/puppet-theater-event-welcomes-students-and-people-with-disabilities-988a5009/index.html[22m [2m(+256ms)[22m 
[2m12:38:44[22m   [34m├─[39m [2m/en/news/disability-advocates-criticize-lack-of-support-in-japan-bc5d0a6b/index.html[22m [2m(+295ms)[22m 
[2m12:38:45[22m   [34m├─[39m [2m/en/news/hyogo-prefecture-criticized-for-lenient-response-to-disability-abuse-despite-str-15e6351d/index.html[22m [2m(+304ms)[22m 
[2m12:38:45[22m   [34m├─[39m [2m/en/news/user-reflects-on-differing-tolerance-for-selfish-behavior-at-a-disability-workpl-de16bc00/index.html[22m [2m(+328ms)[22m 
[2m12:38:45[22m   [34m├─[39m [2m/en/news/monthly-pudding-club-creates-inclusive-desserts-for-people-with-swallowing-diffi-1284da71/index.html[22m [2m(+347ms)[22m 
[2m12:38:46[22m   [34m├─[39m [2m/en/news/shift-from-to-in-japanese-disability-terminology-add26e0a/index.html[22m [2m(+256ms)[22m 
[2m12:38:46[22m   [34m├─[39m [2m/en/news/user-with-low-vision-seeks-tablet-accessibility-features-for-school-and-trading-23adff1a/index.html[22m [2m(+293ms)[22m 
[2m12:38:46[22m   [34m├─[39m [2m/en/news/offensive-tweet-uses-disability-slur-112b1f2d/index.html[22m [2m(+292ms)[22m 
[2m12:38:47[22m   [34m├─[39m [2m/en/news/hateful-eugenics-remark-about-disabled-people-in-japanese-tweet-395cdda3/index.html[22m [2m(+301ms)[22m 
[2m12:38:47[22m   [34m├─[39m [2m/en/news/debate-on-euthanasia-and-disability-rights-dc4eb2a6/index.html[22m [2m(+263ms)[22m 
[2m12:38:47[22m   [34m├─[39m [2m/en/news/user-shares-daily-routine-while-managing-bipolar-disorder-680afebc/index.html[22m [2m(+358ms)[22m 
[2m12:38:47[22m   [34m├─[39m [2m/en/news/disability-employment-challenges-and-aspirations-57dc21f0/index.html[22m [2m(+297ms)[22m 
[2m12:38:48[22m   [34m├─[39m [2m/en/news/advice-for-disabled-users-on-smartphone-handling-6e7abc84/index.html[22m [2m(+293ms)[22m 
[2m12:38:48[22m   [34m├─[39m [2m/en/news/film-explores-lack-of-barriers-between-able-bodied-disabled-and-care-recipients-53167b16/index.html[22m [2m(+297ms)[22m 
[2m12:38:48[22m   [34m├─[39m [2m/en/news/user-saves-disability-employment-wages-to-fund-a-family-trip-cc9ea0d5/index.html[22m [2m(+273ms)[22m 
[2m12:38:49[22m   [34m├─[39m [2m/en/news/wish-for-a-disability-only-photo-exhibition-f83a2354/index.html[22m [2m(+285ms)[22m 
[2m12:38:49[22m   [34m├─[39m [2m/en/news/questioning-whether-someone-is-viewed-as-disabled-ecd40be9/index.html[22m [2m(+286ms)[22m 
[2m12:38:49[22m   [34m├─[39m [2m/en/news/using-alt-text-improves-accessibility-and-seo-f7b97a5d/index.html[22m [2m(+242ms)[22m 
[2m12:38:49[22m   [34m├─[39m [2m/en/news/common-misconceptions-about-people-with-mental-disabilities-63265c34/index.html[22m [2m(+286ms)[22m 
[2m12:38:50[22m   [34m├─[39m [2m/en/news/shiga-prefecture-care-and-disability-association-announces-2026-annual-meeting-5f97c4a6/index.html[22m [2m(+243ms)[22m 
[2m12:38:50[22m   [34m├─[39m [2m/en/news/variations-in-adult-guardianship-support-subsidies-across-japanese-municipalitie-e37a1496/index.html[22m [2m(+252ms)[22m 
[2m12:38:50[22m   [34m├─[39m [2m/en/news/yokosuka-station-praised-for-step-free-barrier-free-access-3e60d7e4/index.html[22m [2m(+232ms)[22m 
[2m12:38:50[22m   [34m├─[39m [2m/en/news/historical-speculation-on-developmental-disability-concept-in-marx-era-b08820a0/index.html[22m [2m(+332ms)[22m 
[2m12:38:51[22m   [34m├─[39m [2m/en/news/forum-on-battle-of-okinawa-and-persons-with-disabilities-announced-23f3d248/index.html[22m [2m(+249ms)[22m 
[2m12:38:51[22m   [34m├─[39m [2m/en/news/itdp-india-releases-people-near-transit-report-on-chennai-public-transport-acces-2081af30/index.html[22m [2m(+275ms)[22m 
[2m12:38:51[22m   [34m├─[39m [2m/en/news/barrier-free-villa-in-nasu-offers-wheelchair-accessible-stay-d20aeadd/index.html[22m [2m(+316ms)[22m 
[2m12:38:52[22m   [34m├─[39m [2m/en/news/optimizing-site-logo-alt-text-for-accessibility-and-seo-63a8bcd1/index.html[22m [2m(+327ms)[22m 
[2m12:38:52[22m   [34m├─[39m [2m/en/news/shopify-theme-accessibility-may-be-undermined-by-apps-f124bd7f/index.html[22m [2m(+325ms)[22m 
[2m12:38:52[22m   [34m├─[39m [2m/en/news/use-iphone-more-comfortably-while-riding-in-a-vehicle-apple-support-8b4bf1c5/index.html[22m [2m(+302ms)[22m 
[2m12:38:53[22m   [34m├─[39m [2m/en/news/a11y-tokyo-meetup-announces-offline-event-and-web-accessibility-book-launch-0ea3b450/index.html[22m [2m(+346ms)[22m 
[2m12:38:53[22m   [34m├─[39m [2m/en/news/accessibility-conference-okinawa-approaches-amid-typhoon-warning-0a3ecdde/index.html[22m [2m(+336ms)[22m 
[2m12:38:53[22m   [34m├─[39m [2m/en/news/new-accessible-bus-could-enable-lane-county-outings-for-cottage-grove-special-ne-5d08fc18/index.html[22m [2m(+269ms)[22m 
[2m12:38:54[22m   [34m├─[39m [2m/en/news/xa11y-091-37dc6a07/index.html[22m [2m(+288ms)[22m 
[2m12:38:54[22m   [34m├─[39m [2m/en/news/hendersonville-to-upgrade-sanders-ferry-greenway-for-accessibility-1d2e6dd1/index.html[22m [2m(+284ms)[22m 
[2m12:38:54[22m   [34m├─[39m [2m/en/news/a11y-at-wordcamp-europe-26-in-krakow-4eb4e13c/index.html[22m [2m(+304ms)[22m 
[2m12:38:54[22m   [34m├─[39m [2m/en/news/use-visible-labels-and-video-captions-to-improve-accessibility-9046042a/index.html[22m [2m(+299ms)[22m 
[2m12:38:55[22m   [34m├─[39m [2m/en/news/balancing-security-and-accessibility-in-crypto-onboarding-b9d90e04/index.html[22m [2m(+269ms)[22m 
[2m12:38:55[22m   [34m├─[39m [2m/en/news/warning-against-taking-statements-of-people-with-intellectual-disability-literal-d8bbacb0/index.html[22m [2m(+269ms)[22m 
[2m12:38:55[22m   [34m├─[39m [2m/en/news/harassment-tweet-targeting-disabled-person-9d7620e7/index.html[22m [2m(+266ms)[22m 
[2m12:38:56[22m   [34m├─[39m [2m/en/news/critique-of-accessibility-as-dumbing-down-versus-genuine-accommodations-a54052ac/index.html[22m [2m(+363ms)[22m 
[2m12:38:56[22m   [34m├─[39m [2m/en/news/education-minister-refuses-to-attend-town-hall-on-school-barriers-for-students-w-04e8a5e3/index.html[22m [2m(+308ms)[22m 
[2m12:38:56[22m   [34m├─[39m [2m/en/news/virtual-town-hall-video-shows-parents-describing-disability-barriers-in-ontario--81fb00eb/index.html[22m [2m(+285ms)[22m 
[2m12:38:56[22m   [34m├─[39m [2m/en/news/mallorca-international-football-cup-adds-specials-cup-for-youth-with-intellectua-54be394c/index.html[22m [2m(+297ms)[22m 
[2m12:38:57[22m   [34m├─[39m [2m/en/news/call-to-fix-disability-barrier-in-toronto-transit-cdf6a9aa/index.html[22m [2m(+328ms)[22m 
[2m12:38:57[22m   [34m├─[39m [2m/en/news/disabled-trios-twitter-presence-questioned-0cfb189f/index.html[22m [2m(+340ms)[22m 
[2m12:38:57[22m   [34m├─[39m [2m/en/news/efforts-to-improve-welfare-and-access-for-persons-with-disabilities-in-sindh-33858524/index.html[22m [2m(+341ms)[22m 
[2m12:38:58[22m   [34m├─[39m [2m/en/news/user-at-disability-facility-forced-to-cover-for-absent-support-staff-d6d78835/index.html[22m [2m(+337ms)[22m 
[2m12:38:58[22m   [34m├─[39m [2m/en/news/differences-between-level-2-and-level-3-mental-disability-certificates-in-japan-61a75e0c/index.html[22m [2m(+285ms)[22m 
[2m12:38:58[22m   [34m├─[39m [2m/en/news/law-firms-use-bots-to-scan-websites-for-ada-accessibility-compliance-54aa35a2/index.html[22m [2m(+266ms)[22m 
[2m12:38:59[22m   [34m├─[39m [2m/en/news/blind-lgbtq-arist-is-leading-musics-accessibility-movement-90a9c26a/index.html[22m [2m(+292ms)[22m 
[2m12:38:59[22m   [34m├─[39m [2m/en/news/okinawa-venue-promotes-barrier-free-nightlife-with-live-music-and-dance-d099ca1e/index.html[22m [2m(+288ms)[22m 
[2m12:38:59[22m   [34m├─[39m [2m/en/news/joke-about-accessibility-advocates-not-liking-struggle-c177662f/index.html[22m [2m(+268ms)[22m 
[2m12:39:00[22m   [34m├─[39m [2m/en/news/azerbaijan-integrates-disability-support-into-unified-social-service-model-21e571d2/index.html[22m [2m(+287ms)[22m 
[2m12:39:00[22m   [34m├─[39m [2m/en/news/veterans-memorial-park-in-fairbanks-nears-completion-with-accessibility-upgrades-c4ccc98e/index.html[22m [2m(+276ms)[22m 
[2m12:39:00[22m   [34m├─[39m [2m/en/news/review-of-prius-ai1-extra-wide-extra-long-bariatric-hospital-bed-19141a65/index.html[22m [2m(+291ms)[22m 
[2m12:39:00[22m   [34m├─[39m [2m/en/news/harassment-targets-disabled-voice-in-social-media-post-d2ac9d1b/index.html[22m [2m(+282ms)[22m 
[2m12:39:01[22m   [34m├─[39m [2m/en/news/hakodate-to-implement-disability-communication-and-sign-language-ordinances-in-j-b6a6cefc/index.html[22m [2m(+279ms)[22m 
[2m12:39:01[22m   [34m├─[39m [2m/en/news/user-expresses-hostility-toward-a-disabled-person-85413bb3/index.html[22m [2m(+286ms)[22m 
[2m12:39:01[22m   [34m├─[39m [2m/en/news/android-accessibility-settings-for-vision-enhancements-3208e9fb/index.html[22m [2m(+287ms)[22m 
[2m12:39:01[22m   [34m├─[39m [2m/en/news/hiring-women-football-coaches-with-autism-inclusion-training-in-goa-6923d2d6/index.html[22m [2m(+324ms)[22m 
[2m12:39:02[22m   [34m├─[39m [2m/en/news/welfare-corporation-launches-supportive-housing-for-elderly-and-disabled-residen-ba0a8964/index.html[22m [2m(+338ms)[22m 
[2m12:39:02[22m   [34m├─[39m [2m/en/news/user-complains-about-only-m-band-disabled-people-being-present-2310a516/index.html[22m [2m(+280ms)[22m 
[2m12:39:02[22m   [34m├─[39m [2m/en/news/questioning-the-extent-of-barrier-free-accessibility-in-works-b923754d/index.html[22m [2m(+274ms)[22m 
[2m12:39:03[22m   [34m├─[39m [2m/en/news/india-supreme-court-ruling-could-improve-accessible-footpaths-cf40d74c/index.html[22m [2m(+291ms)[22m 
[2m12:39:03[22m   [34m├─[39m [2m/en/news/cti-receives-listen-technologies-all-access-all-star-award-for-accessible-av-wor-ac28ca05/index.html[22m [2m(+307ms)[22m 
[2m12:39:03[22m   [34m├─[39m [2m/en/news/japanese-policy-changes-impact-elderly-and-disabled-citizens-5f0fc363/index.html[22m [2m(+282ms)[22m 
[2m12:39:04[22m   [34m├─[39m [2m/en/news/disability-employment-rate-in-japans-special-subsidiary-companies-discussed-5c6e92e9/index.html[22m [2m(+267ms)[22m 
[2m12:39:04[22m   [34m├─[39m [2m/en/news/trademark-filed-for-kanagawa-prefectural-welfare-organization-d41dff72/index.html[22m [2m(+280ms)[22m 
[2m12:39:04[22m   [34m├─[39m [2m/en/news/user-expresses-discomfort-with-disabled-streamer-appearing-on-timeline-f884c1e0/index.html[22m [2m(+289ms)[22m 
[2m12:39:04[22m   [34m├─[39m [2m/en/news/parent-encourages-open-dialogue-about-childs-intellectual-disability-in-inclusiv-458c3ca6/index.html[22m [2m(+267ms)[22m 
[2m12:39:05[22m   [34m├─[39m [2m/en/news/cousin-marriage-linked-to-rise-in-disabilities-cc43f17b/index.html[22m [2m(+460ms)[22m 
[2m12:39:05[22m   [34m├─[39m [2m/en/news/ensuring-simple-checks-to-prevent-increased-burden-on-elderly-amid-population-de-26553813/index.html[22m [2m(+325ms)[22m 
[2m12:39:05[22m   [34m├─[39m [2m/en/news/tax-cut-plan-excludes-disabled-pensioners-291652f0/index.html[22m [2m(+345ms)[22m 
[2m12:39:06[22m   [34m├─[39m [2m/en/news/user-discloses-disability-5474d2b9/index.html[22m [2m(+303ms)[22m 
[2m12:39:06[22m   [34m├─[39m [2m/en/news/derogatory-tweet-targeting-people-with-disabilities-3da5986b/index.html[22m [2m(+264ms)[22m 
[2m12:39:06[22m   [34m├─[39m [2m/en/news/color-vision-deficiency-affects-1-in-20-men-and-limits-job-opportunities-aabf0671/index.html[22m [2m(+271ms)[22m 
[2m12:39:07[22m   [34m├─[39m [2m/en/news/challenging-stereotypes-linking-chiikawa-fans-to-low-intelligence-and-mental-dis-dcc3589b/index.html[22m [2m(+294ms)[22m 
[2m12:39:07[22m   [34m├─[39m [2m/en/news/advocacy-for-treating-people-with-disabilities-as-equals-despite-hearing-aid-use-e0144429/index.html[22m [2m(+310ms)[22m 
[2m12:39:07[22m   [34m├─[39m [2m/en/news/disabled-worker-walks-two-hours-to-job-but-leaves-early-disrupting-work-8f915cb9/index.html[22m [2m(+276ms)[22m 
[2m12:39:08[22m   [34m├─[39m [2m/en/news/audit-reveals-204-abuse-cases-in-disability-facilities-358a21ce/index.html[22m [2m(+305ms)[22m 
[2m12:39:08[22m   [34m├─[39m [2m/en/news/user-uses-derogatory-term-referencing-disability-9ddbd835/index.html[22m [2m(+330ms)[22m 
[2m12:39:08[22m   [34m├─[39m [2m/en/news/orihime-robot-cafe-enables-remote-work-and-social-participation-for-people-with--dbe5ae5e/index.html[22m [2m(+323ms)[22m 
[2m12:39:08[22m   [34m├─[39m [2m/en/news/insulting-tweet-targeting-a-disabled-person-29a8fd15/index.html[22m [2m(+277ms)[22m 
[2m12:39:09[22m   [34m├─[39m [2m/en/news/question-about-eligibility-for-disability-pension-while-under-parental-dependenc-49dd99cd/index.html[22m [2m(+265ms)[22m 
[2m12:39:09[22m   [34m├─[39m [2m/en/news/observation-of-disability-stigma-among-people-perceived-as-disabled-69cee7b0/index.html[22m [2m(+304ms)[22m 
[2m12:39:09[22m   [34m├─[39m [2m/en/news/encouragement-for-disabled-individuals-to-seek-psychiatric-care-fa82f741/index.html[22m [2m(+314ms)[22m 
[2m12:39:10[22m   [34m├─[39m [2m/en/news/disabled-worker-finds-support-through-wife-and-employment-4cd93528/index.html[22m [2m(+283ms)[22m 
[2m12:39:10[22m   [34m├─[39m [2m/en/news/women-only-train-cars-allow-disabled-passengers-and-assistants-79a891ec/index.html[22m [2m(+286ms)[22m 
[2m12:39:10[22m   [34m├─[39m [2m/en/news/offensive-claim-about-disability-among-southeast-asian-women-c73f68d9/index.html[22m [2m(+281ms)[22m 
[2m12:39:11[22m   [34m├─[39m [2m/en/news/question-about-shoes-designed-for-disabled-persons-d2aa632c/index.html[22m [2m(+285ms)[22m 
[2m12:39:11[22m   [34m├─[39m [2m/en/news/hateful-tweet-targeting-disabled-people-cd2dfb29/index.html[22m [2m(+269ms)[22m 
[2m12:39:11[22m   [34m├─[39m [2m/en/news/derogatory-tweet-calls-woman-an-intellectual-disability-insult-54f6811b/index.html[22m [2m(+290ms)[22m 
[2m12:39:11[22m   [34m├─[39m [2m/en/news/user-commits-to-using-disability-slur-1c989560/index.html[22m [2m(+268ms)[22m 
[2m12:39:12[22m   [34m├─[39m [2m/en/news/abuse-found-in-disability-facility-audit-ca8ed3bc/index.html[22m [2m(+255ms)[22m 
[2m12:39:12[22m   [34m├─[39m [2m/en/news/workplace-seating-issue-excludes-disabled-employee-666551fd/index.html[22m [2m(+315ms)[22m 
[2m12:39:12[22m   [34m├─[39m [2m/en/news/harassment-worse-when-victim-is-disabled-foreigner-or-woman-1fd9f0cb/index.html[22m [2m(+308ms)[22m 
[2m12:39:12[22m   [34m├─[39m [2m/en/news/lack-of-measures-for-auditory-hypersensitivity-on-public-transport-f9f1dd0b/index.html[22m [2m(+287ms)[22m 
[2m12:39:13[22m   [34m├─[39m [2m/en/news/reflection-on-interactions-with-genuine-disabled-individuals-e5c61f83/index.html[22m [2m(+291ms)[22m 
[2m12:39:13[22m   [34m├─[39m [2m/en/news/discussion-on-stigma-faced-by-people-with-mild-intellectual-disability-21f4a647/index.html[22m [2m(+271ms)[22m 
[2m12:39:13[22m   [34m├─[39m [2m/en/news/turban-helps-reduce-hair-pulling-in-trichotillomania-7b5d9d33/index.html[22m [2m(+312ms)[22m 
[2m12:39:14[22m   [34m├─[39m [2m/en/news/rainbow-wheelchair-symbol-what-it-really-stands-for-413b123d/index.html[22m [2m(+316ms)[22m 
[2m12:39:14[22m   [34m├─[39m [2m/en/news/la-galaxy-foundation-honored-for-promoting-blind-soccer-eb499f5e/index.html[22m [2m(+285ms)[22m 
[2m12:39:14[22m   [34m├─[39m [2m/en/news/ubisoft-highlights-accessibility-features-in-monopoly-star-wars-heroes-vs-villai-ad303113/index.html[22m [2m(+280ms)[22m 
[2m12:39:15[22m   [34m├─[39m [2m/en/news/raspberry-pi-imager-2010-improves-wi-fi-ssid-handling-and-accessibility-88f3d948/index.html[22m [2m(+313ms)[22m 
[2m12:39:15[22m   [34m├─[39m [2m/en/news/update-on-japanese-translation-of-wcag-term-time-based-media-f08f56cb/index.html[22m [2m(+290ms)[22m 
[2m12:39:15[22m   [34m├─[39m [2m/en/news/the-ndis-has-given-joe-vital-social-skills-funding-cuts-leave-his-mother-fearing-0658f1c4/index.html[22m [2m(+255ms)[22m 
[2m12:39:15[22m   [34m├─[39m [2m/en/news/interview-published-on-web-accessibility-textbook-release-6dc3c18e/index.html[22m [2m(+292ms)[22m 
[2m12:39:16[22m   [34m├─[39m [2m/en/news/web-accessibility-textbook-tops-amazon-multimedia-bestseller-list-880fb0bb/index.html[22m [2m(+263ms)[22m 
[2m12:39:16[22m   [34m├─[39m [2m/en/news/slide-deck-on-accessibility-shared-849a459d/index.html[22m [2m(+310ms)[22m 
[2m12:39:16[22m   [34m├─[39m [2m/en/news/smart-toilet-robot-xiao-ban-launched-to-improve-elderly-care-experience-09f76a33/index.html[22m [2m(+292ms)[22m 
[2m12:39:17[22m   [34m├─[39m [2m/en/news/small-changes-that-can-make-a-big-difference-for-accessibility-in-your-church-2db6460f/index.html[22m [2m(+279ms)[22m 
[2m12:39:17[22m   [34m├─[39m [2m/en/news/critique-of-phrase-even-for-disabled-people-as-mocking-1e3678f9/index.html[22m [2m(+277ms)[22m 
[2m12:39:17[22m   [34m├─[39m [2m/en/news/user-endorses-comment-on-intellectual-disability-bullying-and-teacher-inaction-326e16b8/index.html[22m [2m(+310ms)[22m 
[2m12:39:17[22m   [34m├─[39m [2m/en/news/disability-employment-bookstore-supports-workers-with-disabilities-4f1745dc/index.html[22m [2m(+281ms)[22m 
[2m12:39:18[22m   [34m├─[39m [2m/en/news/barrier-free-map-team-conducts-campus-facility-survey-8ae5ba4d/index.html[22m [2m(+300ms)[22m 
[2m12:39:18[22m   [34m├─[39m [2m/en/news/japan-expands-babysitter-support-for-children-with-disabilities-up-to-sixth-grad-891d770d/index.html[22m [2m(+284ms)[22m 
[2m12:39:18[22m   [34m├─[39m [2m/en/news/coleg-cambria-wins-national-award-for-learner-wellbeing-and-inclusion-initiative-867180dd/index.html[22m [2m(+290ms)[22m 
[2m12:39:19[22m   [34m├─[39m [2m/en/news/common-test-provides-accommodations-for-hearing-processing-disorder-f0706694/index.html[22m [2m(+327ms)[22m 
[2m12:39:19[22m   [34m├─[39m [2m/en/news/shiftrwa-aims-to-enhance-accessibility-in-blockchain-c65e5421/index.html[22m [2m(+295ms)[22m 
[2m12:39:19[22m   [34m├─[39m [2m/en/news/book-discusses-need-for-third-place-for-people-with-intellectual-disabilities-404f5af2/index.html[22m [2m(+298ms)[22m 
[2m12:39:19[22m   [34m├─[39m [2m/en/news/negative-remarks-about-people-with-intellectual-disabilities-spark-concern-0cc0b5fc/index.html[22m [2m(+275ms)[22m 
[2m12:39:20[22m   [34m├─[39m [2m/en/news/guidance-on-applying-for-disability-employment-while-awaiting-disability-certifi-f368d06b/index.html[22m [2m(+286ms)[22m 
[2m12:39:20[22m   [34m├─[39m [2m/en/news/tsukuba-city-deaf-association-discusses-disaster-preparedness-with-officials-43e991c7/index.html[22m [2m(+311ms)[22m 
[2m12:39:20[22m   [34m├─[39m [2m/en/news/user-reflects-on-developing-adjustment-disorder-due-to-social-misalignment-559f49db/index.html[22m [2m(+262ms)[22m 
[2m12:39:21[22m   [34m├─[39m [2m/en/news/mini-interview-event-guide-for-people-with-disabilities-da964fa0/index.html[22m [2m(+309ms)[22m 
[2m12:39:21[22m   [34m├─[39m [2m/en/news/kaien-live-stream-addresses-disability-employment-concerns-f40e32e6/index.html[22m [2m(+304ms)[22m 
[2m12:39:21[22m   [34m├─[39m [2m/en/news/call-for-clarification-on-disability-employment-practices-e51ae141/index.html[22m [2m(+294ms)[22m 
[2m12:39:22[22m   [34m├─[39m [2m/en/news/thursday-gathering-showcases-inclusive-robotics-collaboration-42a314a3/index.html[22m [2m(+264ms)[22m 
[2m12:39:22[22m   [34m├─[39m [2m/en/news/thanking-supporters-of-visually-impaired-people-65f1b9ab/index.html[22m [2m(+303ms)[22m 
[2m12:39:22[22m   [34m├─[39m [2m/en/news/user-receives-physical-disability-handbook-level-3-c42ac996/index.html[22m [2m(+265ms)[22m 
[2m12:39:22[22m   [34m├─[39m [2m/en/news/disability-employment-challenges-discussed-in-japanese-workplace-8edd7806/index.html[22m [2m(+297ms)[22m 
[2m12:39:23[22m   [34m├─[39m [2m/en/news/disability-mocking-comment-in-forza-horizon-gaming-tweet-74c97289/index.html[22m [2m(+314ms)[22m 
[2m12:39:23[22m   [34m├─[39m [2m/en/news/lack-of-supportive-responses-to-disability-care-post-sparks-concern-14f07aa9/index.html[22m [2m(+287ms)[22m 
[2m12:39:23[22m   [34m├─[39m [2m/en/news/person-with-developmental-disability-expresses-frustration-about-societal-barrie-797471ea/index.html[22m [2m(+252ms)[22m 
[2m12:39:24[22m   [34m├─[39m [2m/en/news/music-printing-enlarges-scores-for-accessible-reading-57cb3a0c/index.html[22m [2m(+282ms)[22m 
[2m12:39:24[22m   [34m├─[39m [2m/en/news/support-for-people-with-eating-disorders-368da0c3/index.html[22m [2m(+297ms)[22m 
[2m12:39:24[22m   [34m├─[39m [2m/en/news/film-adaptation-of-disabled-baseball-teams-true-story-announced-5fb7fbd9/index.html[22m [2m(+306ms)[22m 
[2m12:39:24[22m   [34m├─[39m [2m/en/news/advancing-digital-inclusion-through-accessible-tech-be90bca8/index.html[22m [2m(+296ms)[22m 
[2m12:39:25[22m   [34m├─[39m [2m/en/news/concern-over-police-handling-of-disabled-person-904be15f/index.html[22m [2m(+295ms)[22m 
[2m12:39:25[22m   [34m├─[39m [2m/en/news/disabled-person-expresses-gratitude-for-access-to-art-exhibit-bace6253/index.html[22m [2m(+264ms)[22m 
[2m12:39:25[22m   [34m├─[39m [2m/en/news/kochi-prefectural-assembly-provides-sign-language-interpreters-for-public-sessio-a2b25ee1/index.html[22m [2m(+298ms)[22m 
[2m12:39:26[22m   [34m├─[39m [2m/en/news/criticism-of-individuals-exploiting-disability-welfare-while-committing-violence-9b5ddc86/index.html[22m [2m(+317ms)[22m 
[2m12:39:26[22m   [34m├─[39m [2m/en/news/movie-4-about-disabled-baseball-team-set-for-november-release-b9dc8e3f/index.html[22m [2m(+274ms)[22m 
[2m12:39:26[22m   [34m├─[39m [2m/en/news/criticism-of-disability-employment-promotion-law-in-japan-04fa3674/index.html[22m [2m(+295ms)[22m 
[2m12:39:26[22m   [34m├─[39m [2m/en/news/achievements-in-disability-sports-and-civil-service-despite-societal-doubts-2c7fa20d/index.html[22m [2m(+308ms)[22m 
[2m12:39:27[22m   [34m├─[39m [2m/en/news/london-talk-on-technology-and-inclusion-for-physically-vulnerable-people-0e1b376a/index.html[22m [2m(+319ms)[22m 
[2m12:39:27[22m   [34m├─[39m [2m/en/news/support-worker-required-for-welfare-assistance-participants-4daad55c/index.html[22m [2m(+303ms)[22m 
[2m12:39:27[22m   [34m├─[39m [2m/en/news/digital-inclusion-drop-in-sessions-with-rotherfed-digital-champions-70b448d3/index.html[22m [2m(+296ms)[22m 
[2m12:39:28[22m   [34m├─[39m [2m/en/news/using-ai-to-create-accessible-micro-learning-modules-cb774095/index.html[22m [2m(+293ms)[22m 
[2m12:39:28[22m   [34m├─[39m [2m/en/news/digital-employment-support-assistant-role-in-bolton-0ef9f643/index.html[22m [2m(+273ms)[22m 
[2m12:39:28[22m   [34m├─[39m [2m/en/news/disability-sports-event-announces-registration-for-wakafuji-sports-tournament-7a53c14c/index.html[22m [2m(+278ms)[22m 
[2m12:39:29[22m   [34m├─[39m [2m/en/news/aichi-prefecture-library-exhibits-reading-accessibility-materials-c035448c/index.html[22m [2m(+309ms)[22m 
[2m12:39:29[22m   [34m├─[39m [2m/en/news/disability-employment-support-in-yodogawa-ward-5c795d46/index.html[22m [2m(+261ms)[22m 
[2m12:39:29[22m   [34m├─[39m [2m/en/news/writing-style-adjustments-improve-accessibility-f01c0dd4/index.html[22m [2m(+284ms)[22m 
[2m12:39:29[22m   [34m├─[39m [2m/en/news/mental-barrier-free-event-at-tsurukawa-community-center-6c2daf78/index.html[22m [2m(+295ms)[22m 
[2m12:39:30[22m   [34m├─[39m [2m/en/news/smarthr-diverseops-showcases-disability-employment-success-9ee77ef3/index.html[22m [2m(+307ms)[22m 
[2m12:39:30[22m   [34m├─[39m [2m/en/news/sttairs-shares-accessible-moodle-vle-at-moodlemoot-croatia-2026-05a20f3a/index.html[22m [2m(+295ms)[22m 
[2m12:39:30[22m   [34m├─[39m [2m/en/news/harassment-targets-disabled-player-in-pokemon-unite-tweet-d9f6bbf0/index.html[22m [2m(+277ms)[22m 
[2m12:39:31[22m   [34m├─[39m [2m/en/news/hiro-youtube-episode-highlights-disability-support-facility-a34df504/index.html[22m [2m(+260ms)[22m 
[2m12:39:31[22m   [34m├─[39m [2m/en/news/advocacy-highlights-eugenic-law-abuses-against-disabled-people-in-japan-47d0602b/index.html[22m [2m(+310ms)[22m 
[2m12:39:31[22m   [34m├─[39m [2m/en/news/inclusive-leadership-award-opens-entries-for-financial-services-professionals-f08d1338/index.html[22m [2m(+292ms)[22m 
[2m12:39:31[22m   [34m├─[39m [2m/en/news/user-questions-labeling-of-footwear-as-disability-shoes-45b12021/index.html[22m [2m(+266ms)[22m 
[2m12:39:32[22m   [34m├─[39m [2m/en/news/brand-opts-for-dark-mode-only-raising-accessibility-concerns-e963b410/index.html[22m [2m(+297ms)[22m 
[2m12:39:32[22m   [34m├─[39m [2m/en/news/barrier-free-audio-guide-provided-for-new-film-kokurojo-fbce09b4/index.html[22m [2m(+323ms)[22m 
[2m12:39:32[22m   [34m├─[39m [2m/en/news/google-gemini-voice-synthesis-raises-accessibility-concerns-for-neurodivergent-u-929f4d59/index.html[22m [2m(+301ms)[22m 
[2m12:39:33[22m   [34m├─[39m [2m/en/news/e-jagriti-launches-jan-sunwai-to-improve-platform-accessibility-18a19073/index.html[22m [2m(+264ms)[22m 
[2m12:39:33[22m   [34m├─[39m [2m/en/news/applications-are-open-for-the-access-city-award-2027-a44105fd/index.html[22m [2m(+271ms)[22m 
[2m12:39:33[22m   [34m├─[39m [2m/en/news/disability-rights-advocacy-for-parenting-in-japan-d33bd133/index.html[22m [2m(+258ms)[22m 
[2m12:39:33[22m   [34m├─[39m [2m/en/news/disability-by-david-turner-review-a-revelatory-new-history-60e478c2/index.html[22m [2m(+294ms)[22m 
[2m12:39:34[22m   [34m├─[39m [2m/en/news/putting-the-spotlight-on-accessibility-two-powerful-use-cases-show-the-way-b962298c/index.html[22m [2m(+336ms)[22m 
[2m12:39:34[22m   [34m├─[39m [2m/en/news/i-climbed-mount-kilimanjaro-on-my-hands-fe028da3/index.html[22m [2m(+333ms)[22m 
[2m12:39:34[22m   [34m├─[39m [2m/en/news/web-accessibility-textbook-authors-meetup-in-tokyo-3cef9656/index.html[22m [2m(+285ms)[22m 
[2m12:39:35[22m   [34m├─[39m [2m/en/news/web-accessibility-textbook-launch-meetup-announced-9aa3d1a1/index.html[22m [2m(+266ms)[22m 
[2m12:39:35[22m   [34m├─[39m [2m/en/news/japanese-disability-council-representative-appears-on-nhk-radio-to-report-un-crp-5794b339/index.html[22m [2m(+269ms)[22m 
[2m12:39:35[22m   [34m├─[39m [2m/en/news/wheelchair-woman-records-nearly-200-bumping-into-walls-videos-documenting-city-a-8a40c884/index.html[22m [2m(+286ms)[22m 
[2m12:39:35[22m   [34m├─[39m [2m/en/news/digital-accessibility-portal-accclip-launched-to-aggregate-resources-6025539f/index.html[22m [2m(+265ms)[22m 
[2m12:39:36[22m   [34m├─[39m [2m/en/news/metro-expands-accessibility-services-for-fifa-world-cup-fans-a3924ef0/index.html[22m [2m(+276ms)[22m 
[2m12:39:36[22m   [34m├─[39m [2m/en/news/hope-may-be-on-the-horizon-for-northwest-missouris-rural-mental-health-access-adaeae49/index.html[22m [2m(+303ms)[22m 
[2m12:39:36[22m   [34m├─[39m [2m/en/news/black-moshannon-state-park-adds-new-accessibility-options-for-visitors-wtaj-07b65c63/index.html[22m [2m(+267ms)[22m 
[2m12:39:37[22m   [34m├─[39m [2m/en/news/improving-accessibility-around-lake-sevier-in-east-nashville-wkrn-news-2-8fc9dba4/index.html[22m [2m(+258ms)[22m 
[2m12:39:37[22m   [34m├─[39m [2m/en/news/were-there-to-support-fifa-fan-festival-offers-sensory-kits-accessible-accommoda-6c78abfc/index.html[22m [2m(+295ms)[22m 
[2m12:39:37[22m   [34m├─[39m [2m/en/news/barrier-free-helen-keller-theater-performance-in-izumo-dbed79bf/index.html[22m [2m(+272ms)[22m 
[2m12:39:37[22m   [34m├─[39m [2m/en/news/encouraging-open-disclosure-of-mental-health-conditions-at-work-62cbe3f1/index.html[22m [2m(+316ms)[22m 
[2m12:39:38[22m   [34m├─[39m [2m/en/news/disabled-pachinko-professional-advocates-for-employment-despite-stigma-cb8989ac/index.html[22m [2m(+285ms)[22m 
[2m12:39:38[22m   [34m├─[39m [2m/en/news/jr-faces-accusations-of-disability-discrimination-c29a9e19/index.html[22m [2m(+270ms)[22m 
[2m12:39:38[22m   [34m├─[39m [2m/en/news/debate-over-responsibility-in-disability-related-incidents-focus-on-legal-reform-b192c0a0/index.html[22m [2m(+277ms)[22m 
[2m12:39:39[22m   [34m├─[39m [2m/en/news/user-updates-disability-handbook-despite-hot-weather-677f5ab4/index.html[22m [2m(+244ms)[22m 
[2m12:39:39[22m   [34m├─[39m [2m/en/news/anne-bovelett-shares-experience-taking-accessibility-certification-exams-at-atos-b5010d55/index.html[22m [2m(+312ms)[22m 
[2m12:39:39[22m   [34m├─[39m [2m/en/news/xennial-innovations-highlights-team-certification-in-web-accessibility-for-devel-534d7ddb/index.html[22m [2m(+280ms)[22m 
[2m12:39:39[22m   [34m├─[39m [2m/en/news/disabled-person-expresses-lack-of-parental-support-11486c5c/index.html[22m [2m(+285ms)[22m 
[2m12:39:40[22m   [34m├─[39m [2m/en/news/uganda-trains-mediators-to-improve-access-to-justice-for-hivtb-affected-communit-124b034e/index.html[22m [2m(+294ms)[22m 
[2m12:39:40[22m   [34m├─[39m [2m/en/news/kuwait-holds-workshop-on-accessibility-building-code-for-inclusive-infrastructur-77835400/index.html[22m [2m(+270ms)[22m 
[2m12:39:40[22m   [34m├─[39m [2m/en/news/blind-banking-customers-forced-to-reveal-pins-due-to-inaccessible-infrastructure-4950e3cb/index.html[22m [2m(+380ms)[22m 
[2m12:39:41[22m   [34m├─[39m [2m/en/news/jr-accused-of-disability-and-gender-discrimination-by-passengers-a6611a7a/index.html[22m [2m(+266ms)[22m 
[2m12:39:41[22m   [34m├─[39m [2m/en/news/parallel-ai-agents-resolve-13-of-16-accessibility-tasks-in-omnicass-26c872f4/index.html[22m [2m(+264ms)[22m 
[2m12:39:41[22m   [34m├─[39m [2m/en/news/shopify-accessibility-checklist-improves-customer-experience-beyond-compliance-424f9f14/index.html[22m [2m(+277ms)[22m 
[2m12:39:41[22m   [34m├─[39m [2m/en/news/new-walkway-in-haql-includes-accessibility-zones-for-people-with-disabilities-a2b9e787/index.html[22m [2m(+290ms)[22m 
[2m12:39:42[22m   [34m├─[39m [2m/en/news/statement-on-avoiding-discrimination-against-disabled-people-89111802/index.html[22m [2m(+290ms)[22m 
[2m12:39:42[22m   [34m├─[39m [2m/en/news/personal-reflection-on-living-with-developmental-disability-21af5f93/index.html[22m [2m(+274ms)[22m 
[2m12:39:42[22m   [34m├─[39m [2m/en/news/ace-of-brussels-international-school-celebrates-graduating-students-with-autism-5230dd23/index.html[22m [2m(+282ms)[22m 
[2m12:39:43[22m   [34m├─[39m [2m/en/news/add-skip-to-content-link-via-code-snippet-82e1929b/index.html[22m [2m(+288ms)[22m 
[2m12:39:43[22m   [34m├─[39m [2m/en/news/girl-with-autism-needs-speech-and-occupational-therapy-support-4e92a701/index.html[22m [2m(+288ms)[22m 
[2m12:39:43[22m   [34m├─[39m [2m/en/news/understanding-sensory-hypersensitivity-in-developmental-disabilities-f6a0b397/index.html[22m [2m(+304ms)[22m 
[2m12:39:43[22m   [34m├─[39m [2m/en/news/modal-parent-provides-multilingual-support-for-deafhh-families-in-iep-meetings-c68b1459/index.html[22m [2m(+285ms)[22m 
[2m12:39:44[22m   [34m├─[39m [2m/en/news/ministers-criticized-for-ignoring-accessibility-demands-in-railways-bill-271c77db/index.html[22m [2m(+278ms)[22m 
[2m12:39:44[22m   [34m├─[39m [2m/en/news/dryden-land-preserve-adds-accessible-overlooks-and-trail-extensions-c16c41c4/index.html[22m [2m(+274ms)[22m 
[2m12:39:44[22m   [34m├─[39m [2m/en/news/critique-of-nondisabled-drivers-using-disability-parking-spots-a867db4c/index.html[22m [2m(+283ms)[22m 
[2m12:39:45[22m   [34m├─[39m [2m/en/news/list-of-disabled-individuals-in-collusion-context-477a47d6/index.html[22m [2m(+276ms)[22m 
[2m12:39:45[22m   [34m├─[39m [2m/en/news/call-for-game-accessibility-features-reveal-with-preorders-5b902ecc/index.html[22m [2m(+264ms)[22m 
[2m12:39:45[22m   [34m├─[39m [2m/en/news/concerns-over-arbitrary-medical-judgments-affecting-developmental-disability-inh-7292958e/index.html[22m [2m(+272ms)[22m 
[2m12:39:45[22m   [34m├─[39m [2m/en/news/user-critiques-social-media-posts-that-disparage-disability-and-welfare-b6447485/index.html[22m [2m(+307ms)[22m 
[2m12:39:46[22m   [34m├─[39m [2m/en/news/artfight-users-criticize-lack-of-basic-accessibility-features-b5bd992a/index.html[22m [2m(+275ms)[22m 
[2m12:39:46[22m   [34m├─[39m [2m/en/news/personal-account-of-living-with-adhd-bipolar-disorder-and-developmental-disabili-57de69b6/index.html[22m [2m(+272ms)[22m 
[2m12:39:46[22m   [34m├─[39m [2m/en/news/onboardninja-highlights-accessibility-focused-user-onboarding-cf047dab/index.html[22m [2m(+284ms)[22m 
[2m12:39:46[22m   [34m├─[39m [2m/en/news/teen-with-eating-disorder-dies-in-custody-after-arrest-mother-sues-authorities-7a2a11f0/index.html[22m [2m(+288ms)[22m 
[2m12:39:47[22m   [34m├─[39m [2m/en/news/disabled-person-reflects-on-difficulty-finding-work-in-an-inaccessible-society-2766dbcc/index.html[22m [2m(+286ms)[22m 
[2m12:39:47[22m   [34m├─[39m [2m/en/news/hateful-tweet-disparaging-disabled-people-7e56774a/index.html[22m [2m(+279ms)[22m 
[2m12:39:47[22m   [34m├─[39m [2m/en/news/critics-of-japan-soccer-fans-trashpicking-attributed-to-mental-disability-69b0c9cb/index.html[22m [2m(+327ms)[22m 
[2m12:39:48[22m   [34m├─[39m [2m/en/news/discussion-on-challenges-faced-by-people-with-severe-intellectual-disability-6319c056/index.html[22m [2m(+293ms)[22m 
[2m12:39:48[22m   [34m├─[39m [2m/en/news/hidden-disability-awareness-in-online-communication-a62f22f3/index.html[22m [2m(+296ms)[22m 
[2m12:39:48[22m   [34m├─[39m [2m/en/news/conflict-at-local-disability-facility-after-child-intervenes-in-user-dispute-5f67dfc2/index.html[22m [2m(+299ms)[22m 
[2m12:39:49[22m   [34m├─[39m [2m/en/news/discrimination-against-disabled-persons-in-cafes-highlighted-92302bfb/index.html[22m [2m(+272ms)[22m 
[2m12:39:49[22m   [34m├─[39m [2m/en/news/university-promotes-inclusive-society-as-knowledge-hub-2389d932/index.html[22m [2m(+249ms)[22m 
[2m12:39:49[22m   [34m├─[39m [2m/en/news/tokyo-disability-diaper-assistance-program-explained-18e06154/index.html[22m [2m(+298ms)[22m 
[2m12:39:49[22m   [34m├─[39m [2m/en/news/advocate-calls-for-reliable-audio-description-in-nova-scotia-cinemas-5296bf41/index.html[22m [2m(+265ms)[22m 
[2m12:39:50[22m   [34m├─[39m [2m/en/news/author-upset-after-intellectual-disability-incident-on-school-trip-236470b1/index.html[22m [2m(+266ms)[22m 
[2m12:39:50[22m   [34m├─[39m [2m/en/news/visually-impaired-person-shares-train-seating-strategy-f39d83ce/index.html[22m [2m(+284ms)[22m 
[2m12:39:50[22m   [34m├─[39m [2m/en/news/opinion-people-with-disabilities-should-surrender-drivers-licenses-413f4f52/index.html[22m [2m(+288ms)[22m 
[2m12:39:50[22m   [34m├─[39m [2m/en/news/onehanded-gamer-with-physical-disability-plays-rise-of-the-ronin-4cd8c303/index.html[22m [2m(+297ms)[22m 
[2m12:39:51[22m   [34m├─[39m [2m/en/news/derogatory-claim-labels-restoration-party-members-as-intellectually-disabled-01d3c3e4/index.html[22m [2m(+299ms)[22m 
[2m12:39:51[22m   [34m├─[39m [2m/en/news/discussion-on-inclusive-education-policies-in-japan-5169a02b/index.html[22m [2m(+322ms)[22m 
[2m12:39:51[22m   [34m├─[39m [2m/en/news/advocacy-for-rights-of-people-with-mental-and-intellectual-disabilities-ca41d524/index.html[22m [2m(+288ms)[22m 
[2m12:39:52[22m   [34m├─[39m [2m/en/news/family-seeks-recognition-of-disabled-daughter-as-victim-in-fatal-accident-b60c9a23/index.html[22m [2m(+252ms)[22m 
[2m12:39:52[22m   [34m├─[39m [2m/en/news/employee-discusses-working-under-disability-quota-in-japanese-company-d18dafd7/index.html[22m [2m(+262ms)[22m 
[2m12:39:52[22m   [34m├─[39m [2m/en/news/cost-of-disability-certificate-seen-as-affordable-for-securing-employment-512a5ac6/index.html[22m [2m(+292ms)[22m 
[2m12:39:53[22m   [34m├─[39m [2m/en/news/discussion-on-disability-related-bullying-and-exclusion-bd9a0a22/index.html[22m [2m(+276ms)[22m 
[2m12:39:53[22m   [34m├─[39m [2m/en/news/former-staff-of-kushiro-disability-support-facility-arrested-after-residents-dea-0e9cf637/index.html[22m [2m(+288ms)[22m 
[2m12:39:53[22m   [34m├─[39m [2m/en/news/reflecting-on-the-tsukui-yamayuri-en-incident-and-its-eugenic-roots-6b15d2e5/index.html[22m [2m(+308ms)[22m 
[2m12:39:53[22m   [34m├─[39m [2m/en/news/call-to-stop-labeling-loud-voices-of-adults-with-mental-disabilities-as-nuisance-a3992eca/index.html[22m [2m(+247ms)[22m 
[2m12:39:54[22m   [34m├─[39m [2m/en/news/job-seeker-expresses-discomfort-with-disability-employment-interview-practice-233ae9dc/index.html[22m [2m(+279ms)[22m 
[2m12:39:54[22m   [34m├─[39m [2m/en/news/calls-for-better-disability-support-amid-cervical-injury-challenges-c45308f1/index.html[22m [2m(+329ms)[22m 
[2m12:39:54[22m   [34m├─[39m [2m/en/news/claim-that-ukraine-is-conscripting-people-with-disabilities-3aff8b4c/index.html[22m [2m(+308ms)[22m 
[2m12:39:55[22m   [34m├─[39m [2m/en/news/critique-of-conflating-disability-noise-complaints-with-unrelated-incident-401c7b91/index.html[22m [2m(+303ms)[22m 
[2m12:39:55[22m   [34m├─[39m [2m/en/news/claim-links-anti-ai-views-to-disabled-non-japanese-speakers-dbd9e4a1/index.html[22m [2m(+308ms)[22m 
[2m12:39:55[22m   [34m├─[39m [2m/en/news/statement-labels-disabled-person-as-scary-ee084a56/index.html[22m [2m(+346ms)[22m 
[2m12:39:55[22m   [34m├─[39m [2m/en/news/kuwait-workshop-on-accessible-building-standards-ed688ff7/index.html[22m [2m(+256ms)[22m 
[2m12:39:56[22m   [34m├─[39m [2m/en/news/developmental-disability-community-shows-strong-verbal-skills-on-x-c174b3e0/index.html[22m [2m(+250ms)[22m 
[2m12:39:56[22m   [34m├─[39m [2m/en/news/criticism-of-adults-imposing-disability-on-disabled-persons-persists-9e6aa5de/index.html[22m [2m(+310ms)[22m 
[2m12:39:56[22m   [34m├─[39m [2m/en/news/art-exhibition-highlights-disability-sexuality-theme-and-fosters-dialogue-be35cf8e/index.html[22m [2m(+289ms)[22m 
[2m12:39:57[22m   [34m├─[39m [2m/en/news/unesco-forum-highlights-accessibility-and-cultural-rights-for-visually-impaired--3b637f41/index.html[22m [2m(+318ms)[22m 
[2m12:39:57[22m   [34m├─[39m [2m/en/news/story-d27e3943-d27e3943/index.html[22m [2m(+292ms)[22m 
[2m12:39:57[22m   [34m├─[39m [2m/en/news/siemens-expands-accessibility-to-software-defined-automation-with-simatic-ax-fa2181f2/index.html[22m [2m(+309ms)[22m 
[2m12:39:58[22m   [34m├─[39m [2m/en/news/canonical-reveal-myna-a-speech-to-text-system-for-ubuntu-linux-eca61b9f/index.html[22m [2m(+274ms)[22m 
[2m12:39:58[22m   [34m├─[39m [2m/en/news/zeiss-announces-strategic-collaboration-with-envision-health-technologies-to-adv-d25b4460/index.html[22m [2m(+308ms)[22m 
[2m12:39:58[22m   [34m├─[39m [2m/en/news/audioeye-strengthens-leadership-team-with-appointment-of-matthew-domeyer-as-chie-eb1b50b6/index.html[22m [2m(+258ms)[22m 
[2m12:39:58[22m   [34m├─[39m [2m/en/news/hands-on-airlines-must-train-staff-to-better-assist-disabled-travelers-usa-today-9f825a82/index.html[22m [2m(+310ms)[22m 
[2m12:39:59[22m   [34m├─[39m [2m/en/news/emergency-lightning-talk-and-signing-session-scheduled-for-web-accessibility-tex-7309ef8e/index.html[22m [2m(+307ms)[22m 
[2m12:39:59[22m   [34m├─[39m [2m/en/news/a11y-tokyo-meetup-announces-guest-authors-for-web-accessibility-textbook-820f89d2/index.html[22m [2m(+300ms)[22m 
[2m12:39:59[22m   [34m├─[39m [2m/en/news/budget-stalemate-six-social-welfare-subsidies-may-be-delayed-civil-groups-say-ri-326258f1/index.html[22m [2m(+290ms)[22m 
[2m12:40:00[22m   [34m├─[39m [2m/en/news/discover-the-programme-rsvp-now-for-the-free-accessibility-for-all-forum-2026-ffb500ee/index.html[22m [2m(+318ms)[22m 
[2m12:40:00[22m   [34m├─[39m [2m/en/news/jersey-shore-accessibility-where-to-find-beach-wheelchairs-mats-accessible-parki-c1932301/index.html[22m [2m(+295ms)[22m 
[2m12:40:00[22m   [34m├─[39m [2m/en/news/best-website-accessibility-checker-tools-for-large-websites-4a60e53c/index.html[22m [2m(+321ms)[22m 
[2m12:40:00[22m   [34m├─[39m [2m/en/news/living-with-disability-personal-reflections-on-lifelong-care-2b4d6bb1/index.html[22m [2m(+289ms)[22m 
[2m12:40:01[22m   [34m├─[39m [2m/en/news/disability-awareness-seminar-promotes-inclusive-employment-in-kikuyu-7240c782/index.html[22m [2m(+283ms)[22m 
[2m12:40:01[22m   [34m├─[39m [2m/en/news/neurodiversity-supportive-standard-launched-for-education-and-work-4dd09494/index.html[22m [2m(+311ms)[22m 
[2m12:40:01[22m   [34m├─[39m [2m/en/news/one-ymca-celebrates-autistic-pride-day-67c6fbe3/index.html[22m [2m(+272ms)[22m 
[2m12:40:02[22m   [34m├─[39m [2m/en/news/common-experiences-of-poor-disabled-individuals-highlighted-4b333a31/index.html[22m [2m(+277ms)[22m 
[2m12:40:02[22m   [34m├─[39m [2m/en/news/generalization-about-disabled-people-liking-disney-a8b6c32c/index.html[22m [2m(+274ms)[22m 
[2m12:40:02[22m   [34m├─[39m [2m/en/news/learning-disability-week-uk-promotes-inclusive-workplaces-af138b08/index.html[22m [2m(+293ms)[22m 
[2m12:40:02[22m   [34m├─[39m [2m/en/news/easiaccess-showcases-modular-access-solutions-at-cots-exeter-5181432e/index.html[22m [2m(+241ms)[22m 
[2m12:40:03[22m   [34m├─[39m [2m/en/news/tactile-fabric-picture-book-event-at-tokyo-museum-33ad7505/index.html[22m [2m(+268ms)[22m 
[2m12:40:03[22m   [34m├─[39m [2m/en/news/bwf-honors-associations-for-advancing-inclusion-in-badminton-c755882c/index.html[22m [2m(+349ms)[22m 
[2m12:40:03[22m   [34m├─[39m [2m/en/news/disability-employment-support-noted-in-osaka-b-type-program-bc0bc134/index.html[22m [2m(+299ms)[22m 
[2m12:40:04[22m   [34m├─[39m [2m/en/news/webinar-on-color-design-with-universal-design-focus-70f86142/index.html[22m [2m(+298ms)[22m 
[2m12:40:04[22m   [34m├─[39m [2m/en/news/inclusive-education-event-for-elementary-students-announced-36f61d5b/index.html[22m [2m(+280ms)[22m 
[2m12:40:04[22m   [34m├─[39m [2m/en/news/guide-to-disability-pension-applications-for-those-under-20-f865f46c/index.html[22m [2m(+255ms)[22m 
[2m12:40:04[22m   [34m├─[39m [2m/en/news/call-for-performers-with-disabilities-at-tokyos-connecting-music-concert-338386f7/index.html[22m [2m(+254ms)[22m 
[2m12:40:05[22m   [34m├─[39m [2m/en/news/blender-training-enables-person-with-developmental-disability-to-create-3d-model-8a5c7499/index.html[22m [2m(+296ms)[22m 
[2m12:40:05[22m   [34m├─[39m [2m/en/news/tokyo-mental-disability-sports-club-announces-futsal-event-bacb5912/index.html[22m [2m(+303ms)[22m 
[2m12:40:05[22m   [34m├─[39m [2m/en/news/smarthr-diverseops-shares-forgotten-item-countermeasures-for-disability-employme-e457a190/index.html[22m [2m(+325ms)[22m 
[2m12:40:06[22m   [34m├─[39m [2m/en/news/disability-focused-marriage-counseling-service-in-japan-f99fe75c/index.html[22m [2m(+267ms)[22m 
[2m12:40:06[22m   [34m├─[39m [2m/en/news/xbox-accessibility-features-enable-blind-gamer-to-enjoy-halo-infinite-8654478f/index.html[22m [2m(+277ms)[22m 
[2m12:40:06[22m   [34m├─[39m [2m/en/news/autistic-pride-day-promotes-inclusion-and-selfadvocacy-9504280e/index.html[22m [2m(+282ms)[22m 
[2m12:40:06[22m   [34m├─[39m [2m/en/news/discussion-on-disability-employment-concentration-in-capital-region-5671347c/index.html[22m [2m(+304ms)[22m 
[2m12:40:07[22m   [34m├─[39m [2m/en/news/user-self-describes-as-having-adhd-and-asperger-syndrome-f9b98337/index.html[22m [2m(+289ms)[22m 
[2m12:40:07[22m   [34m├─[39m [2m/en/news/airline-policy-states-equal-treatment-for-disabled-and-child-passengers-a21ef678/index.html[22m [2m(+299ms)[22m 
[2m12:40:07[22m   [34m├─[39m [2m/en/news/disability-certificate-mandates-my-number-card-despite-voluntary-status-8d56fc84/index.html[22m [2m(+233ms)[22m 
[2m12:40:08[22m   [34m├─[39m [2m/en/news/criticism-rises-over-b-type-disability-employment-programs-not-leading-to-work-d3fb233f/index.html[22m [2m(+307ms)[22m 
[2m12:40:08[22m   [34m├─[39m [2m/en/news/user-calls-for-abandonment-of-people-with-severe-intellectual-disabilities-4fe2ef92/index.html[22m [2m(+298ms)[22m 
[2m12:40:08[22m   [34m├─[39m [2m/en/news/practical-workplace-inclusion-emphasized-0c446bdd/index.html[22m [2m(+286ms)[22m 
[2m12:40:09[22m   [34m├─[39m [2m/en/news/person-with-mental-disability-seeks-partner-d9a961b3/index.html[22m [2m(+292ms)[22m 
[2m12:40:09[22m   [34m├─[39m [2m/en/news/activist-for-disabled-persons-dies-after-harsh-detention-and-interrogation-acbbe40e/index.html[22m [2m(+276ms)[22m 
[2m12:40:09[22m   [34m├─[39m [2m/en/news/seeking-support-for-disability-caregiver-stress-2ea2478c/index.html[22m [2m(+322ms)[22m 
[2m12:40:09[22m   [34m├─[39m [2m/en/news/international-year-of-disabled-persons-slogan-emphasizes-full-participation-and--71984c97/index.html[22m [2m(+291ms)[22m 
[2m12:40:10[22m   [34m├─[39m [2m/en/news/discussion-on-disability-representation-in-tabletop-role-playing-games-6b758fad/index.html[22m [2m(+261ms)[22m 
[2m12:40:10[22m   [34m├─[39m [2m/en/news/prefecture-delays-disability-welfare-staff-support-grant-4045cfde/index.html[22m [2m(+284ms)[22m 
[2m12:40:10[22m   [34m├─[39m [2m/en/news/barrier-free-slope-highlighted-e67d020f/index.html[22m [2m(+282ms)[22m 
[2m12:40:11[22m   [34m├─[39m [2m/en/news/query-on-disability-employment-quota-for-intractable-disease-patients-e165eec1/index.html[22m [2m(+311ms)[22m 
[2m12:40:11[22m   [34m├─[39m [2m/en/news/challenges-in-disability-facilities-highlighted-53092f06/index.html[22m [2m(+348ms)[22m 
[2m12:40:11[22m   [34m├─[39m [2m/en/news/chairperson-speaks-at-japan-physically-disabled-persons-welfare-conference-in-se-2ceef221/index.html[22m [2m(+356ms)[22m 
[2m12:40:12[22m   [34m├─[39m [2m/en/news/disabled-user-discusses-bullying-of-vulnerable-people-386c70cd/index.html[22m [2m(+330ms)[22m 
[2m12:40:12[22m   [34m├─[39m [2m/en/news/user-expresses-reluctance-to-engage-with-people-with-mental-disabilities-f3363bb2/index.html[22m [2m(+292ms)[22m 
[2m12:40:12[22m   [34m├─[39m [2m/en/news/disabled-worker-shares-experience-of-earning-salary-in-regular-employment-8717039b/index.html[22m [2m(+305ms)[22m 
[2m12:40:12[22m   [34m├─[39m [2m/en/news/disabled-worker-frustrated-by-memory-issues-and-perceived-laziness-4082afa1/index.html[22m [2m(+317ms)[22m 
[2m12:40:13[22m   [34m├─[39m [2m/en/news/person-with-disability-discouraged-from-independent-living-due-to-low-income-sug-8914df17/index.html[22m [2m(+263ms)[22m 
[2m12:40:13[22m   [34m├─[39m [2m/en/news/volunteer-group-provides-audio-translation-for-visually-impaired-6bc54290/index.html[22m [2m(+300ms)[22m 
[2m12:40:13[22m   [34m├─[39m [2m/en/news/derogatory-comment-about-disabled-individuals-c86db257/index.html[22m [2m(+270ms)[22m 
[2m12:40:14[22m   [34m├─[39m [2m/en/news/user-questions-disability-impact-on-work-ability-733a332d/index.html[22m [2m(+281ms)[22m 
[2m12:40:14[22m   [34m├─[39m [2m/en/news/new-manager-qualification-requirements-for-disability-group-homes-in-japan-9a205052/index.html[22m [2m(+308ms)[22m 
[2m12:40:14[22m   [34m├─[39m [2m/en/news/user-condemns-disabled-like-gameplay-on-tiktok-live-91726d98/index.html[22m [2m(+276ms)[22m 
[2m12:40:14[22m   [34m├─[39m [2m/en/news/call-for-improved-bus-accessibility-to-museums-in-shiga-prefecture-japan-46431f5e/index.html[22m [2m(+341ms)[22m 
[2m12:40:15[22m   [34m├─[39m [2m/en/news/familymart-website-achieves-wcag-level-a-conformance-2d2df49b/index.html[22m [2m(+272ms)[22m 
[2m12:40:15[22m   [34m├─[39m [2m/en/news/forza-horizon-6-accessibility-fix-adjusting-offline-game-speed-resolves-difficul-1a4684a6/index.html[22m [2m(+294ms)[22m 
[2m12:40:15[22m   [34m├─[39m [2m/en/news/non-executive-director-opportunity-focused-on-disability-and-accessibility-a2dfc23f/index.html[22m [2m(+302ms)[22m 
[2m12:40:16[22m   [34m├─[39m [2m/en/news/nairobi-cbd-signage-removal-to-improve-accessibility-d87fa882/index.html[22m [2m(+253ms)[22m 
[2m12:40:16[22m   [34m├─[39m [2m/en/news/fosun-tourisms-wenotme-spirit-supports-asian-barrier-free-water-activities-offer-f3401bbb/index.html[22m [2m(+300ms)[22m 
[2m12:40:16[22m   [34m├─[39m [2m/en/news/japan-disability-council-publishes-june-2026-issue-of-society-for-all-people-mag-80782d00/index.html[22m [2m(+318ms)[22m 
[2m12:40:17[22m   [34m├─[39m [2m/en/news/web-accessibility-textbook-released-82d99a9a/index.html[22m [2m(+292ms)[22m 
[2m12:40:17[22m   [34m├─[39m [2m/en/news/hollywood-radio-and-television-society-partners-with-easterseals-disability-serv-8b158e26/index.html[22m [2m(+282ms)[22m 
[2m12:40:17[22m   [34m├─[39m [2m/en/news/antai-bank-wins-china-times-financial-awards-age-friendly-friendly-award-people--1d8bdf7c/index.html[22m [2m(+278ms)[22m 
[2m12:40:17[22m   [34m├─[39m [2m/en/news/a11y-moda-050-fddd53ac/index.html[22m [2m(+260ms)[22m 
[2m12:40:18[22m   [34m├─[39m [2m/en/news/new-wheelchair-accessible-bus-enhances-services-for-veterans-379383e1/index.html[22m [2m(+271ms)[22m 
[2m12:40:18[22m   [34m├─[39m [2m/en/news/new-york-mta-leverages-zoning-program-to-advance-station-accessibility-metro-mag-d770afcf/index.html[22m [2m(+272ms)[22m 
[2m12:40:18[22m   [34m├─[39m [2m/en/news/six-major-social-welfare-subsidies-face-delays-may-not-launch-in-july-c4d65f7c/index.html[22m [2m(+284ms)[22m 
[2m12:40:18[22m   [34m├─[39m [2m/en/news/apartments-under-construction-in-holland-focus-on-accessibility-c1019916/index.html[22m [2m(+300ms)[22m 
[2m12:40:19[22m   [34m├─[39m [2m/en/news/apartments-under-construction-in-holland-focus-on-accessibility-woodtvcom-30b6ee82/index.html[22m [2m(+291ms)[22m 
[2m12:40:19[22m   [34m├─[39m [2m/en/news/yongjing-township-office-installs-elevator-becomes-accessible-building-46aee359/index.html[22m [2m(+306ms)[22m 
[2m12:40:19[22m   [34m├─[39m [2m/en/news/accessible-science-boosts-disability-representation-d7a1efad/index.html[22m [2m(+311ms)[22m 
[2m12:40:20[22m   [34m├─[39m [2m/en/news/collaboration-is-imperative-to-accessible-design-muscular-dystrophy-news-5f3b8763/index.html[22m [2m(+277ms)[22m 
[2m12:40:20[22m   [34m├─[39m [2m/en/news/kgi-life-taipei-customer-service-center-upgraded-new-benchmark-for-barrier-free--18b1b2e2/index.html[22m [2m(+278ms)[22m 
[2m12:40:20[22m   [34m├─[39m [2m/en/news/user-disparages-anonymous-board-manager-citing-developmental-disability-02815787/index.html[22m [2m(+291ms)[22m 
[2m12:40:21[22m   [34m├─[39m [2m/en/news/intellectual-disability-case-sparks-police-scrutiny-4ce1e7c1/index.html[22m [2m(+254ms)[22m 
[2m12:40:21[22m   [34m├─[39m [2m/en/news/teen-girls-starvation-death-raises-disability-care-concerns-610d101e/index.html[22m [2m(+284ms)[22m 
[2m12:40:21[22m   [34m├─[39m [2m/en/news/election-officials-target-pwds-for-electoral-roll-inclusion-in-bengaluru-df80ede9/index.html[22m [2m(+287ms)[22m 
[2m12:40:21[22m   [34m├─[39m [2m/en/news/user-wishes-for-screen-reader-support-in-game-remasters-c1ab9432/index.html[22m [2m(+291ms)[22m 
[2m12:40:22[22m   [34m├─[39m [2m/en/news/nara-challenged-16th-anniversary-lecture-on-disability-social-participation-650b5665/index.html[22m [2m(+302ms)[22m 
[2m12:40:22[22m   [34m├─[39m [2m/en/news/hhs-deadline-nears-medical-equipment-accessibility-qa-released-93ed2a69/index.html[22m [2m(+273ms)[22m 
[2m12:40:22[22m   [34m├─[39m [2m/en/news/mouzz-app-offers-systemwide-zoom-via-macos-accessibility-apis-9f6eaaba/index.html[22m [2m(+304ms)[22m 
[2m12:40:23[22m   [34m├─[39m [2m/en/news/canadian-human-rights-commission-calls-for-inclusive-ai-development-454f7018/index.html[22m [2m(+302ms)[22m 
[2m12:40:23[22m   [34m├─[39m [2m/en/news/las-palmas-middle-school-named-best-buddies-california-outstanding-chapter-e11429ea/index.html[22m [2m(+314ms)[22m 
[2m12:40:23[22m   [34m├─[39m [2m/en/news/voicethread-highlights-universal-design-for-learning-for-accessibility-cddabfcc/index.html[22m [2m(+291ms)[22m 
[2m12:40:23[22m   [34m├─[39m [2m/en/news/newtonville-station-accessibility-improvements-public-meeting-34c0d281/index.html[22m [2m(+283ms)[22m 
[2m12:40:24[22m   [34m├─[39m [2m/en/news/mental-disability-worker-questions-welfare-and-income-ba388b2d/index.html[22m [2m(+282ms)[22m 
[2m12:40:24[22m   [34m├─[39m [2m/en/news/critics-say-accessibility-is-undervalued-likening-disabled-people-to-toys-a6dab522/index.html[22m [2m(+265ms)[22m 
[2m12:40:24[22m   [34m├─[39m [2m/en/news/metro-bolsters-world-cup-accessibility-services-lamag-44c30e32/index.html[22m [2m(+267ms)[22m 
[2m12:40:25[22m   [34m├─[39m [2m/en/news/how-to-disable-video-autoplay-in-twitters-accessibility-settings-04351d16/index.html[22m [2m(+317ms)[22m 
[2m12:40:25[22m   [34m├─[39m [2m/en/news/ace-connect-programme-offers-intensive-additional-support-for-inclusive-educatio-a2f45c75/index.html[22m [2m(+280ms)[22m 
[2m12:40:25[22m   [34m├─[39m [2m/en/news/wow-player-criticizes-blizzards-addon-restrictions-impacting-accessibility-cb2a3761/index.html[22m [2m(+263ms)[22m 
[2m12:40:25[22m   [34m├─[39m [2m/en/news/advocate-requests-accessibility-info-for-nyc-knicks-parade-aab852be/index.html[22m [2m(+304ms)[22m 
[2m12:40:26[22m   [34m├─[39m [2m/en/news/student-with-intellectual-disability-stands-up-against-bullying-in-classroom-c174a727/index.html[22m [2m(+283ms)[22m 
[2m12:40:26[22m   [34m├─[39m [2m/en/news/trademark-application-for-rerotto-includes-disabilityrelated-nursing-services-494e8ccd/index.html[22m [2m(+306ms)[22m 
[2m12:40:26[22m   [34m├─[39m [2m/en/news/one-armed-kendo-practitioner-uses-prosthetic-hand-a7a6acba/index.html[22m [2m(+296ms)[22m 
[2m12:40:27[22m   [34m├─[39m [2m/en/news/visx-41-adds-shadcn-compatible-chart-registry-with-accessibility-wiring-cdcfc000/index.html[22m [2m(+268ms)[22m 
[2m12:40:27[22m   [34m├─[39m [2m/en/news/sensory-friendly-performance-by-blue-man-group-brings-joy-to-families-in-souther-028e24b9/index.html[22m [2m(+311ms)[22m 
[2m12:40:27[22m   [34m├─[39m [2m/en/news/foundation-launches-bubble-tea-accessibility-program-for-disabled-youth-b670c67e/index.html[22m [2m(+325ms)[22m 
[2m12:40:28[22m   [34m├─[39m [2m/en/news/deed-employer-webinar-on-unlocking-accessibility-via-eraf-2e4e4025/index.html[22m [2m(+289ms)[22m 
[2m12:40:28[22m   [34m├─[39m [2m/en/news/scumbags-ignore-disabled-and-able-bodied-alike-48a5f49c/index.html[22m [2m(+278ms)[22m 
[2m12:40:28[22m   [34m├─[39m [2m/en/news/inclusive-education-discussed-amid-rise-of-foreign-connected-children-in-osaka-s-65844154/index.html[22m [2m(+284ms)[22m 
[2m12:40:28[22m   [34m├─[39m [2m/en/news/htlv-1-vertical-transmission-linked-to-visual-impairment-in-a-17yearold-28ab5d0a/index.html[22m [2m(+340ms)[22m 
[2m12:40:29[22m   [34m├─[39m [2m/en/news/anyone-can-suddenly-become-disabled-a67c0db3/index.html[22m [2m(+302ms)[22m 
[2m12:40:29[22m   [34m├─[39m [2m/en/news/minor-develops-mental-disability-after-illegal-confinement-and-forced-confession-8cf3ae34/index.html[22m [2m(+311ms)[22m 
[2m12:40:29[22m   [34m├─[39m [2m/en/news/visual-impairment-cases-rise-due-to-htlv-1-transmission-via-breastfeeding-in-jap-dd611d95/index.html[22m [2m(+335ms)[22m 
[2m12:40:30[22m   [34m├─[39m [2m/en/news/confusion-over-ban-on-using-term-disabled-person-e636b85e/index.html[22m [2m(+350ms)[22m 
[2m12:40:30[22m   [34m├─[39m [2m/en/news/abuse-of-a-teenage-worker-at-a-disability-facility-leads-to-ptsd-and-death-in-ja-2dd6214e/index.html[22m [2m(+331ms)[22m 
[2m12:40:30[22m   [34m├─[39m [2m/en/news/japans-disability-handbook-provides-extra-allowance-and-free-medical-care-6eafe66e/index.html[22m [2m(+317ms)[22m 
[2m12:40:31[22m   [34m├─[39m [2m/en/news/warning-about-disabled-masters-after-1-am-playtime-bf28168d/index.html[22m [2m(+382ms)[22m 
[2m12:40:31[22m   [34m├─[39m [2m/en/news/mother-sues-government-over-daughters-eating-disorder-caused-by-illegal-detentio-6fa4a2c3/index.html[22m [2m(+315ms)[22m 
[2m12:40:31[22m   [34m├─[39m [2m/en/news/midwives-lack-of-training-and-htlv-1-spread-pose-risks-to-women-with-visual-impa-3152cd2f/index.html[22m [2m(+265ms)[22m 
[2m12:40:32[22m   [34m├─[39m [2m/en/news/teen-girl-with-possible-disability-dies-after-forced-confession-and-weight-loss-69fb18d0/index.html[22m [2m(+299ms)[22m 
[2m12:40:32[22m   [34m├─[39m [2m/en/news/cathay-property-insurance-wins-financial-service-award-for-breaking-barriers-pro-eb406af1/index.html[22m [2m(+279ms)[22m 
[2m12:40:32[22m   [34m├─[39m [2m/en/news/derogatory-tweet-targets-disabled-people-in-japan-f297ea8a/index.html[22m [2m(+293ms)[22m 
[2m12:40:32[22m   [34m├─[39m [2m/en/news/mother-sues-over-daughters-death-linked-to-disability-facility-abuse-e4d27543/index.html[22m [2m(+305ms)[22m 
[2m12:40:33[22m   [34m├─[39m [2m/en/news/mother-sues-after-daughter-with-eating-disorder-dies-following-illegal-detention-f84ceeb8/index.html[22m [2m(+331ms)[22m 
[2m12:40:33[22m   [34m├─[39m [2m/en/news/surprise-expressed-over-families-of-disabled-people-complaining-about-vehicle-mo-4f232c0b/index.html[22m [2m(+309ms)[22m 
[2m12:40:33[22m   [34m├─[39m [2m/en/news/fictional-character-described-with-memory-impairment-de85261f/index.html[22m [2m(+290ms)[22m 
[2m12:40:34[22m   [34m├─[39m [2m/en/news/user-with-disability-certificate-seeks-companion-for-vermeer-exhibition-f5bc2896/index.html[22m [2m(+331ms)[22m 
[2m12:40:34[22m   [34m├─[39m [2m/en/news/user-addresses-being-called-disabled-in-tweet-945de1a6/index.html[22m [2m(+308ms)[22m 
[2m12:40:34[22m   [34m├─[39m [2m/en/news/user-reports-noisy-neighbor-described-as-disabled-47e21610/index.html[22m [2m(+296ms)[22m 
[2m12:40:35[22m   [34m├─[39m [2m/en/news/mental-health-patients-describe-medication-as-turning-them-into-zombies-9c8deccf/index.html[22m [2m(+253ms)[22m 
[2m12:40:35[22m   [34m├─[39m [2m/en/news/disabled-shut-in-expresses-desire-for-a-boyfriend-66ee26a1/index.html[22m [2m(+273ms)[22m 
[2m12:40:35[22m   [34m├─[39m [2m/en/news/public-questions-whether-police-or-disability-facilities-are-at-fault-0f33f651/index.html[22m [2m(+290ms)[22m 
[2m12:40:35[22m   [34m├─[39m [2m/en/news/concerns-about-game-matchmaking-accessibility-for-disabled-players-df9294dd/index.html[22m [2m(+295ms)[22m 
[2m12:40:36[22m   [34m├─[39m [2m/en/news/question-about-applying-for-disability-certificate-and-basic-pension-69f1adff/index.html[22m [2m(+303ms)[22m 
[2m12:40:36[22m   [34m├─[39m [2m/en/news/critique-of-disability-employment-barriers-936981cc/index.html[22m [2m(+283ms)[22m 
[2m12:40:36[22m   [34m├─[39m [2m/en/news/mockery-of-disability-employment-quota-failure-bd36fca9/index.html[22m [2m(+283ms)[22m 
[2m12:40:37[22m   [34m├─[39m [2m/en/news/mockery-of-disability-pension-recipient-74dac7a4/index.html[22m [2m(+338ms)[22m 
[2m12:40:37[22m   [34m├─[39m [2m/en/news/discussion-on-victims-of-uematsu-crime-and-disability-labeling-9e90c206/index.html[22m [2m(+304ms)[22m 
[2m12:40:37[22m   [34m├─[39m [2m/en/news/worker-expresses-desire-to-support-people-with-disabilities-through-employment-e239bc06/index.html[22m [2m(+284ms)[22m 
[2m12:40:38[22m   [34m├─[39m [2m/en/news/user-reflects-on-challenges-related-to-developmental-disability-7c66d7bb/index.html[22m [2m(+291ms)[22m 
[2m12:40:38[22m   [34m├─[39m [2m/en/news/yongjing-township-office-launches-accessible-elevator-to-create-age-friendly-ser-f2bc989f/index.html[22m [2m(+299ms)[22m 
[2m12:40:38[22m   [34m├─[39m [2m/en/news/council-of-europe-takes-a-positive-step-on-autonomy-in-mental-health-care-17677624/index.html[22m [2m(+257ms)[22m 
[2m12:40:38[22m   [34m├─[39m [2m/en/news/church-court-moves-to-broaden-accessibility-c4c5f9d7/index.html[22m [2m(+280ms)[22m 
[2m12:40:39[22m   [34m├─[39m [2m/en/news/yongjing-township-office-launches-accessible-elevator-to-create-age-and-gender-f-4e304399/index.html[22m [2m(+297ms)[22m 
[2m12:40:39[22m   [34m├─[39m [2m/en/news/yongjing-township-office-launches-accessible-elevator-to-create-age-gender-and-d-ae2fd4b4/index.html[22m [2m(+291ms)[22m 
[2m12:40:39[22m   [34m├─[39m [2m/en/news/yongjing-township-office-launches-accessible-elevator-to-create-elderly-and-gend-773092e6/index.html[22m [2m(+264ms)[22m 
[2m12:40:40[22m   [34m├─[39m [2m/en/news/why-accessibility-matters-in-marketing-siouxfallsbusiness-702e26fa/index.html[22m [2m(+275ms)[22m 
[2m12:40:40[22m   [34m├─[39m [2m/en/news/web-accessibility-textbook-arrival-celebrated-464fbafb/index.html[22m [2m(+300ms)[22m 
[2m12:40:40[22m   [34m├─[39m [2m/en/news/southampton-voters-to-consider-1m-in-vehicle-purchases-accessibility-commission--f28224a2/index.html[22m [2m(+283ms)[22m 
[2m12:40:40[22m   [34m├─[39m [2m/en/news/yongjing-township-office-installs-accessible-elevator-eliminates-need-to-climb-s-e1e55321/index.html[22m [2m(+341ms)[22m 
[2m12:40:41[22m   [34m├─[39m [2m/en/news/yongjing-township-office-accessible-elevator-launch-and-guyan-calligraphy-painti-bacb9607/index.html[22m [2m(+299ms)[22m 
[2m12:40:41[22m   [34m├─[39m [2m/en/news/accessibility-team-meeting-agenda-for-june-18-2026-e05cf8c1/index.html[22m [2m(+293ms)[22m 
[2m12:40:41[22m   [34m├─[39m [2m/en/news/accessibility-upgrades-coming-to-nevins-street-station-brooklyn-eagle-e9bfe8b7/index.html[22m [2m(+257ms)[22m 
[2m12:40:42[22m   [34m├─[39m [2m/en/news/bioxtreme-launches-next-generation-dextreme-system-delivering-up-to-2x-greater-s-d38dd020/index.html[22m [2m(+287ms)[22m 
[2m12:40:42[22m   [34m├─[39m [2m/en/news/yongjing-township-offices-accessible-elevator-officially-opens-eliminating-the-n-044f6c81/index.html[22m [2m(+294ms)[22m 
[2m12:40:42[22m   [34m├─[39m [2m/en/news/no-need-to-climb-stairs-yongjing-township-office-accessible-elevator-officially--5e3c05ae/index.html[22m [2m(+317ms)[22m 
[2m12:40:42[22m   [34m├─[39m [2m/en/news/accessible-elevator-officially-opens-at-yongjing-township-office-0174a601/index.html[22m [2m(+289ms)[22m 
[2m12:40:43[22m   [34m├─[39m [2m/en/news/bloomington-still-divided-on-carless-kirkwood-residents-share-accessibility-conc-45b5a32a/index.html[22m [2m(+332ms)[22m 
[2m12:40:43[22m   [34m├─[39m [2m/en/news/this-pride-disabled-lgbtq-people-dont-need-your-apologies-3f7badba/index.html[22m [2m(+308ms)[22m 
[2m12:40:43[22m   [34m├─[39m [2m/en/news/update-to-japanese-translation-of-wcag-22-web-accessibility-guidelines-9d898024/index.html[22m [2m(+271ms)[22m 
[2m12:40:44[22m   [34m├─[39m [2m/en/news/japanese-translation-of-wcag-22-accessibility-guidelines-updated-e3bb801e/index.html[22m [2m(+286ms)[22m 
[2m12:40:44[22m   [34m├─[39m [2m/en/news/yongjing-township-office-launches-accessible-elevator-joint-exhibition-with-guya-4ef6d739/index.html[22m [2m(+300ms)[22m 
[2m12:40:44[22m   [34m├─[39m [2m/en/news/yongjing-township-office-launches-accessible-elevator-coinciding-with-guyan-call-1f3e2b8e/index.html[22m [2m(+278ms)[22m 
[2m12:40:45[22m   [34m├─[39m [2m/en/news/yongjing-township-office-barrier-free-elevator-inaugurated-joint-exhibition-with-3def517a/index.html[22m [2m(+292ms)[22m 
[2m12:40:45[22m   [34m├─[39m [2m/en/news/ampetronic-enhances-accessibility-at-swiss-church-worship-avl-63ee0356/index.html[22m [2m(+275ms)[22m 
[2m12:40:45[22m   [34m├─[39m [2m/en/news/accessibility-is-more-than-a-design-problem-7c411096/index.html[22m [2m(+288ms)[22m 
[2m12:40:45[22m   [34m├─[39m [2m/en/news/opera-house-adds-new-accessibility-equipment-for-movie-patrons-morgan-county-her-142473ce/index.html[22m [2m(+290ms)[22m 
[2m12:40:46[22m   [34m├─[39m [2m/en/news/accessibility-is-more-than-a-design-problem-fast-company-95d917ff/index.html[22m [2m(+322ms)[22m 
[2m12:40:46[22m   [34m├─[39m [2m/en/news/new-inclusive-playground-in-tampines-features-singapores-first-wheelchair-access-18fc616e/index.html[22m [2m(+310ms)[22m 
[2m12:40:46[22m   [34m├─[39m [2m/en/news/yongjing-township-office-accessible-elevator-launch-coincides-with-guyan-calligr-c2902fcc/index.html[22m [2m(+278ms)[22m 
[2m12:40:47[22m   [34m├─[39m [2m/en/news/promoting-reading-equality-for-persons-with-disabilities-national-taiwan-library-be82acc4/index.html[22m [2m(+291ms)[22m 
[2m12:40:47[22m   [34m├─[39m [2m/en/news/couple-donates-rehabilitation-bus-to-improve-accessible-transportation-in-taoyua-fb5bec45/index.html[22m [2m(+316ms)[22m 
[2m12:40:47[22m   [34m├─[39m [2m/en/news/charitable-act-returns-to-society-couple-donates-rehabilitation-bus-381f4a21/index.html[22m [2m(+297ms)[22m 
[2m12:40:48[22m   [34m├─[39m [2m/en/news/disability-understanding-training-course-launches-in-sagamihara-f5378c4a/index.html[22m [2m(+316ms)[22m 
[2m12:40:48[22m   [34m├─[39m [2m/en/news/disability-employment-facility-work-and-adhd-film-promotion-1a3c5552/index.html[22m [2m(+305ms)[22m 
[2m12:40:48[22m   [34m├─[39m [2m/en/news/disabled-person-recounts-trauma-healed-by-a-place-unsafe-for-sexual-minorities-d6648a88/index.html[22m [2m(+257ms)[22m 
[2m12:40:48[22m   [34m├─[39m [2m/en/news/mother-sues-government-over-daughters-eating-disorder-death-in-disability-facili-91e9370e/index.html[22m [2m(+356ms)[22m 
[2m12:40:49[22m   [34m├─[39m [2m/en/news/discussion-on-disability-related-school-absenteeism-and-bullying-e28e2bf4/index.html[22m [2m(+289ms)[22m 
[2m12:40:49[22m   [34m├─[39m [2m/en/news/mother-sues-over-forced-confession-leading-to-daughters-eating-disorder-death-a01f410a/index.html[22m [2m(+284ms)[22m 
[2m12:40:49[22m   [34m├─[39m [2m/en/news/mother-sues-government-over-illegal-arrest-causing-eating-disorder-and-starvatio-95500989/index.html[22m [2m(+288ms)[22m 
[2m12:40:50[22m   [34m├─[39m [2m/en/news/teen-worker-at-disability-facility-dies-after-arrest-05776bdb/index.html[22m [2m(+274ms)[22m 
[2m12:40:50[22m   [34m├─[39m [2m/en/news/user-jokes-about-being-perceived-as-disabled-at-certain-age-77872e16/index.html[22m [2m(+316ms)[22m 
[2m12:40:50[22m   [34m├─[39m [2m/en/news/mother-sues-government-over-alleged-abuse-leading-to-eating-disorder-in-disabili-88f5c718/index.html[22m [2m(+340ms)[22m 
[2m12:40:51[22m   [34m├─[39m [2m/en/news/designers-urged-to-master-accessibility-skills-to-stay-relevant-in-ai-era-ca6cd058/index.html[22m [2m(+450ms)[22m 
[2m12:40:51[22m   [34m├─[39m [2m/en/news/mother-sues-government-over-daughters-illegal-detention-leading-to-eating-disord-8108b6bc/index.html[22m [2m(+361ms)[22m 
[2m12:40:51[22m   [34m├─[39m [2m/en/news/critique-calls-for-focus-on-disability-employment-quotas-rather-than-personal-at-187454a7/index.html[22m [2m(+324ms)[22m 
[2m12:40:52[22m   [34m├─[39m [2m/en/news/manchester-send-inclusion-conference-scheduled-for-june-23-2026-90ac1795/index.html[22m [2m(+275ms)[22m 
[2m12:40:52[22m   [34m├─[39m [2m/en/news/returning-from-disability-employment-support-work-a1b015a4/index.html[22m [2m(+292ms)[22m 
[2m12:40:52[22m   [34m├─[39m [2m/en/news/yongjing-township-office-completes-accessible-elevator-joint-exhibition-with-guy-ecc61eeb/index.html[22m [2m(+255ms)[22m 
[2m12:40:52[22m   [34m├─[39m [2m/en/news/user-expresses-preference-for-staff-role-over-direct-support-in-disability-works-13977c61/index.html[22m [2m(+279ms)[22m 
[2m12:40:53[22m   [34m├─[39m [2m/en/news/individual-shares-experience-living-with-asd-and-adhd-83be3741/index.html[22m [2m(+296ms)[22m 
[2m12:40:53[22m   [34m├─[39m [2m/en/news/considering-disability-employment-or-part-time-work-e6a9c44e/index.html[22m [2m(+265ms)[22m 
[2m12:40:53[22m   [34m├─[39m [2m/en/news/valuing-the-visibility-of-disabled-peoples-opinions-4699360b/index.html[22m [2m(+282ms)[22m 
[2m12:40:54[22m   [34m├─[39m [2m/en/news/mother-sues-government-and-hyogo-prefecture-over-disability-facility-incident-e2513586/index.html[22m [2m(+291ms)[22m 
[2m12:40:54[22m   [34m├─[39m [2m/en/news/critique-of-disability-employment-practices-in-japan-57c306f2/index.html[22m [2m(+290ms)[22m 
[2m12:40:54[22m   [34m├─[39m [2m/en/news/mother-sues-over-daughters-death-at-disability-support-facility-53a396ec/index.html[22m [2m(+306ms)[22m 
[2m12:40:54[22m   [34m├─[39m [2m/en/news/adbl-launches-disability-friendly-website-upgrade-1926244f/index.html[22m [2m(+255ms)[22m 
[2m12:40:55[22m   [34m├─[39m [2m/en/news/mirairo-id-app-enables-digital-disability-handbook-for-jr-discounts-4849e978/index.html[22m [2m(+276ms)[22m 
[2m12:40:55[22m   [34m├─[39m [2m/en/news/job-seeker-uses-indeed-line-notifications-while-aiming-for-disability-employment-15185c14/index.html[22m [2m(+309ms)[22m 
[2m12:40:55[22m   [34m├─[39m [2m/en/news/disability-employment-promotion-transparency-0c3dc53e/index.html[22m [2m(+300ms)[22m 
[2m12:40:56[22m   [34m├─[39m [2m/en/news/individual-updates-disability-handbook-and-medical-certificate-at-city-welfare-o-d980cce1/index.html[22m [2m(+307ms)[22m 
[2m12:40:56[22m   [34m├─[39m [2m/en/news/yongjing-township-office-installs-external-elevator-and-renovates-genderfriendly-1445e320/index.html[22m [2m(+279ms)[22m 
[2m12:40:56[22m   [34m├─[39m [2m/en/news/un-disability-rights-committee-raises-concerns-over-lifetime-system-undermining--84ac42d0/index.html[22m [2m(+267ms)[22m 
[2m12:40:56[22m   [34m├─[39m [2m/en/news/individual-visits-disability-employment-support-center-after-job-transition-prog-4785ce2f/index.html[22m [2m(+270ms)[22m 
[2m12:40:57[22m   [34m├─[39m [2m/en/news/bay-sans-font-launched-for-legibility-and-accessibility-9e3c6d8e/index.html[22m [2m(+284ms)[22m 
[2m12:40:57[22m   [34m├─[39m [2m/en/news/ecotourism-kenya-forum-highlights-inclusion-in-sustainable-tourism-0f5ec262/index.html[22m [2m(+269ms)[22m 
[2m12:40:57[22m   [34m├─[39m [2m/en/news/mother-sues-japanese-government-over-daughters-eating-disorder-leading-to-starva-c9e1882f/index.html[22m [2m(+280ms)[22m 
[2m12:40:58[22m   [34m├─[39m [2m/en/news/concerns-over-disability-pension-funds-misused-for-alcohol-dependence-2f1f142a/index.html[22m [2m(+280ms)[22m 
[2m12:40:58[22m   [34m├─[39m [2m/en/news/assault-incident-at-disability-support-facility-involving-teen-with-eating-disor-216a135b/index.html[22m [2m(+251ms)[22m 
[2m12:40:58[22m   [34m├─[39m [2m/en/news/critique-of-disability-benefit-influence-on-social-media-profiles-3295ad24/index.html[22m [2m(+290ms)[22m 
[2m12:40:58[22m   [34m├─[39m [2m/en/news/hateful-tweet-targeting-disabled-person-18c05206/index.html[22m [2m(+272ms)[22m 
[2m12:40:59[22m   [34m├─[39m [2m/en/news/kenyan-housing-initiative-emphasizes-accessibility-in-affordable-mortgages-0f79affd/index.html[22m [2m(+292ms)[22m 
[2m12:40:59[22m   [34m├─[39m [2m/en/news/critique-of-artfight-funding-for-accessibility-features-2ddbc48b/index.html[22m [2m(+287ms)[22m 
[2m12:40:59[22m   [34m├─[39m [2m/en/news/experiences-of-disabilityrelated-stigma-and-family-pressure-6af8505e/index.html[22m [2m(+266ms)[22m 
[2m12:41:00[22m   [34m├─[39m [2m/en/news/japanese-violinist-chisako-takashima-and-mother-disclosed-to-have-disability-474be182/index.html[22m [2m(+311ms)[22m 
[2m12:41:00[22m   [34m├─[39m [2m/en/news/online-talk-on-technology-inclusion-and-clean-air-for-clinically-vulnerable-01f5bcf2/index.html[22m [2m(+311ms)[22m 
[2m12:41:00[22m   [34m├─[39m [2m/en/news/ofsted-adds-inclusion-as-graded-area-in-school-inspections-974220b2/index.html[22m [2m(+335ms)[22m 
[2m12:41:00[22m   [34m├─[39m [2m/en/news/england-boxing-hires-equality-diversity-inclusion-assistant-to-boost-accessibili-d1d6f32a/index.html[22m [2m(+272ms)[22m 
[2m12:41:01[22m   [34m├─[39m [2m/en/news/worker-returns-to-job-after-psychiatric-hospitalization-celebrates-disability-em-8723c6c3/index.html[22m [2m(+300ms)[22m 
[2m12:41:01[22m   [34m├─[39m [2m/en/news/girl-working-at-disability-facility-wrongfully-accused-of-abuse-dies-after-deten-b7ef1da9/index.html[22m [2m(+269ms)[22m 
[2m12:41:01[22m   [34m├─[39m [2m/en/news/japanese-translation-of-web-accessibility-guidelines-wcag-22-updated-b6cef95e/index.html[22m [2m(+255ms)[22m 
[2m12:41:02[22m   [34m├─[39m [2m/en/news/user-identifies-as-disabled-in-japanese-tweet-e74e91a1/index.html[22m [2m(+267ms)[22m 
[2m12:41:02[22m   [34m├─[39m [2m/en/news/kitui-regional-office-launches-outreach-to-expand-wheelchair-access-for-persons--799e3aef/index.html[22m [2m(+306ms)[22m 
[2m12:41:02[22m   [34m├─[39m [2m/en/news/children-exhibition-promotes-inclusion-and-empathy-7c7fc689/index.html[22m [2m(+295ms)[22m 
[2m12:41:02[22m   [34m├─[39m [2m/en/news/hull-fc-foundation-schedules-wheelchair-team-match-49e28119/index.html[22m [2m(+300ms)[22m 
[2m12:41:03[22m   [34m├─[39m [2m/en/news/dhd-launches-accessible-arts-business-website-13443ab2/index.html[22m [2m(+283ms)[22m 
[2m12:41:03[22m   [34m├─[39m [2m/en/news/madras-movie-theatres-built-along-tram-lines-for-accessibility-d4e4ef79/index.html[22m [2m(+302ms)[22m 
[2m12:41:03[22m   [34m├─[39m [2m/en/news/tayside-contracts-completes-footway-upgrades-in-dundee-6eeffc02/index.html[22m [2m(+272ms)[22m 
[2m12:41:04[22m   [34m├─[39m [2m/en/news/discussion-on-game-accessibility-critiques-highlights-socioeconomic-bias-57f92c26/index.html[22m [2m(+314ms)[22m 
[2m12:41:04[22m   [34m├─[39m [2m/en/news/airtel-money-kenya-and-childfund-kenya-improve-learning-for-children-with-disabi-9c138780/index.html[22m [2m(+261ms)[22m 
[2m12:41:04[22m   [34m├─[39m [2m/en/news/national-taiwan-library-holds-disability-services-workshop-with-ai-ar-mr-trainin-7c1113d5/index.html[22m [2m(+307ms)[22m 
[2m12:41:04[22m   [34m├─[39m [2m/en/news/mixed-reality-device-introduced-for-hearingimpaired-reading-experience-official--eb4a1a93/index.html[22m [2m(+265ms)[22m 
[2m12:41:05[22m   [34m├─[39m [2m/en/news/extreme-heat-glacier-loss-and-record-ocean-heat-impact-asia-3b1fded9/index.html[22m [2m(+305ms)[22m 
[2m12:41:05[22m   [34m├─[39m [2m/en/news/were-breaking-down-the-barriers-that-say-you-cant-accessible-golfing-comes-to-th-2e758047/index.html[22m [2m(+314ms)[22m 
[2m12:41:05[22m   [34m├─[39m [2m/en/news/new-air-passenger-rights-regulation-brings-big-wins-for-persons-with-disabilitie-1da1d728/index.html[22m [2m(+291ms)[22m 
[2m12:41:06[22m   [34m├─[39m [2m/en/news/yongjing-township-office-launches-accessible-elevator-to-create-elderly-friendly-a290d810/index.html[22m [2m(+263ms)[22m 
[2m12:41:06[22m   [34m├─[39m [2m/en/news/metro-adds-accessibility-features-for-world-cup-riders-bc4931e7/index.html[22m [2m(+289ms)[22m 
[2m12:41:06[22m   [34m├─[39m [2m/en/news/call-for-experiences-on-accessibility-barriers-at-concerts-sports-and-theater-ev-677ce197/index.html[22m [2m(+285ms)[22m 
[2m12:41:06[22m   [34m├─[39m [2m/en/news/three-peaks-hakka-association-hosts-ten-thousand-person-lei-tea-event-mayor-prom-fada9a09/index.html[22m [2m(+277ms)[22m 
[2m12:41:07[22m   [34m├─[39m [2m/en/news/column-critiques-phone-only-contact-from-accessibility-perspective-8d505b1e/index.html[22m [2m(+287ms)[22m 
[2m12:41:07[22m   [34m├─[39m [2m/en/news/eight-major-social-welfare-subsidies-budget-stalled-possible-changes-in-july-min-1edfc402/index.html[22m [2m(+253ms)[22m 
[2m12:41:07[22m   [34m├─[39m [2m/en/news/gfc-discusses-casavant-organ-removal-accessibility-and-shape-goals-516702e0/index.html[22m [2m(+259ms)[22m 
[2m12:41:08[22m   [34m├─[39m [2m/en/news/opensuses-agama-22-installer-brings-usability-and-accessibility-improvements-1f52979b/index.html[22m [2m(+258ms)[22m 
[2m12:41:08[22m   [34m├─[39m [2m/en/news/metro-adds-accessibility-features-for-world-cup-riders-35c3ce2f/index.html[22m [2m(+296ms)[22m 
[2m12:41:08[22m   [34m├─[39m [2m/en/news/mullerian-mimicry-how-species-unite-through-warning-814f22ac/index.html[22m [2m(+280ms)[22m 
[2m12:41:08[22m   [34m├─[39m [2m/en/news/criticism-of-accessibility-labeled-as-cancel-culture-8b6ecd58/index.html[22m [2m(+270ms)[22m 
[2m12:41:09[22m   [34m├─[39m [2m/en/news/research-video-explains-transit-accessibility-in-practice-ba1f9c1c/index.html[22m [2m(+245ms)[22m 
[2m12:41:09[22m   [34m├─[39m [2m/en/news/ttc-seeks-applicants-for-accessible-transit-advisory-committee-7ecc80d2/index.html[22m [2m(+274ms)[22m 
[2m12:41:09[22m   [34m├─[39m [2m/en/news/patient-expresses-frustration-over-disability-labeling-and-seeks-medical-fee-ass-3b679d2b/index.html[22m [2m(+286ms)[22m 
[2m12:41:09[22m   [34m├─[39m [2m/en/news/pureagi-framer-agents-site-undergoes-accessibility-audit-f79c5e73/index.html[22m [2m(+250ms)[22m 
[2m12:41:10[22m   [34m├─[39m [2m/en/news/encouragement-message-for-people-with-disabilities-and-community-workers-63f098e9/index.html[22m [2m(+240ms)[22m 
[2m12:41:10[22m   [34m├─[39m [2m/en/news/user-criticizes-volunteering-for-people-with-brain-disabilities-in-apex-legends-dae1b87e/index.html[22m [2m(+292ms)[22m 
[2m12:41:10[22m   [34m├─[39m [2m/en/news/disability-advocates-in-tokyo-protest-insufficient-welfare-benefits-ed84a34c/index.html[22m [2m(+284ms)[22m 
[2m12:41:11[22m   [34m├─[39m [2m/en/news/empathy-drives-accessible-design-and-community-support-7054016b/index.html[22m [2m(+260ms)[22m 
[2m12:41:11[22m   [34m├─[39m [2m/en/news/advocacy-for-equal-valuation-of-opinions-of-people-with-intellectual-disabilitie-f2d2dc24/index.html[22m [2m(+309ms)[22m 
[2m12:41:11[22m   [34m├─[39m [2m/en/news/stereotyping-of-train-photographers-as-intellectually-disabled-2dfe9295/index.html[22m [2m(+297ms)[22m 
[2m12:41:11[22m   [34m├─[39m [2m/en/news/uxui-designer-job-posting-emphasizing-accessibility-standards-3c9f44c0/index.html[22m [2m(+270ms)[22m 
[2m12:41:12[22m   [34m├─[39m [2m/en/news/abu-dhabi-honors-entities-for-inclusion-of-people-of-determination-0153e4ba/index.html[22m [2m(+299ms)[22m 
[2m12:41:12[22m   [34m├─[39m [2m/en/news/five-companies-prioritize-accessibility-and-social-equity-f6355d55/index.html[22m [2m(+275ms)[22m 
[2m12:41:12[22m   [34m├─[39m [2m/en/news/preference-for-disability-benefits-over-workplace-reintegration-grows-ceaf3872/index.html[22m [2m(+320ms)[22m 
[2m12:41:13[22m   [34m├─[39m [2m/en/news/discussion-on-intellectual-disability-and-learning-motivation-in-study-groups-6ab1cbb9/index.html[22m [2m(+366ms)[22m 
[2m12:41:13[22m   [34m├─[39m [2m/en/news/casavant-organ-removal-sparks-accessibility-debate-at-gfc-meeting-f893971f/index.html[22m [2m(+276ms)[22m 
[2m12:41:13[22m   [34m├─[39m [2m/en/news/chrome-devtools-adds-accessibility-audit-feature-5bff7820/index.html[22m [2m(+303ms)[22m 
[2m12:41:14[22m   [34m├─[39m [2m/en/news/person-with-disability-seeks-simple-work-opportunities-51a33eef/index.html[22m [2m(+282ms)[22m 
[2m12:41:14[22m   [34m├─[39m [2m/en/news/person-on-medical-leave-with-disability-certificate-questions-societal-evaluatio-a3c06536/index.html[22m [2m(+297ms)[22m 
[2m12:41:14[22m   [34m├─[39m [2m/en/news/uk-faces-absolute-crisis-in-learning-disability-nursing-workforce-union-warns-455da950/index.html[22m [2m(+271ms)[22m 
[2m12:41:14[22m   [34m├─[39m [2m/en/news/new-book-explores-yamami-workshops-disability-art-welfare-1e2773db/index.html[22m [2m(+308ms)[22m 
[2m12:41:15[22m   [34m├─[39m [2m/en/news/tweet-emphasizes-clear-language-to-avoid-being-perceived-as-language-disability-681bf7c0/index.html[22m [2m(+292ms)[22m 
[2m12:41:15[22m   [34m├─[39m [2m/en/news/user-reports-being-called-disabled-after-pointing-out-image-errors-f0977200/index.html[22m [2m(+265ms)[22m 
[2m12:41:15[22m   [34m├─[39m [2m/en/news/question-about-why-disabled-people-are-perceived-to-like-trains-d69f6a54/index.html[22m [2m(+298ms)[22m 
[2m12:41:16[22m   [34m├─[39m [2m/en/news/person-with-kidney-dialysis-encourages-others-to-pursue-certification-exams-8c2b43e1/index.html[22m [2m(+272ms)[22m 
[2m12:41:16[22m   [34m├─[39m [2m/en/news/sendai-city-opens-applications-for-severe-disability-group-homes-0438f9b0/index.html[22m [2m(+315ms)[22m 
[2m12:41:16[22m   [34m├─[39m [2m/en/news/disabled-individuals-lack-choice-in-work-and-entertainment-63ceff0d/index.html[22m [2m(+330ms)[22m 
[2m12:41:16[22m   [34m├─[39m [2m/en/news/criticism-of-refusal-to-hire-people-with-disabilities-despite-staff-shortages-bbf2345e/index.html[22m [2m(+326ms)[22m 
[2m12:41:17[22m   [34m├─[39m [2m/en/news/concerns-over-expanding-special-support-in-inclusive-education-amid-budget-limit-0356b5ff/index.html[22m [2m(+280ms)[22m 
[2m12:41:17[22m   [34m├─[39m [2m/en/news/disclosure-of-accommodation-needs-improves-hiring-chances-3a9fb56a/index.html[22m [2m(+284ms)[22m 
[2m12:41:17[22m   [34m├─[39m [2m/en/news/mocking-tweet-about-firing-a-disabled-worker-0b47f3e3/index.html[22m [2m(+270ms)[22m 
[2m12:41:18[22m   [34m├─[39m [2m/en/news/user-recalls-dissociative-disorder-symptoms-210b33c3/index.html[22m [2m(+260ms)[22m 
[2m12:41:18[22m   [34m├─[39m [2m/en/news/advocate-urges-against-exploiting-visually-impaired-people-in-political-movement-7c74805d/index.html[22m [2m(+252ms)[22m 
[2m12:41:18[22m   [34m├─[39m [2m/en/news/city-office-announces-health-check-station-and-disability-welfare-meeting-45644010/index.html[22m [2m(+284ms)[22m 
[2m12:41:18[22m   [34m├─[39m [2m/en/news/djing-and-social-work-linked-to-disability-facility-experience-4fd8956b/index.html[22m [2m(+297ms)[22m 
[2m12:41:19[22m   [34m├─[39m [2m/en/news/statement-equates-weak-weapons-with-disabled-persons-9a88292f/index.html[22m [2m(+266ms)[22m 
[2m12:41:19[22m   [34m├─[39m [2m/en/news/discussion-on-lack-of-disability-discounts-and-existence-of-sex-establishments-f-d003e8da/index.html[22m [2m(+243ms)[22m 
[2m12:41:19[22m   [34m├─[39m [2m/en/news/question-about-disability-discounts-in-the-sex-industry-1ee71cc3/index.html[22m [2m(+272ms)[22m 
[2m12:41:19[22m   [34m├─[39m [2m/en/news/disability-handbook-grants-halffare-on-night-buses-and-shinkansen-in-japan-7dbe3398/index.html[22m [2m(+282ms)[22m 
[2m12:41:20[22m   [34m├─[39m [2m/en/news/vermeer-exhibition-offers-free-entry-for-disability-id-holders-9dca6ece/index.html[22m [2m(+243ms)[22m 
[2m12:41:20[22m   [34m├─[39m [2m/en/news/challenges-of-implementing-inclusive-education-in-public-schools-bc2f6fbe/index.html[22m [2m(+270ms)[22m 
[2m12:41:20[22m   [34m├─[39m [2m/en/news/concerns-over-low-salaries-for-non-management-disability-employees-237baa63/index.html[22m [2m(+280ms)[22m 
[2m12:41:21[22m   [34m├─[39m [2m/en/news/developmental-disability-advocates-call-for-labor-union-support-amid-welfare-cut-644f1c67/index.html[22m [2m(+284ms)[22m 
[2m12:41:21[22m   [34m├─[39m [2m/en/news/a-place-for-everybody-accessibility-and-audience-comfort-in-broadways-historic-t-0f1d5d5f/index.html[22m [2m(+302ms)[22m 
[2m12:41:21[22m   [34m├─[39m [2m/en/news/taipei-city-considers-increasing-subsidies-for-barrier-free-facilities-in-old-ho-30910a8f/index.html[22m [2m(+332ms)[22m 
[2m12:41:21[22m   [34m├─[39m [2m/en/news/guide-dogs-vs-white-canes-for-blind-navigation-79a4ffd9/index.html[22m [2m(+317ms)[22m 
[2m12:41:22[22m   [34m├─[39m [2m/en/news/the-ndis-spent-a-year-fighting-our-request-to-give-our-quadriplegic-kid-a-wheelc-280ff2fd/index.html[22m [2m(+297ms)[22m 
[2m12:41:22[22m   [34m├─[39m [2m/en/news/uk-social-media-ban-could-cut-lifeline-for-disabled-children-campaigners-warn-2fa14b61/index.html[22m [2m(+282ms)[22m 
[2m12:41:22[22m   [34m├─[39m [2m/en/news/visitlex-working-to-make-lexington-more-accessible-for-visitors-locals-alike-54b8a4c9/index.html[22m [2m(+276ms)[22m 
[2m12:41:23[22m   [34m├─[39m [2m/en/news/eu-justice-scoreboard-assess-accessibility-to-justice-for-people-with-disabiliti-69d1f3c5/index.html[22m [2m(+284ms)[22m 
[2m12:41:23[22m   [34m├─[39m [2m/en/news/preliminary-research-on-accessible-environment-legislation-launched-this-year-3de37e54/index.html[22m [2m(+282ms)[22m 
[2m12:41:23[22m   [34m├─[39m [2m/en/news/hospitality-urged-to-view-accessibility-as-a-strategic-business-priority-d81f7b95/index.html[22m [2m(+263ms)[22m 
[2m12:41:23[22m   [34m├─[39m [2m/en/news/lawmakers-focus-on-accessible-construction-and-population-policy-5fc3c7e9/index.html[22m [2m(+280ms)[22m 
[2m12:41:24[22m   [34m├─[39m [2m/en/news/how-5-companies-are-centering-accessibility-and-social-equity-1702b4d0/index.html[22m [2m(+304ms)[22m 
[2m12:41:24[22m   [34m├─[39m [2m/en/news/only-30-detachable-lift-chairs-applied-for-in-3-years-under-double-elderly-trapp-6acc9c1b/index.html[22m [2m(+306ms)[22m 
[2m12:41:24[22m   [34m├─[39m [2m/en/news/new-tools-make-the-great-outdoors-accessible-to-all-in-pennsylvania-e059832d/index.html[22m [2m(+266ms)[22m 
[2m12:41:25[22m   [34m├─[39m [2m/en/news/knchr-2007-report-advocates-inclusive-identity-systems-2a23add9/index.html[22m [2m(+278ms)[22m 
[2m12:41:25[22m   [34m├─[39m [2m/en/news/ethical-concerns-raised-over-disability-sexuality-discussion-in-advocacy-video-66cd53c6/index.html[22m [2m(+258ms)[22m 
[2m12:41:25[22m   [34m├─[39m [2m/en/news/employee-denied-workplace-seating-adjustment-citing-need-for-new-hire-adjustment-5819ac34/index.html[22m [2m(+261ms)[22m 
[2m12:41:25[22m   [34m├─[39m [2m/en/news/concern-over-closure-of-mental-health-clinic-affecting-disability-certificate-re-04e04076/index.html[22m [2m(+280ms)[22m 
[2m12:41:26[22m   [34m├─[39m [2m/en/news/uk-education-policy-linked-to-rise-in-youth-psychological-disabilities-a9c3037c/index.html[22m [2m(+260ms)[22m 
[2m12:41:26[22m   [34m├─[39m [2m/en/news/documentary-highlights-employment-and-dignity-of-disabled-persons-in-tokyos-sugi-f0c07066/index.html[22m [2m(+249ms)[22m 
[2m12:41:26[22m   [34m├─[39m [2m/en/news/concerns-over-disability-support-in-after-school-care-and-employment-processes-54421d5e/index.html[22m [2m(+319ms)[22m 
[2m12:41:27[22m   [34m├─[39m [2m/en/news/user-signs-off-with-disability-and-chatgpt5-hashtags-f32dbafa/index.html[22m [2m(+277ms)[22m 
[2m12:41:27[22m   [34m├─[39m [2m/en/news/user-expresses-worry-about-disabled-people-and-companions-attending-13f49b1a/index.html[22m [2m(+270ms)[22m 
[2m12:41:27[22m   [34m├─[39m [2m/en/news/welfare-system-defended-as-essential-support-for-elderly-and-disabled-498ca149/index.html[22m [2m(+287ms)[22m 
[2m12:41:27[22m   [34m├─[39m [2m/en/news/user-complains-about-accessibility-prompt-appearing-when-liking-a-tweet-cdf628ae/index.html[22m [2m(+268ms)[22m 
[2m12:41:28[22m   [34m├─[39m [2m/en/news/spains-ser-deportivos-avila-awards-highlight-disability-inclusion-in-sport-eca60042/index.html[22m [2m(+296ms)[22m 
[2m12:41:28[22m   [34m├─[39m [2m/en/news/para-sports-experience-event-open-to-all-bd2186b7/index.html[22m [2m(+276ms)[22m 
[2m12:41:28[22m   [34m├─[39m [2m/en/news/occupational-therapy-students-participate-in-barrier-free-exhibition-field-trip-2b60c06b/index.html[22m [2m(+300ms)[22m 
[2m12:41:29[22m   [34m├─[39m [2m/en/news/tweet-acknowledges-disability-as-a-factor-in-oppression-55455816/index.html[22m [2m(+314ms)[22m 
[2m12:41:29[22m   [34m├─[39m [2m/en/news/frontend-checklist-includes-accessibility-guidelines-for-developers-79388f1e/index.html[22m [2m(+336ms)[22m 
[2m12:41:29[22m   [34m├─[39m [2m/en/news/user-condemns-discrimination-against-disabled-people-bce5c635/index.html[22m [2m(+294ms)[22m 
[2m12:41:29[22m   [34m├─[39m [2m/en/news/my-number-portal-to-provide-mental-disability-handbook-travel-fare-discount-info-cbb1bfc1/index.html[22m [2m(+296ms)[22m 
[2m12:41:30[22m   [34m├─[39m [2m/en/news/disability-workers-call-for-fair-wages-in-b-type-facilities-31f899c7/index.html[22m [2m(+271ms)[22m 
[2m12:41:30[22m   [34m├─[39m [2m/en/news/learning-disability-week-highlights-financial-challenges-47cac3a7/index.html[22m [2m(+279ms)[22m 
[2m12:41:30[22m   [34m├─[39m [2m/en/news/disability-certificate-application-process-faster-than-therapy-handbook-intervie-5813eff4/index.html[22m [2m(+306ms)[22m 
[2m12:41:31[22m   [34m├─[39m [2m/en/news/intern-learns-that-accessibility-is-a-key-part-of-feature-development-beyond-ui-1f6c1a75/index.html[22m [2m(+304ms)[22m 
[2m12:41:31[22m   [34m├─[39m [2m/en/news/disabled-advocate-uses-iphone-to-escape-abuse-and-secure-housing-a2160232/index.html[22m [2m(+290ms)[22m 
[2m12:41:31[22m   [34m├─[39m [2m/en/news/disability-group-home-faces-staffing-challenges-76a7cd1e/index.html[22m [2m(+302ms)[22m 
[2m12:41:32[22m   [34m├─[39m [2m/en/news/disability-group-home-seeks-new-residents-2f3d5556/index.html[22m [2m(+267ms)[22m 
[2m12:41:32[22m   [34m├─[39m [2m/en/news/support-book-for-families-of-children-with-down-syndrome-10d93755/index.html[22m [2m(+287ms)[22m 
[2m12:41:32[22m   [34m├─[39m [2m/en/news/ofsted-updates-inspection-framework-to-emphasize-inclusion-dff9bd42/index.html[22m [2m(+308ms)[22m 
[2m12:41:32[22m   [34m├─[39m [2m/en/news/japans-labour-policy-council-discusses-disability-employment-measures-40c2aa59/index.html[22m [2m(+304ms)[22m 
[2m12:41:33[22m   [34m├─[39m [2m/en/news/critique-of-superficial-attitudes-toward-disabled-people-600953c1/index.html[22m [2m(+324ms)[22m 
[2m12:41:33[22m   [34m├─[39m [2m/en/news/audio-failures-in-twitter-spaces-disrupt-access-for-users-with-severe-disabiliti-a415a561/index.html[22m [2m(+280ms)[22m 
[2m12:41:33[22m   [34m├─[39m [2m/en/news/defending-against-unwarranted-disability-labeling-01e7deb9/index.html[22m [2m(+292ms)[22m 
[2m12:41:34[22m   [34m├─[39m [2m/en/news/aspiration-for-disability-employment-or-self-employment-to-enable-travel-cc6e3ea7/index.html[22m [2m(+299ms)[22m 
[2m12:41:34[22m   [34m├─[39m [2m/en/news/philippines-launches-first-locally-made-ai-powered-hearing-screening-device-for--7dce1bd6/index.html[22m [2m(+279ms)[22m 
[2m12:41:34[22m   [34m├─[39m [2m/en/news/japanese-user-discusses-preference-for-disability-employment-path-over-universit-b57fabe3/index.html[22m [2m(+265ms)[22m 
[2m12:41:34[22m   [34m├─[39m [2m/en/news/article-explores-how-accessibility-initiatives-helped-canada-become-a-soccer-pow-e753fa88/index.html[22m [2m(+280ms)[22m 
[2m12:41:35[22m   [34m├─[39m [2m/en/news/tax-notice-sparks-concern-over-financial-discrimination-against-disabled-workers-640c4e89/index.html[22m [2m(+314ms)[22m 
[2m12:41:35[22m   [34m├─[39m [2m/en/news/survival-strategies-for-neurodivergent-workers-in-japans-shipping-industry-496512c9/index.html[22m [2m(+313ms)[22m 
[2m12:41:35[22m   [34m├─[39m [2m/en/news/criticism-of-groups-using-disability-status-to-demand-excessive-accommodations-cc2ce064/index.html[22m [2m(+264ms)[22m 
[2m12:41:36[22m   [34m├─[39m [2m/en/news/user-describes-anxiety-induced-self-harm-and-identifies-as-disabled-afa668ae/index.html[22m [2m(+263ms)[22m 
[2m12:41:36[22m   [34m├─[39m [2m/en/news/user-lists-painful-events-in-a-fictional-setting-involving-memory-disorders-and--a9fff508/index.html[22m [2m(+307ms)[22m 
[2m12:41:36[22m   [34m├─[39m [2m/en/news/subsidy-call-for-improving-disability-support-facilities-in-fy2026-da53dc70/index.html[22m [2m(+314ms)[22m 
[2m12:41:36[22m   [34m├─[39m [2m/en/news/retrofit-for-intellectual-disabilities-criticized-as-unsettling-447ebef1/index.html[22m [2m(+311ms)[22m 
[2m12:41:37[22m   [34m├─[39m [2m/en/news/user-obtains-level-2-mental-disability-certificate-c1181121/index.html[22m [2m(+290ms)[22m 
[2m12:41:37[22m   [34m├─[39m [2m/en/news/criticism-of-organization-paying-disabled-workers-below-minimum-wage-52c7fecb/index.html[22m [2m(+247ms)[22m 
[2m12:41:37[22m   [34m├─[39m [2m/en/news/spinal-cord-injury-survivor-gains-standing-ability-through-driving-rehabilitatio-8d458d28/index.html[22m [2m(+298ms)[22m 
[2m12:41:38[22m   [34m├─[39m [2m/en/news/illumina-college-staff-buys-crystal-amulet-while-highlighting-disability-employm-a0974367/index.html[22m [2m(+309ms)[22m 
[2m12:41:38[22m   [34m├─[39m [2m/en/news/user-expresses-frustration-over-daily-interactions-with-disabled-people-aef96711/index.html[22m [2m(+278ms)[22m 
[2m12:41:38[22m   [34m├─[39m [2m/en/news/smarthr-diverseops-promotes-disabilityinclusive-remote-work-63d1b541/index.html[22m [2m(+274ms)[22m 
[2m12:41:38[22m   [34m├─[39m [2m/en/news/taiwans-first-five-seat-wheelchair-accessible-crafter-welfare-taxi-launched-pion-5edf06b8/index.html[22m [2m(+258ms)[22m 
[2m12:41:39[22m   [34m├─[39m [2m/en/news/new-certification-helps-cities-place-safety-inclusion-accessibility-and-care-at--1d2f671c/index.html[22m [2m(+273ms)[22m 
[2m12:41:39[22m   [34m├─[39m [2m/en/news/airline-disability-training-rules-set-to-improve-accessible-air-travel-715c2a57/index.html[22m [2m(+266ms)[22m 
[2m12:41:39[22m   [34m├─[39m [2m/en/news/inside-tilt-beautys-mission-to-break-accessibility-barriers-the-business-of-fash-aca07e6b/index.html[22m [2m(+272ms)[22m 
[2m12:41:40[22m   [34m├─[39m [2m/en/news/organization-hosts-voter-accessibility-event-in-springfield-ky3-e198937f/index.html[22m [2m(+261ms)[22m 
[2m12:41:40[22m   [34m├─[39m [2m/en/news/recruitment-for-19th-barrier-free-disability-leader-training-in-tokyo-5642f1a4/index.html[22m [2m(+354ms)[22m 
[2m12:41:40[22m   [34m├─[39m [2m/en/news/yilan-creates-human-centered-barrier-free-city-through-road-transformation-2663358f/index.html[22m [2m(+311ms)[22m 
[2m12:41:40[22m   [34m├─[39m [2m/en/news/wcag-22-japanese-translation-updated-aligning-with-isoiec-40500-91db3a55/index.html[22m [2m(+269ms)[22m 
[2m12:41:41[22m   [34m├─[39m [2m/en/news/addressing-accessibility-issues-at-wangxia-mountain-while-balancing-cultural-her-d5b59026/index.html[22m [2m(+308ms)[22m 
[2m12:41:41[22m   [34m├─[39m [2m/en/news/woman-injured-by-lamp-post-in-pingxi-state-compensation-reduced-from-nt466-milli-71478a01/index.html[22m [2m(+294ms)[22m 
[2m12:41:41[22m   [34m├─[39m [2m/en/news/gaad-highlights-web-accessibility-design-for-color-blindness-8c81ccff/index.html[22m [2m(+293ms)[22m 
[2m12:41:42[22m   [34m├─[39m [2m/en/news/milwaukees-first-accessible-theater-opens-its-doors-to-all-f48ace91/index.html[22m [2m(+284ms)[22m 
[2m12:41:42[22m   [34m├─[39m [2m/en/news/video-smart-home-accessibility-upgrades-the-new-york-times-5c312b8a/index.html[22m [2m(+287ms)[22m 
[2m12:41:42[22m   [34m├─[39m [2m/en/news/digital-accessibility-heading-structure-the-university-of-maryland-baltimore-fc85318d/index.html[22m [2m(+269ms)[22m 
[2m12:41:42[22m   [34m├─[39m [2m/en/news/i-dug-through-the-windows-11-insider-builds-for-june-2026-and-found-7-features-w-4434297c/index.html[22m [2m(+310ms)[22m 
[2m12:41:43[22m   [34m├─[39m [2m/en/news/sign-language-interpreter-creates-tactile-cemetery-experience-for-deafblind-comm-1845e9e2/index.html[22m [2m(+261ms)[22m 
[2m12:41:43[22m   [34m├─[39m [2m/en/news/ship-harbor-accessibility-information-national-park-service-gov-d65df0a3/index.html[22m [2m(+283ms)[22m 
[2m12:41:43[22m   [34m├─[39m [2m/en/news/pennsylvania-dcnr-expands-accessibility-tools-across-state-parks-and-forests-wbn-ad39ad0d/index.html[22m [2m(+325ms)[22m 
[2m12:41:44[22m   [34m├─[39m [2m/en/news/wheelchair-adventurer-nick-wilson-discusses-adaptive-outdoor-access-at-abilities-7ddd1672/index.html[22m [2m(+266ms)[22m 
[2m12:41:44[22m   [34m├─[39m [2m/en/news/quadstick-highlighted-as-gaming-accessibility-device-23effcfd/index.html[22m [2m(+270ms)[22m 
[2m12:41:44[22m   [34m├─[39m [2m/en/news/pwds-and-youth-rights-infringed-by-loss-of-human-capital-726b88f5/index.html[22m [2m(+264ms)[22m 
[2m12:41:44[22m   [34m├─[39m [2m/en/news/individual-documents-health-journey-with-chemical-sensitivity-75f991f8/index.html[22m [2m(+287ms)[22m 
[2m12:41:45[22m   [34m├─[39m [2m/en/news/user-compares-personal-appearance-to-disability-in-selfdeprecating-comment-212cd961/index.html[22m [2m(+310ms)[22m 
[2m12:41:45[22m   [34m├─[39m [2m/en/news/pdf-accessibility-at-scale-preview-3abd8efe/index.html[22m [2m(+313ms)[22m 
[2m12:41:45[22m   [34m├─[39m [2m/en/news/book-review-all-acts-of-love-and-pleasure-inclusive-wicca-explores-disability-in-9e2c5703/index.html[22m [2m(+279ms)[22m 
[2m12:41:46[22m   [34m├─[39m [2m/en/news/epic-games-accused-of-ableism-after-nerfing-major-accessibility-feature-e7d46d53/index.html[22m [2m(+271ms)[22m 
[2m12:41:46[22m   [34m├─[39m [2m/en/news/disability-inclusion-is-a-standard-not-a-favor-49f16b00/index.html[22m [2m(+287ms)[22m 
[2m12:41:46[22m   [34m├─[39m [2m/en/news/caregiving-knowledge-shortage-burdens-people-with-disabilities-8784cb3e/index.html[22m [2m(+285ms)[22m 
[2m12:41:46[22m   [34m├─[39m [2m/en/news/morrisons-adds-ostomy-friendly-facilities-in-accessible-toilets-37a69f9f/index.html[22m [2m(+324ms)[22m 
[2m12:41:47[22m   [34m├─[39m [2m/en/news/disability-employment-rate-in-tochigi-prefecture-reaches-new-high-70c608b6/index.html[22m [2m(+299ms)[22m 
[2m12:41:47[22m   [34m├─[39m [2m/en/news/derogatory-tweet-targeting-people-with-disabilities-83334ad6/index.html[22m [2m(+310ms)[22m 
[2m12:41:47[22m   [34m├─[39m [2m/en/news/accessible-whale-watching-trip-highlights-inclusivity-8dfa13df/index.html[22m [2m(+264ms)[22m 
[2m12:41:48[22m   [34m├─[39m [2m/en/news/mental-disability-job-search-anxiety-expressed-a8accd7d/index.html[22m [2m(+283ms)[22m 
[2m12:41:48[22m   [34m├─[39m [2m/en/news/person-with-mental-disability-calls-for-fair-wages-beyond-minimum-pay-15940263/index.html[22m [2m(+319ms)[22m 
[2m12:41:48[22m   [34m├─[39m [2m/en/news/toronto-accessibility-advisory-committee-posts-june-15-meeting-minutes-41d56ede/index.html[22m [2m(+282ms)[22m 
[2m12:41:49[22m   [34m├─[39m [2m/en/news/amtrak-airo-trains-to-offer-improved-accessibility-in-pacific-northwest-14995937/index.html[22m [2m(+261ms)[22m 
[2m12:41:49[22m   [34m├─[39m [2m/en/news/stigmatizing-comment-links-pachinko-players-to-intellectual-disability-79f857f0/index.html[22m [2m(+321ms)[22m 
[2m12:41:49[22m   [34m├─[39m [2m/en/news/school-inclusion-strategies-session-for-ofsted-inspection-936317d2/index.html[22m [2m(+282ms)[22m 
[2m12:41:49[22m   [34m├─[39m [2m/en/news/derogatory-remarks-targeting-people-with-disabilities-c480cb89/index.html[22m [2m(+270ms)[22m 
[2m12:41:50[22m   [34m├─[39m [2m/en/news/victim-reports-stalking-by-man-known-for-targeting-women-with-intellectual-disab-c69281eb/index.html[22m [2m(+291ms)[22m 
[2m12:41:50[22m   [34m├─[39m [2m/en/news/critique-of-fundraising-that-exploits-disabled-people-5e0ea1b6/index.html[22m [2m(+288ms)[22m 
[2m12:41:50[22m   [34m├─[39m [2m/en/news/calling-others-retard-or-disabled-when-angry-harms-the-speakers-own-value-10c88106/index.html[22m [2m(+313ms)[22m 
[2m12:41:51[22m   [34m├─[39m [2m/en/news/concerns-over-superficial-disability-employment-programs-in-japan-e307a6a2/index.html[22m [2m(+292ms)[22m 
[2m12:41:51[22m   [34m├─[39m [2m/en/news/lack-of-wheelchairaccessible-gyms-hinders-disability-sports-in-japan-0f595365/index.html[22m [2m(+289ms)[22m 
[2m12:41:51[22m   [34m├─[39m [2m/en/news/discussion-on-disability-vocational-training-and-workplace-assessments-3f2d6a83/index.html[22m [2m(+318ms)[22m 
[2m12:41:51[22m   [34m├─[39m [2m/en/news/tweet-highlights-misunderstanding-of-disability-norms-9c742782/index.html[22m [2m(+326ms)[22m 
[2m12:41:52[22m   [34m├─[39m [2m/en/news/advocating-for-an-inclusive-society-for-all-regardless-of-disability-0807a7d6/index.html[22m [2m(+300ms)[22m 
[2m12:41:52[22m   [34m├─[39m [2m/en/news/tweet-uses-disability-term-as-insult-d015004c/index.html[22m [2m(+310ms)[22m 
[2m12:41:52[22m   [34m├─[39m [2m/en/news/critique-of-disability-stereotypes-in-social-media-eca2c456/index.html[22m [2m(+316ms)[22m 
[2m12:41:53[22m   [34m├─[39m [2m/en/news/school-staff-lack-disability-expertise-risking-inappropriate-support-class-trans-7ff533f0/index.html[22m [2m(+260ms)[22m 
[2m12:41:53[22m   [34m├─[39m [2m/en/news/developmental-disability-community-discusses-money-perception-and-usage-bb7d94a1/index.html[22m [2m(+328ms)[22m 
[2m12:41:53[22m   [34m├─[39m [2m/en/news/amtrak-station-in-saratoga-springs-is-on-track-for-accessibility-upgrades-ncpr-n-c599f5da/index.html[22m [2m(+247ms)[22m 
[2m12:41:54[22m   [34m├─[39m [2m/en/news/gamers-without-hearing-loss-question-use-of-subtitles-sound-in-apex-legends-df5e8120/index.html[22m [2m(+303ms)[22m 
[2m12:41:54[22m   [34m├─[39m [2m/en/news/bullying-leads-to-ptsd-diagnosis-for-former-student-71bc4d9d/index.html[22m [2m(+299ms)[22m 
[2m12:41:54[22m   [34m├─[39m [2m/en/news/user-discusses-living-with-recognized-disability-amid-financial-strain-20998e70/index.html[22m [2m(+309ms)[22m 
[2m12:41:54[22m   [34m├─[39m [2m/en/news/critique-of-welfare-staff-mistreating-mentally-disabled-workers-d9438972/index.html[22m [2m(+254ms)[22m 
[2m12:41:55[22m   [34m├─[39m [2m/en/news/disabled-persons-offering-at-mass-question-b58736ae/index.html[22m [2m(+323ms)[22m 
[2m12:41:55[22m   [34m├─[39m [2m/en/news/mixed-disability-populations-in-welfare-facilities-lead-to-exploitation-b17c858e/index.html[22m [2m(+281ms)[22m 
[2m12:41:55[22m   [34m├─[39m [2m/en/news/derogatory-claim-links-low-university-rank-to-intellectual-disability-2b3516e3/index.html[22m [2m(+283ms)[22m 
[2m12:41:56[22m   [34m├─[39m [2m/en/news/individual-expresses-frustration-over-adhd-diagnosis-and-unwanted-disability-lab-ced133a6/index.html[22m [2m(+253ms)[22m 
[2m12:41:56[22m   [34m├─[39m [2m/en/news/user-reports-backlash-after-transitioning-from-disability-employment-quota-to-ge-0ef144bf/index.html[22m [2m(+295ms)[22m 
[2m12:41:56[22m   [34m├─[39m [2m/en/news/user-considers-leaving-art-college-disability-welfare-facility-due-to-study-diff-c9df54ef/index.html[22m [2m(+299ms)[22m 
[2m12:41:56[22m   [34m├─[39m [2m/en/news/discussion-on-defining-disability-86021f2a/index.html[22m [2m(+286ms)[22m 
[2m12:41:57[22m   [34m├─[39m [2m/en/news/disabled-user-expresses-fear-of-nighttime-walks-996536df/index.html[22m [2m(+274ms)[22m 
[2m12:41:57[22m   [34m├─[39m [2m/en/news/parents-of-disabled-children-may-develop-mental-disability-or-deny-own-condition-bfc694cf/index.html[22m [2m(+282ms)[22m 
[2m12:41:57[22m   [34m├─[39m [2m/en/news/user-claims-intellectual-disability-drives-political-beliefs-98d9ed61/index.html[22m [2m(+283ms)[22m 
[2m12:41:58[22m   [34m├─[39m [2m/en/news/pennsylvania-makes-state-parks-and-forests-more-accessible-for-all-visitors-b306d6be/index.html[22m [2m(+279ms)[22m 
[2m12:41:58[22m   [34m├─[39m [2m/en/news/critique-of-copying-western-inclusive-education-in-japan-f559c612/index.html[22m [2m(+263ms)[22m 
[2m12:41:58[22m   [34m├─[39m [2m/en/news/claim-that-intellectually-disabled-people-lack-love-6735d9da/index.html[22m [2m(+283ms)[22m 
[2m12:41:58[22m   [34m├─[39m [2m/en/news/limited-real-life-encounters-with-disabled-people-de48afa8/index.html[22m [2m(+309ms)[22m 
[2m12:41:59[22m   [34m├─[39m [2m/en/news/workplace-adjustments-for-a-developmental-disability-employee-9950bc79/index.html[22m [2m(+266ms)[22m 
[2m12:41:59[22m   [34m├─[39m [2m/en/news/individual-reports-decades-long-ptsd-from-school-bullying-9c11feba/index.html[22m [2m(+325ms)[22m 
[2m12:41:59[22m   [34m├─[39m [2m/en/news/derogatory-tweet-compares-person-to-disabled-individual-7af50fca/index.html[22m [2m(+310ms)[22m 
[2m12:42:00[22m   [34m├─[39m [2m/en/news/encouragement-for-disability-community-in-fitness-daf79d05/index.html[22m [2m(+245ms)[22m 
[2m12:42:00[22m   [34m├─[39m [2m/en/news/user-self-identifies-as-disabled-in-a-derogatory-tweet-27f95acc/index.html[22m [2m(+311ms)[22m 
[2m12:42:00[22m   [34m├─[39m [2m/en/news/user-mocks-severe-disability-in-offensive-tweet-5881c6e2/index.html[22m [2m(+317ms)[22m 
[2m12:42:01[22m   [34m├─[39m [2m/en/news/discussion-on-writing-styles-for-people-with-disabilities-64e1bedd/index.html[22m [2m(+257ms)[22m 
[2m12:42:01[22m   [34m├─[39m [2m/en/news/sound-transit-launches-accessibility-and-wayfinding-upgrades-for-summer-of-socce-33ead977/index.html[22m [2m(+302ms)[22m 
[2m12:42:01[22m   [34m├─[39m [2m/en/news/challenges-in-mental-disability-employment-and-social-expectations-639e8087/index.html[22m [2m(+341ms)[22m 
[2m12:42:01[22m   [34m├─[39m [2m/en/news/armitage-dog-park-reopens-after-safety-and-accessibility-expansions-funded-by-pa-b54e5d31/index.html[22m [2m(+291ms)[22m 
[2m12:42:02[22m   [34m├─[39m [2m/en/news/new-long-term-care-regulation-for-foreign-professionals-and-dependents-takes-eff-a8ac9dc1/index.html[22m [2m(+227ms)[22m 
[2m12:42:02[22m   [34m├─[39m [2m/en/news/report-persons-with-disabilities-must-be-included-in-un-climate-negotiations-c43620c3/index.html[22m [2m(+293ms)[22m 
[2m12:42:02[22m   [34m├─[39m [2m/en/news/edge-public-expands-cooperative-contract-portfolio-with-digital-accessibility-so-f67406f0/index.html[22m [2m(+318ms)[22m 
[2m12:42:03[22m   [34m├─[39m [2m/en/news/june-30-long-term-care-new-regulation-takes-effect-foreign-talent-enjoy-equal-tr-839aa7e1/index.html[22m [2m(+319ms)[22m 
[2m12:42:03[22m   [34m├─[39m [2m/en/news/man-leaves-27-properties-with-nt2-million-debt-disabled-daughters-renunciation-o-21e19745/index.html[22m [2m(+270ms)[22m 
[2m12:42:03[22m   [34m├─[39m [2m/en/news/easiaccess-shares-case-studies-on-accessible-modular-solutions-03b544c2/index.html[22m [2m(+328ms)[22m 
[2m12:42:03[22m   [34m├─[39m [2m/en/news/disabled-person-says-disability-does-not-excuse-wrongdoing-78bce4f1/index.html[22m [2m(+290ms)[22m 
[2m12:42:04[22m   [34m├─[39m [2m/en/news/disability-handbook-renewal-vs-self-support-documentation-72705f56/index.html[22m [2m(+274ms)[22m 
[2m12:42:04[22m   [34m├─[39m [2m/en/news/user-seeks-disability-part-time-job-e2d743b9/index.html[22m [2m(+308ms)[22m 
[2m12:42:04[22m   [34m├─[39m [2m/en/news/ecb-launches-cricket-cities-inclusion-festival-and-tapeball-world-cup-2026-a35bb01a/index.html[22m [2m(+270ms)[22m 
[2m12:42:05[22m   [34m├─[39m [2m/en/news/user-reacts-to-harsh-tone-in-disability-community-discussions-bad4f0b0/index.html[22m [2m(+277ms)[22m 
[2m12:42:05[22m   [34m├─[39m [2m/en/news/disabled-otaku-returns-home-after-pachinko-session-044a2a7d/index.html[22m [2m(+260ms)[22m 
[2m12:42:05[22m   [34m├─[39m [2m/en/news/chatgpt5-and-disability-hashtag-tweet-2e79d067/index.html[22m [2m(+304ms)[22m 
[2m12:42:05[22m   [34m├─[39m [2m/en/news/user-critiques-arrogant-behavior-of-some-disabled-individuals-d6dc4a1a/index.html[22m [2m(+319ms)[22m 
[2m12:42:06[22m   [34m├─[39m [2m/en/news/2026-commemoration-focuses-on-mapping-barriers-for-economic-inclusion-50e33a98/index.html[22m [2m(+279ms)[22m 
[2m12:42:06[22m   [34m├─[39m [2m/en/news/karnataka-high-court-mandates-universal-accessibility-for-buildings-6a8685ab/index.html[22m [2m(+254ms)[22m 
[2m12:42:06[22m   [34m├─[39m [2m/en/news/person-with-mental-disability-certificate-uses-jr-discount-for-yamanashi-trip-b02695f2/index.html[22m [2m(+285ms)[22m 
[2m12:42:07[22m   [34m├─[39m [2m/en/news/user-plans-to-renew-disability-certificate-at-local-city-hall-332ba572/index.html[22m [2m(+291ms)[22m 
[2m12:42:07[22m   [34m├─[39m [2m/en/news/parent-shares-experience-accessing-child-development-support-services-be6bc21f/index.html[22m [2m(+299ms)[22m 
[2m12:42:07[22m   [34m├─[39m [2m/en/news/user-insults-product-users-as-disabled-and-tells-them-to-die-dfea35a6/index.html[22m [2m(+280ms)[22m 
[2m12:42:07[22m   [34m├─[39m [2m/en/news/research-highlights-challenges-and-policies-for-mental-disability-community-tran-d0767a02/index.html[22m [2m(+283ms)[22m 
[2m12:42:08[22m   [34m├─[39m [2m/en/news/speaking-loudly-can-be-counterproductive-in-disability-welfare-bbddf51f/index.html[22m [2m(+288ms)[22m 
[2m12:42:08[22m   [34m├─[39m [2m/en/news/hateful-tweet-targeting-a-disabled-person-f2f5ad0f/index.html[22m [2m(+273ms)[22m 
[2m12:42:08[22m   [34m├─[39m [2m/en/news/user-urges-compassion-toward-disabled-amid-viral-disability-pension-post-346c8067/index.html[22m [2m(+294ms)[22m 
[2m12:42:09[22m   [34m├─[39m [2m/en/news/discussion-on-disability-pension-stigma-in-japan-e4c01882/index.html[22m [2m(+289ms)[22m 
[2m12:42:09[22m   [34m├─[39m [2m/en/news/sapphire-finishing-mills-receives-diamond-recognition-award-for-disability-inclu-4db65257/index.html[22m [2m(+289ms)[22m 
[2m12:42:09[22m   [34m├─[39m [2m/en/news/reflecting-on-a-decade-of-inclusive-and-universal-design-discourse-bdde94ff/index.html[22m [2m(+300ms)[22m 
[2m12:42:09[22m   [34m├─[39m [2m/en/news/question-about-disability-related-teasing-on-qa-site-f916af2b/index.html[22m [2m(+294ms)[22m 
[2m12:42:10[22m   [34m├─[39m [2m/en/news/article-advises-against-excessive-effort-for-people-with-disabilities-a83eb520/index.html[22m [2m(+275ms)[22m 
[2m12:42:10[22m   [34m├─[39m [2m/en/news/user-discusses-challenges-with-disability-employment-types-and-preferred-part-ti-1199cee7/index.html[22m [2m(+313ms)[22m 
[2m12:42:10[22m   [34m├─[39m [2m/en/news/mental-health-disability-workers-compensation-claims-exceed-1000-in-japan-da87ba7c/index.html[22m [2m(+303ms)[22m 
[2m12:42:11[22m   [34m├─[39m [2m/en/news/call-to-stop-disabilityfocused-bro-culture-aff6571f/index.html[22m [2m(+288ms)[22m 
[2m12:42:11[22m   [34m├─[39m [2m/en/news/siha-network-celebrates-board-members-election-to-un-crpd-5dee9313/index.html[22m [2m(+286ms)[22m 
[2m12:42:11[22m   [34m├─[39m [2m/en/news/reiwa-shinsengumi-advocates-for-hospital-care-dispatch-for-disaster-victims-and--611d7992/index.html[22m [2m(+308ms)[22m 
[2m12:42:12[22m   [34m├─[39m [2m/en/news/global-healthcare-innovation-highlights-accessibility-and-digital-wellness-fa901373/index.html[22m [2m(+287ms)[22m 
[2m12:42:12[22m   [34m├─[39m [2m/en/news/discussion-on-disability-discrimination-and-human-rights-violations-eefdc668/index.html[22m [2m(+280ms)[22m 
[2m12:42:12[22m   [34m├─[39m [2m/en/news/interfaith-pride-fest-2026-in-hyderabad-includes-accessibility-in-dialogue-ec74e743/index.html[22m [2m(+263ms)[22m 
[2m12:42:12[22m   [34m├─[39m [2m/en/news/online-developmental-disability-self-advocacy-meeting-announced-df495736/index.html[22m [2m(+285ms)[22m 
[2m12:42:13[22m   [34m├─[39m [2m/en/news/iifl-home-finance-csr-initiative-supports-childrens-education-and-mobility-acces-78057756/index.html[22m [2m(+306ms)[22m 
[2m12:42:13[22m   [34m├─[39m [2m/en/news/mental-health-disability-pension-recipient-shares-passion-for-soccer-amid-world--876f6689/index.html[22m [2m(+317ms)[22m 
[2m12:42:13[22m   [34m├─[39m [2m/en/news/concerns-over-depression-diagnosis-in-mild-intellectual-disability-5058a89e/index.html[22m [2m(+279ms)[22m 
[2m12:42:14[22m   [34m├─[39m [2m/en/news/osaka-prison-launches-model-program-to-support-social-reintegration-of-inmates-w-6ac347d5/index.html[22m [2m(+247ms)[22m 
[2m12:42:14[22m   [34m├─[39m [2m/en/news/online-developmental-disability-study-group-shifts-communication-to-new-account-05e99aed/index.html[22m [2m(+269ms)[22m 
[2m12:42:14[22m   [34m├─[39m [2m/en/news/individual-shares-personal-experience-of-living-with-developmental-disability-224b4083/index.html[22m [2m(+286ms)[22m 
[2m12:42:14[22m   [34m├─[39m [2m/en/news/actress-shin-mina-to-portray-visually-impaired-character-in-new-project-ce3fe603/index.html[22m [2m(+320ms)[22m 
[2m12:42:15[22m   [34m├─[39m [2m/en/news/googles-addy-osmani-releases-free-web-quality-skills-pack-including-accessibilit-b19cf545/index.html[22m [2m(+292ms)[22m 
[2m12:42:15[22m   [34m├─[39m [2m/en/news/frontend-developer-moyomade-emphasizes-accessible-web-development-d6d98f89/index.html[22m [2m(+290ms)[22m 
[2m12:42:15[22m   [34m├─[39m [2m/en/news/discussion-of-asd-personality-disorder-overlap-and-welfare-perceptions-807dbace/index.html[22m [2m(+285ms)[22m 
[2m12:42:16[22m   [34m├─[39m [2m/en/news/japanese-user-discusses-disability-employment-after-three-years-of-unemployment-558cb99e/index.html[22m [2m(+321ms)[22m 
[2m12:42:16[22m   [34m├─[39m [2m/en/news/guidelines-on-balancing-treatment-and-employment-for-people-with-disabilities-216c12c1/index.html[22m [2m(+313ms)[22m 
[2m12:42:16[22m   [34m├─[39m [2m/en/news/why-people-with-mental-disabilities-are-asked-to-pursue-recovery-f4bf16e5/index.html[22m [2m(+314ms)[22m 
[2m12:42:16[22m   [34m├─[39m [2m/en/news/nurse-deputy-head-comments-on-borderline-intelligence-and-disability-perception-14b8685b/index.html[22m [2m(+273ms)[22m 
[2m12:42:17[22m   [34m├─[39m [2m/en/news/concerns-over-inclusion-bases-for-children-with-disabilities-324b232c/index.html[22m [2m(+313ms)[22m 
[2m12:42:17[22m   [34m├─[39m [2m/en/news/osaka-vermeer-exhibition-offers-half-price-entry-for-disabled-visitors-and-compa-ce3a2e2f/index.html[22m [2m(+318ms)[22m 
[2m12:42:17[22m   [34m├─[39m [2m/en/news/web-accessibility-textbook-publication-event-announced-653bfd0a/index.html[22m [2m(+295ms)[22m 
[2m12:42:18[22m   [34m├─[39m [2m/en/news/doctor-suggests-hiring-people-with-disabilities-user-questions-availability-93483221/index.html[22m [2m(+292ms)[22m 
[2m12:42:18[22m   [34m├─[39m [2m/en/news/user-claims-elon-musks-actions-impact-disabled-community-8db952b1/index.html[22m [2m(+312ms)[22m 
[2m12:42:18[22m   [34m├─[39m [2m/en/news/barrier-free-ai-utilization-training-highlighted-as-business-opportunity-6b053649/index.html[22m [2m(+451ms)[22m 
[2m12:42:19[22m   [34m├─[39m [2m/en/news/concerns-raised-over-conduct-of-worker-hired-via-disability-employment-quota-e51b42ad/index.html[22m [2m(+297ms)[22m 
[2m12:42:19[22m   [34m├─[39m [2m/en/news/concerns-raised-over-lack-of-foot-over-bridge-at-biocon-hebbagodi-metro-station-451ec504/index.html[22m [2m(+250ms)[22m 
[2m12:42:19[22m   [34m├─[39m [2m/en/news/mental-health-roi-measurement-gap-in-companies-8a5449bf/index.html[22m [2m(+300ms)[22m 
[2m12:42:20[22m   [34m├─[39m [2m/en/news/new-book-explores-disability-psychology-for-understanding-and-support-25f80af5/index.html[22m [2m(+287ms)[22m 
[2m12:42:20[22m   [34m├─[39m [2m/en/news/user-expresses-pride-in-being-disabled-f328ae78/index.html[22m [2m(+294ms)[22m 
[2m12:42:20[22m   [34m├─[39m [2m/en/news/south-africa-reaffirms-disability-inclusion-commitment-at-cosp19-d30f0856/index.html[22m [2m(+275ms)[22m 
[2m12:42:20[22m   [34m├─[39m [2m/en/news/user-shares-daily-life-with-developmental-and-intellectual-disabilities-2038c0ba/index.html[22m [2m(+303ms)[22m 
[2m12:42:21[22m   [34m├─[39m [2m/en/news/user-expresses-feeling-excluded-from-neet-gaming-community-due-to-disability-ee0d266b/index.html[22m [2m(+359ms)[22m 
[2m12:42:21[22m   [34m├─[39m [2m/en/news/wheelchair-entrepreneur-leverages-ai-and-government-internship-for-global-expans-95c54857/index.html[22m [2m(+293ms)[22m 
[2m12:42:21[22m   [34m├─[39m [2m/en/news/personal-reflection-on-living-near-someone-with-psychiatric-disability-b1668afc/index.html[22m [2m(+294ms)[22m 
[2m12:42:22[22m   [34m├─[39m [2m/en/news/limited-job-options-for-a-person-with-mental-disability-after-failed-high-school-8ab36856/index.html[22m [2m(+294ms)[22m 
[2m12:42:22[22m   [34m├─[39m [2m/en/news/disability-pension-payment-deposited-into-non-taxable-welfare-savings-1c0900e3/index.html[22m [2m(+284ms)[22m 
[2m12:42:22[22m   [34m├─[39m [2m/en/news/study-on-recovery-of-personhood-for-persons-with-disabilities-through-community--27ab92ba/index.html[22m [2m(+332ms)[22m 
[2m12:42:23[22m   [34m├─[39m [2m/en/news/disability-dental-care-access-delayed-in-yokohama-043d92df/index.html[22m [2m(+319ms)[22m 
[2m12:42:23[22m   [34m├─[39m [2m/en/news/consumer-questions-taste-impairment-after-drinking-burdock-tea-9f8c89d6/index.html[22m [2m(+261ms)[22m 
[2m12:42:23[22m   [34m├─[39m [2m/en/news/ai-suggests-barrier-free-tourism-as-business-opportunity-453db5a3/index.html[22m [2m(+258ms)[22m 
[2m12:42:23[22m   [34m├─[39m [2m/en/news/labour-market-inclusion-highlights-need-for-collective-voice-for-persons-with-di-177ebc0a/index.html[22m [2m(+301ms)[22m 
[2m12:42:24[22m   [34m├─[39m [2m/en/news/depressive-symptoms-linked-to-shorter-healthy-lifespan-in-older-adults-138f2094/index.html[22m [2m(+281ms)[22m 
[2m12:42:24[22m   [34m├─[39m [2m/en/news/sign-language-municipality-meeting-scheduled-for-june-10-683cc8cd/index.html[22m [2m(+287ms)[22m 
[2m12:42:24[22m   [34m├─[39m [2m/en/news/455k-to-improve-autism-assessment-and-diagnosis-3125ef42/index.html[22m [2m(+250ms)[22m 
[2m12:42:25[22m   [34m├─[39m [2m/en/news/sony-highlights-accessibility-advances-at-gaad-2026-59c1c4a3/index.html[22m [2m(+303ms)[22m 
[2m12:42:25[22m   [34m├─[39m [2m/en/news/kgi-life-taipei-customer-service-center-hardware-and-software-dual-track-upgrade-d2898504/index.html[22m [2m(+279ms)[22m 
[2m12:42:25[22m   [34m├─[39m [2m/en/news/canada-pledges-inclusion-of-persons-with-disabilities-at-un-2b435d88/index.html[22m [2m(+294ms)[22m 
[2m12:42:25[22m   [34m├─[39m [2m/en/news/kgi-life-taipei-customer-service-center-upgrades-accessible-service-sets-new-ben-0f574f25/index.html[22m [2m(+295ms)[22m 
[2m12:42:26[22m   [34m├─[39m [2m/en/news/dihua-leisure-sports-park-upgraded-again-taipei-public-works-bureau-allocates-nt-1ce8d5ba/index.html[22m [2m(+287ms)[22m 
[2m12:42:26[22m   [34m├─[39m [2m/en/news/disabled-people-with-lifelong-conditions-facing-unnecessary-pip-reassessments-a8b420d4/index.html[22m [2m(+259ms)[22m 
[2m12:42:26[22m   [34m├─[39m [2m/en/news/blind-youth-faces-over-a-thousand-job-rejections-starts-accessible-services-firm-537670bc/index.html[22m [2m(+319ms)[22m 
[2m12:42:27[22m   [34m├─[39m [2m/en/news/excitement-for-global-accessibility-awareness-day-4c201fb9/index.html[22m [2m(+298ms)[22m 
[2m12:42:27[22m   [34m├─[39m [2m/en/news/half-of-women-with-back-pain-report-mental-health-strain-2851261c/index.html[22m [2m(+281ms)[22m 
[2m12:42:27[22m   [34m├─[39m [2m/en/news/submission-on-disability-support-services-bill-d50326dc/index.html[22m [2m(+294ms)[22m 
[2m12:42:27[22m   [34m├─[39m [2m/en/news/unwilling-to-inherit-hsinchu-man-leaves-27-properties-wife-attempts-to-renounce--34b7c9a8/index.html[22m [2m(+267ms)[22m 
[2m12:42:28[22m   [34m├─[39m [2m/en/news/el-paso-man-regains-independence-after-accessibility-renovations-transform-home--fa797135/index.html[22m [2m(+313ms)[22m 
[2m12:42:28[22m   [34m├─[39m [2m/en/news/el-paso-man-regains-independence-after-accessibility-renovations-transform-home--9e93504d/index.html[22m [2m(+279ms)[22m 
[2m12:42:28[22m   [34m├─[39m [2m/en/news/accessibility-meetup-planned-in-nihonbashi-a228d577/index.html[22m [2m(+292ms)[22m 
[2m12:42:29[22m   [34m├─[39m [2m/en/news/accessibility-event-promoted-in-kansai-with-a11yosaka-2d561d82/index.html[22m [2m(+294ms)[22m 
[2m12:42:29[22m   [34m├─[39m [2m/en/news/smart-accessibility-event-announced-for-july-24-2485c2df/index.html[22m [2m(+282ms)[22m 
[2m12:42:29[22m   [34m├─[39m [2m/en/news/accessibility-meetup-and-lightning-talks-in-tokyo-34d40de0/index.html[22m [2m(+287ms)[22m 
[2m12:42:29[22m   [34m├─[39m [2m/en/news/accessibility-conference-announced-for-okinawa-a425ed4a/index.html[22m [2m(+291ms)[22m 
[2m12:42:30[22m   [34m├─[39m [2m/en/news/declining-enrollment-in-japans-special-support-schools-as-families-choose-inclus-a65a4991/index.html[22m [2m(+306ms)[22m 
[2m12:42:30[22m   [34m├─[39m [2m/en/news/elderly-artisan-creates-pouches-from-scraps-at-disability-workshop-80277456/index.html[22m [2m(+312ms)[22m 
[2m12:42:30[22m   [34m├─[39m [2m/en/news/disability-pension-increase-offset-by-welfare-reduction-d135d728/index.html[22m [2m(+319ms)[22m 
[2m12:42:31[22m   [34m├─[39m [2m/en/news/epara-showcases-barrier-free-e-sports-at-tokyo-disability-matching-festival-72ee6024/index.html[22m [2m(+303ms)[22m 
[2m12:42:31[22m   [34m├─[39m [2m/en/news/disaster-prevention-handbook-for-people-with-disabilities-published-in-saitama-k-258bf9fe/index.html[22m [2m(+294ms)[22m 
[2m12:42:31[22m   [34m├─[39m [2m/en/news/concerns-over-reduced-disability-pension-and-living-confidence-e8a3eef8/index.html[22m [2m(+275ms)[22m 
[2m12:42:32[22m   [34m├─[39m [2m/en/news/questioning-the-inclusivity-of-inclusion-initiatives-b01d4621/index.html[22m [2m(+258ms)[22m 
[2m12:42:32[22m   [34m├─[39m [2m/en/news/physical-accessibility-barriers-in-video-gaming-081aa2bd/index.html[22m [2m(+309ms)[22m 
[2m12:42:32[22m   [34m├─[39m [2m/en/news/iglesia-ni-cristos-cfo-cares-event-celebrates-inclusion-for-differentlyabled-d6a0a1dd/index.html[22m [2m(+277ms)[22m 
[2m12:42:32[22m   [34m├─[39m [2m/en/news/disability-group-home-worker-reports-missing-paid-leave-in-final-paycheck-eb4eb550/index.html[22m [2m(+289ms)[22m 
[2m12:42:33[22m   [34m├─[39m [2m/en/news/hateful-tweet-targeting-disabled-individuals-38ca959c/index.html[22m [2m(+285ms)[22m 
[2m12:42:33[22m   [34m├─[39m [2m/en/news/praised-accessibility-area-at-southampton-guildhall-d132adbc/index.html[22m [2m(+241ms)[22m 
[2m12:42:33[22m   [34m├─[39m [2m/en/news/critique-of-suggestion-to-assign-low-pay-jobs-to-disabled-people-deb524df/index.html[22m [2m(+258ms)[22m 
[2m12:42:34[22m   [34m├─[39m [2m/en/news/disability-discrimination-comments-highlight-need-for-increased-staff-and-budget-07ebb6c9/index.html[22m [2m(+290ms)[22m 
[2m12:42:34[22m   [34m├─[39m [2m/en/news/freen-promotes-happiness-and-community-inclusion-f13a0376/index.html[22m [2m(+314ms)[22m 
[2m12:42:34[22m   [34m├─[39m [2m/en/news/accessibility-drives-technology-adoption-15a1c821/index.html[22m [2m(+252ms)[22m 
[2m12:42:34[22m   [34m├─[39m [2m/en/news/openstage-ai-platform-launches-for-inclusive-entertainment-90abb66d/index.html[22m [2m(+277ms)[22m 
[2m12:42:35[22m   [34m├─[39m [2m/en/news/japanese-imperial-family-members-discuss-sign-language-use-with-kyrgyz-deaf-comm-a190c301/index.html[22m [2m(+284ms)[22m 
[2m12:42:35[22m   [34m├─[39m [2m/en/news/discussion-on-financial-independence-for-people-with-disabilities-3b6cea9d/index.html[22m [2m(+271ms)[22m 
[2m12:42:35[22m   [34m├─[39m [2m/en/news/skegness-raceway-announces-fathers-day-event-with-accessibility-details-6177ab16/index.html[22m [2m(+298ms)[22m 
[2m12:42:35[22m   [34m├─[39m [2m/en/news/discussion-on-classism-privilege-and-accessibility-in-gaming-8898b4e8/index.html[22m [2m(+293ms)[22m 
[2m12:42:36[22m   [34m├─[39m [2m/en/news/employee-misreads-5000-yen-bill-as-10000-yen-8e470ab6/index.html[22m [2m(+285ms)[22m 
[2m12:42:36[22m   [34m├─[39m [2m/en/news/encouraging-employment-for-all-abilities-c22c90e7/index.html[22m [2m(+281ms)[22m 
[2m12:42:36[22m   [34m├─[39m [2m/en/news/debate-over-paralympic-eligibility-for-self-identified-disabled-athletes-504c9533/index.html[22m [2m(+268ms)[22m 
[2m12:42:37[22m   [34m├─[39m [2m/en/news/user-receives-celebration-from-a-person-with-disability-1a7160f7/index.html[22m [2m(+266ms)[22m 
[2m12:42:37[22m   [34m├─[39m [2m/en/news/disabled-person-critiques-exploitation-of-kindness-0f11b3cb/index.html[22m [2m(+310ms)[22m 
[2m12:42:37[22m   [34m├─[39m [2m/en/news/tweet-discusses-narcissistic-personality-disorder-7c967cff/index.html[22m [2m(+280ms)[22m 
[2m12:42:37[22m   [34m├─[39m [2m/en/news/tweet-mocks-a-disabled-person-7e30b9c1/index.html[22m [2m(+325ms)[22m 
[2m12:42:38[22m   [34m├─[39m [2m/en/news/experiences-living-in-a-disability-group-home-3859f52d/index.html[22m [2m(+284ms)[22m 
[2m12:42:38[22m   [34m├─[39m [2m/en/news/tweet-mentions-disabled-people-among-other-groups-e8befa1e/index.html[22m [2m(+274ms)[22m 
[2m12:42:38[22m   [34m├─[39m [2m/en/news/condemnation-of-historical-bullying-against-disabled-people-in-japan-a14676d6/index.html[22m [2m(+282ms)[22m 
[2m12:42:39[22m   [34m├─[39m [2m/en/news/discussion-of-disabled-athletes-and-brain-disability-links-to-mental-illness-2222ae86/index.html[22m [2m(+294ms)[22m 
[2m12:42:39[22m   [34m├─[39m [2m/en/news/forced-participation-of-disabled-students-in-school-activities-reported-8e839d17/index.html[22m [2m(+301ms)[22m 
[2m12:42:39[22m   [34m├─[39m [2m/en/news/comment-dismisses-opinion-of-intellectually-disabled-reiwa-supporter-12b2e118/index.html[22m [2m(+325ms)[22m 
[2m12:42:40[22m   [34m├─[39m [2m/en/news/ocd-portrayal-discussed-in-film-the-woman-who-announces-death-6f1d6f94/index.html[22m [2m(+289ms)[22m 
[2m12:42:40[22m   [34m├─[39m [2m/en/news/critique-of-equating-disability-adversity-points-with-gender-based-exam-frames-6fe00cdf/index.html[22m [2m(+300ms)[22m 
[2m12:42:40[22m   [34m├─[39m [2m/en/news/derogatory-tweet-about-three-disabled-people-forming-a-trio-6c7c679a/index.html[22m [2m(+388ms)[22m 
[2m12:42:41[22m   [34m├─[39m [2m/en/news/discussion-of-disabled-persons-response-in-music-listening-context-f98126b4/index.html[22m [2m(+306ms)[22m 
[2m12:42:41[22m   [34m├─[39m [2m/en/news/rising-costs-impact-disability-facilities-in-saitama-24fd1079/index.html[22m [2m(+264ms)[22m 
[2m12:42:41[22m   [34m├─[39m [2m/en/news/user-labels-themselves-as-disabled-while-discussing-splatoon-performance-a4b6a931/index.html[22m [2m(+329ms)[22m 
[2m12:42:41[22m   [34m├─[39m [2m/en/news/claim-that-railway-enthusiasts-are-disabled-and-potential-criminals-90bcb4ca/index.html[22m [2m(+281ms)[22m 
[2m12:42:42[22m   [34m├─[39m [2m/en/news/argument-against-issuing-licenses-to-people-with-low-iq-ccc01b22/index.html[22m [2m(+298ms)[22m 
[2m12:42:42[22m   [34m├─[39m [2m/en/news/user-reflects-on-disability-certification-and-loss-of-hobbies-f84475ea/index.html[22m [2m(+264ms)[22m 
[2m12:42:42[22m   [34m├─[39m [2m/en/news/a-word-of-warning-about-blueys-wild-world-at-disneys-animal-kingdom-976816f9/index.html[22m [2m(+270ms)[22m 
[2m12:42:43[22m   [34m├─[39m [2m/en/news/the-guardian-view-on-disability-rights-the-removal-of-legal-safeguards-brings-ri-d927279e/index.html[22m [2m(+281ms)[22m 
[2m12:42:43[22m   [34m├─[39m [2m/en/news/voice-navigation-assistant-a836fa61/index.html[22m [2m(+356ms)[22m 
[2m12:42:43[22m   [34m├─[39m [2m/en/news/unique-cincinnati-event-focuses-on-accessibility-through-hands-on-experiences-f9f3a784/index.html[22m [2m(+268ms)[22m 
[2m12:42:43[22m   [34m├─[39m [2m/en/news/user-states-they-are-truly-disabled-425d7d65/index.html[22m [2m(+297ms)[22m 
[2m12:42:44[22m   [34m├─[39m [2m/en/news/user-questions-alleged-hate-speech-toward-disabled-persons-39a5f58a/index.html[22m [2m(+332ms)[22m 
[2m12:42:44[22m   [34m├─[39m [2m/en/news/mr-abdul-raquman-hired-as-customer-service-associate-at-trends-417936b5/index.html[22m [2m(+274ms)[22m 
[2m12:42:44[22m   [34m├─[39m [2m/en/news/fumi-clinic-becomes-barrier-free-supports-childrens-cafeteria-3347a2b8/index.html[22m [2m(+285ms)[22m 
[2m12:42:45[22m   [34m├─[39m [2m/en/news/fifa-president-gianni-infantino-highlights-inclusion-and-diversity-in-football-7984ea85/index.html[22m [2m(+308ms)[22m 
[2m12:42:45[22m   [34m├─[39m [2m/en/news/debate-over-segregated-facilities-for-disabled-children-298e78aa/index.html[22m [2m(+297ms)[22m 
[2m12:42:45[22m   [34m├─[39m [2m/en/news/clinic-praised-for-being-barrier-free-in-tv-drama-53abd598/index.html[22m [2m(+303ms)[22m 
[2m12:42:46[22m   [34m├─[39m [2m/en/news/20-years-of-barrier-free-law-progress-and-remaining-obstacles-b5991ff8/index.html[22m [2m(+295ms)[22m 
[2m12:42:46[22m   [34m├─[39m [2m/en/news/clinic-becomes-barrierfree-improving-accessibility-for-all-visitors-77e597fd/index.html[22m [2m(+306ms)[22m 
[2m12:42:46[22m   [34m├─[39m [2m/en/news/disabled-individual-questions-government-role-in-school-placement-dbada897/index.html[22m [2m(+314ms)[22m 
[2m12:42:46[22m   [34m├─[39m [2m/en/news/barrier-free-accessibility-improvements-highlighted-6e196edc/index.html[22m [2m(+285ms)[22m 
[2m12:42:47[22m   [34m├─[39m [2m/en/news/critique-of-companies-exploiting-disability-employment-for-subsidies-5d2755fb/index.html[22m [2m(+296ms)[22m 
[2m12:42:47[22m   [34m├─[39m [2m/en/news/acceptance-of-disabled-employees-who-can-work-normally-c0d00f44/index.html[22m [2m(+334ms)[22m 
[2m12:42:47[22m   [34m├─[39m [2m/en/news/criticism-of-job-mismatches-for-workers-with-mental-disabilities-0922f78d/index.html[22m [2m(+254ms)[22m 
[2m12:42:48[22m   [34m├─[39m [2m/en/news/flexible-part-time-job-with-disability-employment-benefits-7ab7e867/index.html[22m [2m(+296ms)[22m 
[2m12:42:48[22m   [34m├─[39m [2m/en/news/wheelchair-user-reports-lack-of-barrier-free-access-at-botanical-garden-42649095/index.html[22m [2m(+325ms)[22m 
[2m12:42:48[22m   [34m├─[39m [2m/en/news/hospital-reports-barrier-free-improvements-48e06be7/index.html[22m [2m(+318ms)[22m 
[2m12:42:49[22m   [34m├─[39m [2m/en/news/discussion-of-disability-benefits-and-online-earnings-55c584f2/index.html[22m [2m(+295ms)[22m 
[2m12:42:49[22m   [34m├─[39m [2m/en/news/warning-against-alcohol-during-pregnancy-linked-to-disability-stigma-55b47686/index.html[22m [2m(+253ms)[22m 
[2m12:42:49[22m   [34m├─[39m [2m/en/news/barrier-free-improvements-reported-34ff113f/index.html[22m [2m(+351ms)[22m 
[2m12:42:49[22m   [34m├─[39m [2m/en/news/slope-added-for-barrier-free-access-f1c684c3/index.html[22m [2m(+303ms)[22m 
[2m12:42:50[22m   [34m├─[39m [2m/en/news/barrier-free-improvements-noted-in-japanese-drama-7f9a152d/index.html[22m [2m(+301ms)[22m 
[2m12:42:50[22m   [34m├─[39m [2m/en/news/barrier-free-improvement-noted-in-japanese-drama-discussion-8de47963/index.html[22m [2m(+308ms)[22m 
[2m12:42:50[22m   [34m├─[39m [2m/en/news/barrier-free-improvement-noted-in-japanese-drama-discussion-5de2b3f1/index.html[22m [2m(+310ms)[22m 
[2m12:42:51[22m   [34m├─[39m [2m/en/news/barrier-free-improvement-noted-in-japanese-drama-discussion-278f368d/index.html[22m [2m(+287ms)[22m 
[2m12:42:51[22m   [34m├─[39m [2m/en/news/barrier-free-initiative-brings-joy-811ea40d/index.html[22m [2m(+336ms)[22m 
[2m12:42:51[22m   [34m├─[39m [2m/en/news/japanese-drama-series-becomes-barrier-free-df2f51c0/index.html[22m [2m(+331ms)[22m 
[2m12:42:52[22m   [34m├─[39m [2m/en/news/near-miss-on-a-step-highlights-ongoing-barrierfree-concerns-989dd5c2/index.html[22m [2m(+297ms)[22m 
[2m12:42:52[22m   [34m├─[39m [2m/en/news/actor-prepares-for-disability-role-with-detailed-training-4792d954/index.html[22m [2m(+251ms)[22m 
[2m12:42:52[22m   [34m├─[39m [2m/en/news/barrier-free-advancements-benefit-children-a3ae8a42/index.html[22m [2m(+275ms)[22m 
[2m12:42:52[22m   [34m├─[39m [2m/en/news/barrier-free-improvements-noted-6524624e/index.html[22m [2m(+259ms)[22m 
[2m12:42:53[22m   [34m├─[39m [2m/en/news/hospital-reports-barrier-free-upgrades-65c1730d/index.html[22m [2m(+294ms)[22m 
[2m12:42:53[22m   [34m├─[39m [2m/en/news/speculation-on-barrier-free-changes-bd9c1b28/index.html[22m [2m(+294ms)[22m 
[2m12:42:53[22m   [34m├─[39m [2m/en/news/barrier-free-improvement-noted-in-tv-drama-b3bf4280/index.html[22m [2m(+283ms)[22m 
[2m12:42:54[22m   [34m├─[39m [2m/en/news/slope-installation-highlights-barrier-free-access-97ba854f/index.html[22m [2m(+260ms)[22m 
[2m12:42:54[22m   [34m├─[39m [2m/en/news/hollywood-scene-depicts-intellectually-disabled-partner-amid-political-commentar-11a702f3/index.html[22m [2m(+314ms)[22m 
[2m12:42:54[22m   [34m├─[39m [2m/en/news/barrier-free-improvements-praised-in-japanese-drama-0d55bbcf/index.html[22m [2m(+262ms)[22m 
[2m12:42:54[22m   [34m├─[39m [2m/en/news/barrier-free-mention-in-japanese-drama-discussion-3fbb00ef/index.html[22m [2m(+333ms)[22m 
[2m12:42:55[22m   [34m├─[39m [2m/en/news/clinic-becomes-barrier-free-praised-in-japanese-drama-context-4cd18671/index.html[22m [2m(+287ms)[22m 
[2m12:42:55[22m   [34m├─[39m [2m/en/news/tv-drama-adopts-barrier-free-specifications-b03208d6/index.html[22m [2m(+288ms)[22m 
[2m12:42:55[22m   [34m├─[39m [2m/en/news/drama-series-undergoes-extensive-barrier-free-improvements-2733a0de/index.html[22m [2m(+306ms)[22m 
[2m12:42:56[22m   [34m├─[39m [2m/en/news/drama-series-becomes-barrier-free-466234a6/index.html[22m [2m(+325ms)[22m 
[2m12:42:56[22m   [34m├─[39m [2m/en/news/barrier-free-improvement-noted-d1e9a131/index.html[22m [2m(+263ms)[22m 
[2m12:42:56[22m   [34m├─[39m [2m/en/news/viewer-with-disability-shares-thoughts-on-drama-gift-conclusion-a1bf5d62/index.html[22m [2m(+288ms)[22m 
[2m12:42:57[22m   [34m├─[39m [2m/en/news/walking-journey-update-with-stroke-and-hemiplegia-rehab-3b79ba1d/index.html[22m [2m(+257ms)[22m 
[2m12:42:57[22m   [34m├─[39m [2m/en/news/family-support-aids-stroke-recovery-d65de4b0/index.html[22m [2m(+267ms)[22m 
[2m12:42:57[22m   [34m├─[39m [2m/en/news/disability-based-ad-hominem-criticism-condemned-7dfac23e/index.html[22m [2m(+316ms)[22m 
[2m12:42:57[22m   [34m├─[39m [2m/en/news/father-of-disabled-daughter-condemns-harassing-remarks-a9ac6b3e/index.html[22m [2m(+371ms)[22m 
[2m12:42:58[22m   [34m├─[39m [2m/en/news/japanese-mayors-discuss-disability-welfare-services-ee14c5f3/index.html[22m [2m(+288ms)[22m 
[2m12:42:58[22m   [34m├─[39m [2m/en/news/frustration-over-disability-employment-quota-comments-64a381d5/index.html[22m [2m(+278ms)[22m 
[2m12:42:58[22m   [34m├─[39m [2m/en/news/disability-workshop-sees-wage-increases-and-bonuses-praised-by-supporter-d4466f1a/index.html[22m [2m(+270ms)[22m 
[2m12:42:59[22m   [34m├─[39m [2m/en/news/empire-state-of-mind-feat-alicia-keys-captioned-video-released-on-cctubes-c0fc6244/index.html[22m [2m(+284ms)[22m 
[2m12:42:59[22m   [34m├─[39m [2m/en/news/news-claim-removing-barrier-free-features-helps-elderly-walk-a7f187d6/index.html[22m [2m(+310ms)[22m 
[2m12:42:59[22m   [34m├─[39m [2m/en/news/blind-accessibility-mod-released-for-street-fighter-6-d36e6406/index.html[22m [2m(+295ms)[22m 
[2m12:42:59[22m   [34m├─[39m [2m/en/news/disability-pension-eligibility-questioned-as-national-health-insurance-starts-at-89855814/index.html[22m [2m(+261ms)[22m 
[2m12:43:00[22m   [34m├─[39m [2m/en/news/companies-prefer-physical-or-intellectual-disability-over-mental-disability-in-h-2b30a18e/index.html[22m [2m(+306ms)[22m 
[2m12:43:00[22m   [34m├─[39m [2m/en/news/research-identifies-brain-region-linked-to-bipolar-disorder-cause-738725cf/index.html[22m [2m(+295ms)[22m 
[2m12:43:00[22m   [34m├─[39m [2m/en/news/mental-disability-handbook-does-not-preclude-data-based-discussion-experts-say-e23803f7/index.html[22m [2m(+317ms)[22m 
[2m12:43:01[22m   [34m├─[39m [2m/en/news/intellectual-disability-referenced-in-controversial-monarchy-tweet-c42de641/index.html[22m [2m(+352ms)[22m 
[2m12:43:01[22m   [34m├─[39m [2m/en/news/disability-sports-mentioned-in-comment-on-tv-drama-ending-64569567/index.html[22m [2m(+382ms)[22m 
[2m12:43:01[22m   [34m├─[39m [2m/en/news/debate-over-adding-barrier-free-features-to-cultural-heritage-sites-a79bf13e/index.html[22m [2m(+290ms)[22m 
[2m12:43:02[22m   [34m├─[39m [2m/en/news/inclusion-and-belonging-advocacy-b05db246/index.html[22m [2m(+265ms)[22m 
[2m12:43:02[22m   [34m├─[39m [2m/en/news/monk-with-visual-impairment-denied-welfare-due-to-savings-rule-00776442/index.html[22m [2m(+270ms)[22m 
[2m12:43:02[22m   [34m├─[39m [2m/en/news/andstar-030-releases-major-accessibility-improvements-3f6dcf2d/index.html[22m [2m(+317ms)[22m 
[2m12:43:03[22m   [34m├─[39m [2m/en/news/rent-concerns-for-people-with-disabilities-living-alone-25150adf/index.html[22m [2m(+318ms)[22m 
[2m12:43:03[22m   [34m├─[39m [2m/en/news/encouraging-mental-health-consultation-and-leave-for-adjustment-disorder-20288a78/index.html[22m [2m(+282ms)[22m 
[2m12:43:03[22m   [34m├─[39m [2m/en/news/tokyo-disabled-horse-riding-association-event-concludes-successfully-a41d0b58/index.html[22m [2m(+256ms)[22m 
[2m12:43:03[22m   [34m├─[39m [2m/en/news/advocacy-for-inclusive-society-where-disabled-can-thrive-0b10507e/index.html[22m [2m(+328ms)[22m 
[2m12:43:04[22m   [34m├─[39m [2m/en/news/personal-reflection-on-living-with-a-disabled-parent-23e53869/index.html[22m [2m(+316ms)[22m 
[2m12:43:04[22m   [34m├─[39m [2m/en/news/suginami-ward-accused-of-paying-disabled-workers-half-minimum-wage-ae1c85e4/index.html[22m [2m(+304ms)[22m 
[2m12:43:04[22m   [34m├─[39m [2m/en/news/critique-of-hypothetical-policies-targeting-elderly-and-disabled-f6e97805/index.html[22m [2m(+315ms)[22m 
[2m12:43:05[22m   [34m├─[39m [2m/en/news/inclusive-education-requires-individualized-support-not-just-placement-7e054c22/index.html[22m [2m(+323ms)[22m 
[2m12:43:05[22m   [34m├─[39m [2m/en/news/distress-triggered-by-disability-welfare-webpage-731e3360/index.html[22m [2m(+296ms)[22m 
[2m12:43:05[22m   [34m├─[39m [2m/en/news/discussion-of-disability-and-the-help-mark-symbol-49b659c8/index.html[22m [2m(+311ms)[22m 
[2m12:43:06[22m   [34m├─[39m [2m/en/news/anime-scene-highlights-dissociative-disorder-representation-a3e6054d/index.html[22m [2m(+459ms)[22m 
[2m12:43:06[22m   [34m├─[39m [2m/en/news/june-14-update-on-disabled-baseball-event-in-osaka-87760f6d/index.html[22m [2m(+285ms)[22m 
[2m12:43:06[22m   [34m├─[39m [2m/en/news/person-with-physical-disability-shares-thoughts-on-wheelchair-rugby-drama-and-no-7683e836/index.html[22m [2m(+242ms)[22m 
[2m12:43:07[22m   [34m├─[39m [2m/en/news/advocacy-for-active-euthanasia-for-people-with-developmental-disabilities-bfc41dc0/index.html[22m [2m(+305ms)[22m 
[2m12:43:07[22m   [34m├─[39m [2m/en/news/removal-of-pedestrian-overpass-on-guan-road-in-nuannuan-district-19b18512/index.html[22m [2m(+292ms)[22m 
[2m12:43:07[22m   [34m├─[39m [2m/en/news/desire-expressed-for-integrated-welfare-facility-for-disabled-and-vulnerable-gro-a6ff2045/index.html[22m [2m(+260ms)[22m 
[2m12:43:07[22m   [34m├─[39m [2m/en/news/critique-of-barrier-free-law-impacts-on-train-car-layout-3626cab4/index.html[22m [2m(+308ms)[22m 
[2m12:43:08[22m   [34m├─[39m [2m/en/news/claim-that-girls-admitted-via-quota-are-intellectually-disabled-db39d506/index.html[22m [2m(+287ms)[22m 
[2m12:43:08[22m   [34m├─[39m [2m/en/news/charity-music-festival-supports-disability-employment-in-chiba-cad7c2c4/index.html[22m [2m(+297ms)[22m 
[2m12:43:08[22m   [34m├─[39m [2m/en/news/cogikids-adds-accessibility-labels-and-sound-toggle-for-screen-reader-support-7dbcbc09/index.html[22m [2m(+268ms)[22m 
[2m12:43:09[22m   [34m├─[39m [2m/en/news/criticism-of-companies-hiring-foreigners-over-disabled-japanese-workers-a6312efa/index.html[22m [2m(+310ms)[22m 
[2m12:43:09[22m   [34m├─[39m [2m/en/news/para-cyclist-wins-wc2-class-at-inclusive-bicycle-race-33fec51d/index.html[22m [2m(+282ms)[22m 
[2m12:43:09[22m   [34m├─[39m [2m/en/news/user-expresses-ongoing-unhappiness-after-leaving-disability-only-program-553ce9c0/index.html[22m [2m(+271ms)[22m 
[2m12:43:09[22m   [34m├─[39m [2m/en/news/employee-considers-disability-employment-amid-early-onset-dementia-concerns-72a0d0b6/index.html[22m [2m(+303ms)[22m 
[2m12:43:10[22m   [34m├─[39m [2m/en/news/accessibility-stream-live-covers-wwdc2026-accessibility-features-ef1f12c9/index.html[22m [2m(+268ms)[22m 
[2m12:43:10[22m   [34m├─[39m [2m/en/news/disability-group-home-in-kyoto-shares-rainy-season-update-897fa499/index.html[22m [2m(+298ms)[22m 
[2m12:43:10[22m   [34m├─[39m [2m/en/news/person-with-disabled-relative-criticizes-patronizing-help-2535d86f/index.html[22m [2m(+228ms)[22m 
[2m12:43:11[22m   [34m├─[39m [2m/en/news/critique-of-sheltered-workshops-for-disabled-workers-dd20ef4e/index.html[22m [2m(+315ms)[22m 
[2m12:43:11[22m   [34m├─[39m [2m/en/news/individual-receives-level-2-disability-pension-funds-directed-to-welfare-repayme-43539148/index.html[22m [2m(+294ms)[22m 
[2m12:43:11[22m   [34m├─[39m [2m/en/news/disability-households-face-high-food-insecurity-despite-welfare-measures-e8226fa1/index.html[22m [2m(+305ms)[22m 
[2m12:43:11[22m   [34m├─[39m [2m/en/news/reflections-on-working-in-japans-disability-employment-quota-65336c62/index.html[22m [2m(+290ms)[22m 
[2m12:43:12[22m   [34m├─[39m [2m/en/news/groundbreaking-for-ading-community-activity-centre-suao-creates-new-all-age-frie-b583e36a/index.html[22m [2m(+299ms)[22m 
[2m12:43:12[22m   [34m├─[39m [2m/en/news/critique-of-the-term-inclusive-0bf9e5bc/index.html[22m [2m(+312ms)[22m 
[2m12:43:12[22m   [34m├─[39m [2m/en/news/uiux-career-opportunities-include-accessibility-audits-f88fbbd5/index.html[22m [2m(+317ms)[22m 
[2m12:43:13[22m   [34m├─[39m [2m/en/news/encouraging-empathy-and-inclusivity-for-people-with-disabilities-60c00dad/index.html[22m [2m(+251ms)[22m 
[2m12:43:13[22m   [34m├─[39m [2m/en/news/student-with-intellectual-disability-faces-bullying-in-regular-class-fc24c9fd/index.html[22m [2m(+332ms)[22m 
[2m12:43:13[22m   [34m├─[39m [2m/en/news/comparing-vulgar-slot-to-disability-quota-highlights-discrimination-99b3c1e7/index.html[22m [2m(+302ms)[22m 
[2m12:43:14[22m   [34m├─[39m [2m/en/news/statement-on-disability-identity-46740352/index.html[22m [2m(+264ms)[22m 
[2m12:43:14[22m   [34m├─[39m [2m/en/news/digital-textbooks-aid-visually-impaired-students-0d2ecb40/index.html[22m [2m(+276ms)[22m 
[2m12:43:14[22m   [34m├─[39m [2m/en/news/user-discovers-online-purchase-of-disability-discount-train-tickets-8d8fc731/index.html[22m [2m(+295ms)[22m 
[2m12:43:14[22m   [34m├─[39m [2m/en/news/japans-longstanding-issues-include-disability-discrimination-6deb7e75/index.html[22m [2m(+267ms)[22m 
[2m12:43:15[22m   [34m├─[39m [2m/en/news/inclusive-care-facility-work-highlighted-in-saku-city-30af6eaa/index.html[22m [2m(+279ms)[22m 
[2m12:43:15[22m   [34m├─[39m [2m/en/news/hateful-eugenic-remarks-target-people-with-mental-disabilities-dda7adf4/index.html[22m [2m(+259ms)[22m 
[2m12:43:15[22m   [34m├─[39m [2m/en/news/instagram-search-displays-offensive-images-of-disabled-people-b682a60b/index.html[22m [2m(+279ms)[22m 
[2m12:43:15[22m   [34m├─[39m [2m/en/news/disabled-users-condemn-able-bodied-mockery-and-exploitation-41a627b4/index.html[22m [2m(+296ms)[22m 
[2m12:43:16[22m   [34m├─[39m [2m/en/news/reports-of-severe-disability-bullying-in-japanese-schools-20c790a4/index.html[22m [2m(+282ms)[22m 
[2m12:43:16[22m   [34m├─[39m [2m/en/news/ai-accessibility-making-tools-usable-for-everyone-78c02452/index.html[22m [2m(+279ms)[22m 
[2m12:43:16[22m   [34m├─[39m [2m/en/news/visually-impaired-runner-completes-honolulu-marathon-with-guide-dog-a6478d65/index.html[22m [2m(+301ms)[22m 
[2m12:43:17[22m   [34m├─[39m [2m/en/news/hotel-braille-signage-misconception-challenged-f9554868/index.html[22m [2m(+303ms)[22m 
[2m12:43:17[22m   [34m├─[39m [2m/en/news/discrimination-against-people-with-disabilities-highlighted-in-japanese-tweet-1e6e20a4/index.html[22m [2m(+298ms)[22m 
[2m12:43:17[22m   [34m├─[39m [2m/en/news/user-criticizes-noisy-restaurant-patrons-as-severely-disabled-2e756872/index.html[22m [2m(+330ms)[22m 
[2m12:43:18[22m   [34m├─[39m [2m/en/news/psychiatrist-discusses-guilt-experienced-by-caregivers-of-persons-with-mental-di-f9823dca/index.html[22m [2m(+300ms)[22m 
[2m12:43:18[22m   [34m├─[39m [2m/en/news/user-thanks-disability-certificate-for-free-grocery-delivery-e2905248/index.html[22m [2m(+320ms)[22m 
[2m12:43:18[22m   [34m├─[39m [2m/en/news/wheelchair-user-shares-positive-experience-at-ion-mall-65bebfba/index.html[22m [2m(+332ms)[22m 
[2m12:43:19[22m   [34m├─[39m [2m/en/news/debate-over-use-of-priority-seating-for-medical-appointments-by-people-with-disa-11f0c4c9/index.html[22m [2m(+342ms)[22m 
[2m12:43:19[22m   [34m├─[39m [2m/en/news/speculation-about-nonakas-involvement-in-intellectual-disability-facility-06270613/index.html[22m [2m(+277ms)[22m 
[2m12:43:19[22m   [34m├─[39m [2m/en/news/community-integrated-care-system-includes-disability-welfare-resources-82520311/index.html[22m [2m(+311ms)[22m 
[2m12:43:19[22m   [34m├─[39m [2m/en/news/criticism-of-event-described-as-targeting-people-with-intellectual-disabilities-004e691d/index.html[22m [2m(+257ms)[22m 
[2m12:43:20[22m   [34m├─[39m [2m/en/news/modi-government-highlights-accessibility-improvements-in-indias-health-sector-599b8312/index.html[22m [2m(+308ms)[22m 
[2m12:43:20[22m   [34m├─[39m [2m/en/news/worker-expresses-frustration-over-staff-reductions-impacting-disabled-colleague-14cc747e/index.html[22m [2m(+253ms)[22m 
[2m12:43:20[22m   [34m├─[39m [2m/en/news/user-questions-value-of-disability-certificate-due-to-accessibility-barriers-ce7c87f1/index.html[22m [2m(+289ms)[22m 
[2m12:43:21[22m   [34m├─[39m [2m/en/news/international-albinism-awareness-day-advocates-for-rights-and-inclusion-c1cfaf69/index.html[22m [2m(+311ms)[22m 
[2m12:43:21[22m   [34m├─[39m [2m/en/news/inclusive-education-framed-as-essential-against-exclusive-competition-e1c7cfb0/index.html[22m [2m(+307ms)[22m 
[2m12:43:21[22m   [34m├─[39m [2m/en/news/proposal-to-expand-affirmative-action-quotas-to-include-disability-groups-3a5c080a/index.html[22m [2m(+299ms)[22m 
[2m12:43:21[22m   [34m├─[39m [2m/en/news/new-disability-employment-review-site-shonavi-launched-c6a93e57/index.html[22m [2m(+274ms)[22m 
[2m12:43:22[22m   [34m├─[39m [2m/en/news/statement-claims-disabled-people-are-their-own-enemy-e9c7345c/index.html[22m [2m(+300ms)[22m 
[2m12:43:22[22m   [34m├─[39m [2m/en/news/user-searches-for-lost-disability-handbook-ac9d33e0/index.html[22m [2m(+333ms)[22m 
[2m12:43:22[22m   [34m├─[39m [2m/en/news/bullying-of-boy-with-foot-injury-highlights-disability-harassment-9fe37f63/index.html[22m [2m(+288ms)[22m 
[2m12:43:23[22m   [34m├─[39m [2m/en/news/samsung-one-ui-9-beta-introduces-enhanced-accessibility-features-71c0e82a/index.html[22m [2m(+313ms)[22m 
[2m12:43:23[22m   [34m├─[39m [2m/en/news/critique-of-accessibility-efforts-in-air-travel-and-banking-f81a0e9e/index.html[22m [2m(+261ms)[22m 
[2m12:43:23[22m   [34m├─[39m [2m/en/news/barrier-free-childrens-book-my-elephant-selected-by-ibby-for-blind-readers-411dcb51/index.html[22m [2m(+261ms)[22m 
[2m12:43:23[22m   [34m├─[39m [2m/en/news/okinawa-accessibility-event-expands-on-site-seating-066a54a8/index.html[22m [2m(+292ms)[22m 
[2m12:43:24[22m   [34m├─[39m [2m/en/news/german-praises-taiwan-mrt-cleanliness-and-safety-bayer-taiwan-ceo-gives-highest--9e83bbfd/index.html[22m [2m(+294ms)[22m 
[2m12:43:24[22m   [34m├─[39m [2m/en/news/migrant-workers-protest-in-rain-over-overwork-urge-inclusion-in-long-term-care-w-e35a6bfe/index.html[22m [2m(+293ms)[22m 
[2m12:43:24[22m   [34m├─[39m [2m/en/news/konnex-world-highlighted-for-accessibility-focus-in-web3-innovation-59a9839b/index.html[22m [2m(+277ms)[22m 
[2m12:43:25[22m   [34m├─[39m [2m/en/news/writer-and-politician-discusses-support-for-disabled-offenders-a1a37aef/index.html[22m [2m(+304ms)[22m 
[2m12:43:25[22m   [34m├─[39m [2m/en/news/debate-over-removal-of-color-categories-in-j-logo-sparks-universal-design-talk-d0f83486/index.html[22m [2m(+295ms)[22m 
[2m12:43:25[22m   [34m├─[39m [2m/en/news/seating-disabled-individuals-with-minimal-accommodation-preferred-over-sleeping--e2c1380e/index.html[22m [2m(+300ms)[22m 
[2m12:43:26[22m   [34m├─[39m [2m/en/news/web3-platform-konnex-highlighted-for-accessibility-focus-ec8204e3/index.html[22m [2m(+258ms)[22m 
[2m12:43:26[22m   [34m├─[39m [2m/en/news/report-on-repeat-offenders-with-higher-brain-dysfunction-in-japanese-prisons-c484a983/index.html[22m [2m(+328ms)[22m 
[2m12:43:26[22m   [34m├─[39m [2m/en/news/ux-framework-emphasizes-accessibility-in-design-process-3bbe922b/index.html[22m [2m(+304ms)[22m 
[2m12:43:26[22m   [34m├─[39m [2m/en/news/observer-labels-womans-speech-as-indicative-of-intellectual-disability-ce4d0e01/index.html[22m [2m(+293ms)[22m 
[2m12:43:27[22m   [34m├─[39m [2m/en/news/konnex-highlights-accessibility-in-web3-adoption-886cbed5/index.html[22m [2m(+242ms)[22m 
[2m12:43:27[22m   [34m├─[39m [2m/en/news/zoom-lecture-on-diverse-coexistence-society-say-yes-to-differences-bacf737c/index.html[22m [2m(+291ms)[22m 
[2m12:43:27[22m   [34m├─[39m [2m/en/news/disability-pension-fraud-raises-concerns-over-accountability-b94ce312/index.html[22m [2m(+295ms)[22m 
[2m12:43:28[22m   [34m├─[39m [2m/en/news/a-silent-voice-highlights-lack-of-disability-acceptance-in-schools-b77a74eb/index.html[22m [2m(+298ms)[22m 
[2m12:43:28[22m   [34m├─[39m [2m/en/news/group-home-incident-highlights-disability-related-behavioral-challenges-4fa3600b/index.html[22m [2m(+267ms)[22m 
[2m12:43:28[22m   [34m├─[39m [2m/en/news/japans-higher-brain-dysfunction-support-law-takes-effect-april-2026-32cb138a/index.html[22m [2m(+339ms)[22m 
[2m12:43:28[22m   [34m├─[39m [2m/en/news/japan-enacts-higher-brain-dysfunction-support-law-in-december-2025-f06b06cd/index.html[22m [2m(+291ms)[22m 
[2m12:43:29[22m   [34m├─[39m [2m/en/news/debate-over-separate-classrooms-for-disabled-and-non-disabled-children-2f26c0c8/index.html[22m [2m(+303ms)[22m 
[2m12:43:29[22m   [34m├─[39m [2m/en/news/adjustment-disorder-is-not-laziness-says-lived-experience-3531d737/index.html[22m [2m(+298ms)[22m 
[2m12:43:29[22m   [34m├─[39m [2m/en/news/tokyo-metropolitan-disability-dance-competition-live-stream-announced-ff2e94a7/index.html[22m [2m(+299ms)[22m 
[2m12:43:30[22m   [34m├─[39m [2m/en/news/efforts-to-protect-intellectually-disabled-individuals-mentioned-8667603f/index.html[22m [2m(+297ms)[22m 
[2m12:43:30[22m   [34m├─[39m [2m/en/news/criticism-of-disability-certificate-privilege-claims-in-philippines-e760ebc1/index.html[22m [2m(+268ms)[22m 
[2m12:43:30[22m   [34m├─[39m [2m/en/news/reference-to-a-disabled-individual-in-a-traffic-related-comment-2fc6eb4e/index.html[22m [2m(+306ms)[22m 
[2m12:43:31[22m   [34m├─[39m [2m/en/news/tokyo-disability-dance-concert-held-at-tokyo-gymnasium-c056fb22/index.html[22m [2m(+292ms)[22m 
[2m12:43:31[22m   [34m├─[39m [2m/en/news/disability-community-members-exchange-contacts-for-employment-networking-8084f326/index.html[22m [2m(+396ms)[22m 
[2m12:43:31[22m   [34m├─[39m [2m/en/news/derogatory-comment-equates-anime-fans-with-disability-ea507ee1/index.html[22m [2m(+288ms)[22m 
[2m12:43:32[22m   [34m├─[39m [2m/en/news/user-reports-no-fatigue-despite-bad-weather-mentions-depression-and-mental-disab-4c8ecb19/index.html[22m [2m(+268ms)[22m 
[2m12:43:32[22m   [34m├─[39m [2m/en/news/user-urges-jra-to-expand-paper-ticket-sales-for-intellectually-disabled-patrons--8f55029c/index.html[22m [2m(+269ms)[22m 
[2m12:43:32[22m   [34m├─[39m [2m/en/news/two-stations-add-level-crossings-as-part-of-barrierfree-upgrades-5c1789d7/index.html[22m [2m(+271ms)[22m 
[2m12:43:32[22m   [34m├─[39m [2m/en/news/disabled-individuals-achieve-unexpected-victory-7f5b4569/index.html[22m [2m(+300ms)[22m 
[2m12:43:33[22m   [34m├─[39m [2m/en/news/hostile-tweet-targets-person-with-intellectual-disability-434f311e/index.html[22m [2m(+304ms)[22m 
[2m12:43:33[22m   [34m├─[39m [2m/en/news/disabled-fans-criticize-baseball-players-effort-then-player-responds-with-hustle-64c98700/index.html[22m [2m(+291ms)[22m 
[2m12:43:33[22m   [34m├─[39m [2m/en/news/japan-mandates-qualifications-and-training-for-disability-group-home-managers-ee351319/index.html[22m [2m(+313ms)[22m 
[2m12:43:34[22m   [34m├─[39m [2m/en/news/wheelchair-seating-support-at-inclusive-baseball-event-67a1952d/index.html[22m [2m(+271ms)[22m 
[2m12:43:34[22m   [34m├─[39m [2m/en/news/barrier-free-funk-event-on-obc-radio-osaka-c9050694/index.html[22m [2m(+287ms)[22m 
[2m12:43:34[22m   [34m├─[39m [2m/en/news/argument-that-government-should-hire-disabled-workers-not-private-companies-9b250d7b/index.html[22m [2m(+272ms)[22m 
[2m12:43:34[22m   [34m├─[39m [2m/en/news/passes-digital-accessibility-advisor-basic-certification-a279900e/index.html[22m [2m(+275ms)[22m 
[2m12:43:35[22m   [34m├─[39m [2m/en/news/advocating-for-inclusive-education-for-children-who-dont-fit-standard-molds-c356b2b4/index.html[22m [2m(+264ms)[22m 
[2m12:43:35[22m   [34m├─[39m [2m/en/news/community-disaster-drill-embraces-inclusive-practices-06c7d2a9/index.html[22m [2m(+265ms)[22m 
[2m12:43:35[22m   [34m├─[39m [2m/en/news/couple-navigates-daily-life-with-one-partners-physical-disability-64f62d64/index.html[22m [2m(+299ms)[22m 
[2m12:43:35[22m   [34m├─[39m [2m/en/news/personal-experience-highlights-positive-impact-of-physically-disabled-individual-80f80352/index.html[22m [2m(+273ms)[22m 
[2m12:43:36[22m   [34m├─[39m [2m/en/news/question-raised-about-earning-income-from-disability-allowance-880cf85a/index.html[22m [2m(+254ms)[22m 
[2m12:43:36[22m   [34m├─[39m [2m/en/news/lawmakers-push-for-disabled-children-in-regular-schools-faces-backlash-over-teac-9283d15f/index.html[22m [2m(+310ms)[22m 
[2m12:43:36[22m   [34m├─[39m [2m/en/news/debate-arises-over-human-rights-of-those-harmed-by-dangerous-disabled-persons-c1d77bfe/index.html[22m [2m(+316ms)[22m 
[2m12:43:37[22m   [34m├─[39m [2m/en/news/questioning-stereotypes-about-disability-behavior-3672601a/index.html[22m [2m(+269ms)[22m 
[2m12:43:37[22m   [34m├─[39m [2m/en/news/critique-of-lack-of-followthrough-on-disability-school-improvements-c2833c97/index.html[22m [2m(+275ms)[22m 
[2m12:43:37[22m   [34m├─[39m [2m/en/news/web3-platform-konnex-emphasizes-accessibility-for-future-growth-4ee1bf7f/index.html[22m [2m(+259ms)[22m 
[2m12:43:37[22m   [34m├─[39m [2m/en/news/solar-lighting-installation-improves-accessibility-in-frenaros-public-spaces-3c1ecebd/index.html[22m [2m(+277ms)[22m 
[2m12:43:38[22m   [34m├─[39m [2m/en/news/japans-barrier-free-law-marks-20-years-gains-and-remaining-barriers-6f265c28/index.html[22m [2m(+271ms)[22m 
[2m12:43:38[22m   [34m├─[39m [2m/en/news/video-description-added-for-anime-music-video-featuring-susan-lien-whigham-e150707f/index.html[22m [2m(+276ms)[22m 
[2m12:43:38[22m   [34m├─[39m [2m/en/news/video-description-of-susans-outfit-and-movements-fcf887a0/index.html[22m [2m(+268ms)[22m 
[2m12:43:39[22m   [34m├─[39m [2m/en/news/video-description-of-susans-outfit-and-movements-3e519899/index.html[22m [2m(+285ms)[22m 
[2m12:43:39[22m   [34m├─[39m [2m/en/news/video-description-of-susans-outfit-and-movements-68be1a11/index.html[22m [2m(+278ms)[22m 
[2m12:43:39[22m   [34m├─[39m [2m/en/news/miaoli-countys-old-house-longevity-plan-launches-on-the-15th-58-of-old-houses-ac-4c17a7cd/index.html[22m [2m(+276ms)[22m 
[2m12:43:39[22m   [34m├─[39m [2m/en/news/what-it-really-feels-like-to-be-a-digital-accessibility-advocate-eb6d4fa8/index.html[22m [2m(+287ms)[22m 
[2m12:43:40[22m   [34m├─[39m [2m/en/news/disabled-world-history-2004-2026-20769978/index.html[22m [2m(+267ms)[22m 
[2m12:43:40[22m   [34m├─[39m [2m/en/news/this-accessibility-app-changed-how-i-approach-any-android-phone-android-police-f0fa8fee/index.html[22m [2m(+322ms)[22m 
[2m12:43:40[22m   [34m├─[39m [2m/en/news/criticism-of-societal-attitudes-toward-disabled-people-974ed8f4/index.html[22m [2m(+277ms)[22m 
[2m12:43:40[22m   [34m├─[39m [2m/en/news/sibahle-national-disability-and-mdntv-launch-youth-arts-campaign-for-mental-heal-cc153da6/index.html[22m [2m(+256ms)[22m 
[2m12:43:41[22m   [34m├─[39m [2m/en/news/poet-with-severe-disability-finds-hope-in-tanka-despite-repeated-rejections-52bf8fbf/index.html[22m [2m(+299ms)[22m 
[2m12:43:41[22m   [34m├─[39m [2m/en/news/small-improvements-boost-station-accessibility-7dad1af1/index.html[22m [2m(+304ms)[22m 
[2m12:43:41[22m   [34m├─[39m [2m/en/news/film-features-girl-with-memory-impairment-1afb2358/index.html[22m [2m(+283ms)[22m 
[2m12:43:42[22m   [34m├─[39m [2m/en/news/saga-prefecture-updates-disability-welfare-service-guidelines-82a23f9c/index.html[22m [2m(+272ms)[22m 
[2m12:43:42[22m   [34m├─[39m [2m/en/news/hateful-remarks-target-people-with-disabilities-5795a8db/index.html[22m [2m(+265ms)[22m 
[2m12:43:42[22m   [34m├─[39m [2m/en/news/french-tv-debate-show-features-unprecedented-number-of-participants-with-mental--3aa25969/index.html[22m [2m(+275ms)[22m 
[2m12:43:42[22m   [34m├─[39m [2m/en/news/adults-allegedly-taught-that-mocking-disabled-people-is-acceptable-in-case-of-mu-35ddc5e6/index.html[22m [2m(+285ms)[22m 
[2m12:43:43[22m   [34m├─[39m [2m/en/news/user-praises-barrier-free-access-at-enoshima-aquarium-62c0fd0e/index.html[22m [2m(+303ms)[22m 
[2m12:43:43[22m   [34m├─[39m [2m/en/news/mother-creates-goods-for-visually-impaired-people-acca0d8e/index.html[22m [2m(+254ms)[22m 
[2m12:43:43[22m   [34m├─[39m [2m/en/news/hateful-tweet-targeting-disabled-person-56958a6a/index.html[22m [2m(+295ms)[22m 
[2m12:43:44[22m   [34m├─[39m [2m/en/news/microsoft-edge-adds-builtin-read-aloud-with-hundreds-of-voices-0d253a3d/index.html[22m [2m(+272ms)[22m 
[2m12:43:44[22m   [34m├─[39m [2m/en/news/international-albinism-awareness-day-2026-proudly-my-skin-099ddcea/index.html[22m [2m(+260ms)[22m 
[2m12:43:44[22m   [34m├─[39m [2m/en/news/japan-introduces-new-qualification-requirements-for-disability-group-home-manage-cf803570/index.html[22m [2m(+277ms)[22m 
[2m12:43:44[22m   [34m├─[39m [2m/en/news/disability-facility-in-tokyo-reports-sexual-harassment-incident-involving-a-user-47716cc4/index.html[22m [2m(+279ms)[22m 
[2m12:43:45[22m   [34m├─[39m [2m/en/news/user-questions-their-mental-instability-and-disability-6d120e43/index.html[22m [2m(+260ms)[22m 
[2m12:43:45[22m   [34m├─[39m [2m/en/news/insult-directed-at-manager-of-disability-support-facility-a8f22815/index.html[22m [2m(+290ms)[22m 
[2m12:43:45[22m   [34m├─[39m [2m/en/news/gamer-suggests-using-accessibility-toggle-for-sprint-key-d72b6c10/index.html[22m [2m(+269ms)[22m 
[2m12:43:45[22m   [34m├─[39m [2m/en/news/nigerian-leader-urges-protection-and-inclusion-for-people-with-albinism-3440e61e/index.html[22m [2m(+297ms)[22m 
[2m12:43:46[22m   [34m├─[39m [2m/en/news/debate-on-parental-responsibility-for-disabled-children-in-japan-1c1762c9/index.html[22m [2m(+266ms)[22m 
[2m12:43:46[22m   [34m├─[39m [2m/en/news/anthropic-pulls-claude-fable-5-mythos-5-offline-impacting-disabled-ai-users-65ae6d8f/index.html[22m [2m(+262ms)[22m 
[2m12:43:46[22m   [34m├─[39m [2m/en/news/blindwarriorsven-urges-screen-reader-support-for-street-fighter-6-65774574/index.html[22m [2m(+310ms)[22m 
[2m12:43:47[22m   [34m├─[39m [2m/en/news/tweet-claims-tokyo-university-has-many-developmental-disability-students-c16e60f7/index.html[22m [2m(+338ms)[22m 
[2m12:43:47[22m   [34m├─[39m [2m/en/news/user-expresses-despair-about-living-with-disability-38701b0c/index.html[22m [2m(+359ms)[22m 
[2m12:43:47[22m   [34m├─[39m [2m/en/news/user-critiques-low-helmet-use-and-predicts-companies-will-ignore-disability-acco-61d00113/index.html[22m [2m(+274ms)[22m 
[2m12:43:48[22m   [34m├─[39m [2m/en/news/home-accessibility-features-can-boost-resale-value-17d09cd3/index.html[22m [2m(+298ms)[22m 
[2m12:43:48[22m   [34m├─[39m [2m/en/news/discussion-links-mild-intellectual-disability-to-bullying-and-criminal-outcomes-f6efc416/index.html[22m [2m(+299ms)[22m 
[2m12:43:48[22m   [34m├─[39m [2m/en/news/discussion-on-return-to-work-challenges-after-mental-health-leave-ae6c8f09/index.html[22m [2m(+293ms)[22m 
[2m12:43:48[22m   [34m├─[39m [2m/en/news/disabled-cat-featured-in-photo-2afd317e/index.html[22m [2m(+307ms)[22m 
[2m12:43:49[22m   [34m├─[39m [2m/en/news/employee-complains-about-accommodations-for-disabled-subordinate-0501879c/index.html[22m [2m(+286ms)[22m 
[2m12:43:49[22m   [34m├─[39m [2m/en/news/critique-of-multi-purpose-toilet-access-for-disabled-people-601431f5/index.html[22m [2m(+304ms)[22m 
[2m12:43:49[22m   [34m├─[39m [2m/en/news/book-on-life-support-for-people-with-mental-disabilities-69e4f77f/index.html[22m [2m(+273ms)[22m 
[2m12:43:50[22m   [34m├─[39m [2m/en/news/user-reports-being-attacked-by-a-group-of-disabled-people-978f9394/index.html[22m [2m(+314ms)[22m 
[2m12:43:50[22m   [34m├─[39m [2m/en/news/user-insults-disabled-people-in-a-gaming-context-0e55e292/index.html[22m [2m(+300ms)[22m 
[2m12:43:50[22m   [34m├─[39m [2m/en/news/user-shares-distress-about-living-with-a-disability-2b16f95e/index.html[22m [2m(+289ms)[22m 
[2m12:43:51[22m   [34m├─[39m [2m/en/news/tweet-calls-for-disappearance-of-disabled-people-5126f67a/index.html[22m [2m(+252ms)[22m 
[2m12:43:51[22m   [34m├─[39m [2m/en/news/tweet-links-anger-to-the-term-disabled-person-11da2266/index.html[22m [2m(+293ms)[22m 
[2m12:43:51[22m   [34m├─[39m [2m/en/news/user-questions-link-between-game-character-eightro-and-disability-909444f3/index.html[22m [2m(+312ms)[22m 
[2m12:43:51[22m   [34m├─[39m [2m/en/news/tweet-references-large-disabled-person-phrase-84a9f794/index.html[22m [2m(+239ms)[22m 
[2m12:43:52[22m   [34m├─[39m [2m/en/news/city-worker-caught-with-forged-disability-handbook-for-theme-park-priority-75438d63/index.html[22m [2m(+269ms)[22m 
[2m12:43:52[22m   [34m├─[39m [2m/en/news/komeito-party-inspects-disability-dental-clinic-4d3f26d7/index.html[22m [2m(+268ms)[22m 
[2m12:43:52[22m   [34m├─[39m [2m/en/news/documentary-on-life-with-deafblind-partner-in-rural-kyoto-c9ebefb2/index.html[22m [2m(+279ms)[22m 
[2m12:43:52[22m   [34m├─[39m [2m/en/news/rural-tweet-implies-ease-of-killing-disabled-person-38d8c956/index.html[22m [2m(+293ms)[22m 
[2m12:43:53[22m   [34m├─[39m [2m/en/news/disabled-author-faces-pressure-not-to-publish-18a38db9/index.html[22m [2m(+271ms)[22m 
[2m12:43:53[22m   [34m├─[39m [2m/en/news/tweet-claims-disabled-people-should-not-have-sex-224c344c/index.html[22m [2m(+270ms)[22m 
[2m12:43:53[22m   [34m├─[39m [2m/en/news/user-receives-physical-disability-handbook-and-outlines-next-steps-b633abb5/index.html[22m [2m(+303ms)[22m 
[2m12:43:54[22m   [34m├─[39m [2m/en/news/employee-disciplined-for-forged-disability-handbook-fraud-fdb5f493/index.html[22m [2m(+261ms)[22m 
[2m12:43:54[22m   [34m├─[39m [2m/en/news/online-harassment-targeting-disabled-individuals-7db2c48d/index.html[22m [2m(+307ms)[22m 
[2m12:43:54[22m   [34m├─[39m [2m/en/news/user-mentions-severe-sleep-disorder-ab5fb288/index.html[22m [2m(+267ms)[22m 
[2m12:43:54[22m   [34m├─[39m [2m/en/news/debate-over-meaningless-disabled-characters-in-media-dfe75aee/index.html[22m [2m(+262ms)[22m 
[2m12:43:55[22m   [34m├─[39m [2m/en/news/reflections-on-mental-disability-and-empathy-ee853d81/index.html[22m [2m(+340ms)[22m 
[2m12:43:55[22m   [34m├─[39m [2m/en/news/questioning-unfair-discrimination-against-disabled-persons-d07ff135/index.html[22m [2m(+284ms)[22m 
[2m12:43:55[22m   [34m├─[39m [2m/en/news/disability-pension-recipient-describes-being-a-pro-neet-44611322/index.html[22m [2m(+343ms)[22m 
[2m12:43:56[22m   [34m├─[39m [2m/en/news/comment-on-discrimination-toward-foreigners-disabled-and-ainu-4529952d/index.html[22m [2m(+258ms)[22m 
[2m12:43:56[22m   [34m├─[39m [2m/en/news/disabled-user-expresses-hopelessness-due-to-perceived-gap-with-non-disabled-peer-8391a44e/index.html[22m [2m(+361ms)[22m 
[2m12:43:56[22m   [34m├─[39m [2m/en/news/hateful-tweet-targeting-disabled-individuals-20d31291/index.html[22m [2m(+266ms)[22m 
[2m12:43:57[22m   [34m├─[39m [2m/en/news/disability-employment-advocate-describes-overtime-due-to-colleagues-mistakes-2cadde30/index.html[22m [2m(+292ms)[22m 
[2m12:43:57[22m   [34m├─[39m [2m/en/news/user-shares-family-experience-involving-developmental-disability-092dc7e8/index.html[22m [2m(+319ms)[22m 
[2m12:43:57[22m   [34m├─[39m [2m/en/news/report-details-abuse-of-intellectually-disabled-teen-by-older-man-4a1124e2/index.html[22m [2m(+276ms)[22m 
[2m12:43:57[22m   [34m├─[39m [2m/en/news/discussion-of-disability-allowance-and-living-expenses-after-surgery-3237714b/index.html[22m [2m(+284ms)[22m 
[2m12:43:58[22m   [34m├─[39m [2m/en/news/adhd-is-a-developmental-disability-not-a-personality-type-a6d33547/index.html[22m [2m(+277ms)[22m 
[2m12:43:58[22m   [34m├─[39m [2m/en/news/disability-and-food-insecurity-in-japans-welfare-system-f5abe834/index.html[22m [2m(+315ms)[22m 
[2m12:43:58[22m   [34m├─[39m [2m/en/news/speakers-call-for-inclusion-at-interfaith-pride-fest-493bf046/index.html[22m [2m(+264ms)[22m 
[2m12:43:59[22m   [34m├─[39m [2m/en/news/fathers-day-gift-ideas-for-dads-with-vision-loss-323e6826/index.html[22m [2m(+351ms)[22m 
[2m12:43:59[22m   [34m├─[39m [2m/en/news/icanconnect-assists-dc-woman-in-staying-connected-after-retirement-f1508929/index.html[22m [2m(+314ms)[22m 
[2m12:43:59[22m   [34m├─[39m [2m/en/news/middle-grade-book-explores-life-with-blind-parents-b4b3d810/index.html[22m [2m(+356ms)[22m 
[2m12:44:00[22m   [34m├─[39m [2m/en/news/advocacy-push-for-alice-cogswell-and-anne-sullivan-macy-act-676c3144/index.html[22m [2m(+334ms)[22m 
[2m12:44:00[22m   [34m├─[39m [2m/en/news/deafblind-community-installs-yarn-bomb-at-innisfil-library-a8a549a0/index.html[22m [2m(+348ms)[22m 
[2m12:44:00[22m   [34m├─[39m [2m/en/news/dot-experience-redefines-global-museum-inclusivity-bc641f43/index.html[22m [2m(+343ms)[22m 
[2m12:44:01[22m   [34m├─[39m [2m/en/news/accessibility-gaps-rash-driving-concerns-leave-disabled-commuters-struggling-the-07d79de8/index.html[22m [2m(+355ms)[22m 
[2m12:44:01[22m   [34m├─[39m [2m/en/news/accessible-summer-reading-programs-for-low-vision-readers-11c6adfd/index.html[22m [2m(+308ms)[22m 
[2m12:44:01[22m   [34m├─[39m [2m/en/news/addressing-employment-challenges-for-blind-individuals-ed4e60b6/index.html[22m [2m(+338ms)[22m 
[2m12:44:02[22m   [34m├─[39m [2m/en/news/the-ts-accessibility-progress-and-remaining-barriers-b4996b54/index.html[22m [2m(+369ms)[22m 
[2m12:44:02[22m   [34m├─[39m [2m/en/news/review-of-coast-duo-portable-video-magnifier-for-low-vision-fd1081cb/index.html[22m [2m(+334ms)[22m 
[2m12:44:02[22m   [34m├─[39m [2m/en/news/how-to-change-batteries-in-liquid-level-indicators-for-vision-impaired-users-d167d119/index.html[22m [2m(+319ms)[22m 
[2m12:44:03[22m   [34m├─[39m [2m/en/news/questioning-sighted-peoples-behavior-towards-blind-community-e647cf5e/index.html[22m [2m(+278ms)[22m 
[2m12:44:03[22m   [34m├─[39m [2m/en/news/top-iphone-accessibility-features-for-low-vision-users-f5cd66de/index.html[22m [2m(+267ms)[22m 
[2m12:44:03[22m   [34m├─[39m [2m/en/news/new-license-tax-exemption-policy-takes-effect-ministry-of-finance-relaxes-eligib-aea0875f/index.html[22m [2m(+287ms)[22m 
[2m12:44:03[22m   [34m├─[39m [2m/en/news/historical-torture-of-disabled-individuals-in-scientific-experiments-b7b290db/index.html[22m [2m(+299ms)[22m 
[2m12:44:04[22m   [34m├─[39m [2m/en/news/blind-individual-shares-how-voices-convey-truth-faster-than-facial-expressions-0f0a2a76/index.html[22m [2m(+298ms)[22m 
[2m12:44:04[22m   [34m├─[39m [2m/en/news/utah-council-of-blind-announces-scholarship-opportunities-for-college-students-af6f55da/index.html[22m [2m(+309ms)[22m 
[2m12:44:04[22m   [34m├─[39m [2m/en/news/utah-council-of-blind-offers-personal-braille-transcription-services-2248c638/index.html[22m [2m(+288ms)[22m 
[2m12:44:05[22m   [34m├─[39m [2m/en/news/ucb-offers-in-home-blindness-skills-training-a5bfdaf2/index.html[22m [2m(+317ms)[22m 
[2m12:44:05[22m   [34m├─[39m [2m/en/news/ucb-provides-assistive-technology-grants-for-blind-individuals-87caab60/index.html[22m [2m(+289ms)[22m 
[2m12:44:05[22m   [34m├─[39m [2m/en/news/utah-council-of-blind-offers-transportation-coupons-for-blind-residents-1d067d04/index.html[22m [2m(+292ms)[22m 
[2m12:44:06[22m   [34m├─[39m [2m/en/news/ucb-offers-weekly-ceramics-class-for-blind-individuals-02d778c2/index.html[22m [2m(+296ms)[22m 
[2m12:44:06[22m   [34m├─[39m [2m/en/news/ucb-driverguide-program-supports-blind-travel-in-utah-0d31eeba/index.html[22m [2m(+283ms)[22m 
[2m12:44:06[22m   [34m├─[39m [2m/en/news/ucb-provides-discounted-uberlyft-gift-cards-for-blind-riders-62e61ee0/index.html[22m [2m(+284ms)[22m 
[2m12:44:06[22m   [34m├─[39m [2m/en/news/ucb-partners-with-soul-taxi-to-expand-accessible-transportation-for-blindvi-ride-ed2c1588/index.html[22m [2m(+282ms)[22m 
[2m12:44:07[22m   [34m├─[39m [2m/en/news/uta-on-demand-improves-transit-access-in-greater-salt-lake-7d639a0d/index.html[22m [2m(+280ms)[22m 
[2m12:44:07[22m   [34m├─[39m [2m/en/news/utah-blind-council-offers-subsidized-cab-coupons-for-blind-residents-12ef814a/index.html[22m [2m(+301ms)[22m 
[2m12:44:07[22m   [34m├─[39m [2m/en/news/ucb-invites-public-to-join-membership-supporting-blind-community-8a9bf131/index.html[22m [2m(+276ms)[22m 
[2m12:44:08[22m   [34m├─[39m [2m/en/news/utah-council-blind-promotes-newsletter-subscription-71bbbcce/index.html[22m [2m(+300ms)[22m 
[2m12:44:08[22m   [34m├─[39m [2m/en/news/ol-a2aec607/index.html[22m [2m(+262ms)[22m 
[2m12:44:08[22m   [34m├─[39m [2m/en/news/scandal-accessible-toilet-used-as-sex-room-by-office-worker-earning-millions-34cf8a44/index.html[22m [2m(+261ms)[22m 
[2m12:44:08[22m   [34m├─[39m [2m/en/news/all-are-welcome-celebrating-accessibility-at-the-tijuana-estuary-c80e8bd9/index.html[22m [2m(+298ms)[22m 
[2m12:44:09[22m   [34m├─[39m [2m/en/news/discussion-of-developmental-disability-features-misused-in-hate-speech-71fe6465/index.html[22m [2m(+279ms)[22m 
[2m12:44:09[22m   [34m├─[39m [2m/en/news/derogatory-comment-about-intellectual-disability-in-gaming-60f60564/index.html[22m [2m(+294ms)[22m 
[2m12:44:09[22m   [34m├─[39m [2m/en/news/celebrating-albinism-pride-and-inclusion-53626870/index.html[22m [2m(+296ms)[22m 
[2m12:44:10[22m   [34m├─[39m [2m/en/news/user-shares-experience-working-in-disability-employment-7feefbc2/index.html[22m [2m(+292ms)[22m 
[2m12:44:10[22m   [34m├─[39m [2m/en/news/user-calls-for-more-respect-and-space-in-disability-facilities-1abef12e/index.html[22m [2m(+310ms)[22m 
[2m12:44:10[22m   [34m├─[39m [2m/en/news/mental-health-job-search-challenges-highlighted-a34a9c50/index.html[22m [2m(+290ms)[22m 
[2m12:44:10[22m   [34m├─[39m [2m/en/news/payment-platform-emphasizes-accessibility-in-peer-to-peer-finance-736ae761/index.html[22m [2m(+278ms)[22m 
[2m12:44:11[22m   [34m├─[39m [2m/en/news/japanese-rail-stations-offer-disability-discount-tickets-via-staff-assistance-wh-e085ebba/index.html[22m [2m(+269ms)[22m 
[2m12:44:11[22m   [34m├─[39m [2m/en/news/forged-disability-certificates-uncovered-in-japan-dcae0a5f/index.html[22m [2m(+294ms)[22m 
[2m12:44:11[22m   [34m├─[39m [2m/en/news/mta-announces-accessibility-upgrades-at-rockaway-boulevard-subway-station-11f9299d/index.html[22m [2m(+273ms)[22m 
[2m12:44:12[22m   [34m├─[39m [2m/en/news/rdac-manchester-open-day-showcases-driving-assessments-and-accessibility-solutio-681b9282/index.html[22m [2m(+302ms)[22m 
[2m12:44:12[22m   [34m├─[39m [2m/en/news/call-for-reducing-food-barriers-at-barrier-free-stations-for-elderly-and-disable-a7277224/index.html[22m [2m(+276ms)[22m 
[2m12:44:12[22m   [34m├─[39m [2m/en/news/person-with-disability-heads-to-intex-while-others-go-home-edd41d80/index.html[22m [2m(+291ms)[22m 
[2m12:44:12[22m   [34m├─[39m [2m/en/news/disability-employment-switching-industries-boosts-salary-0d0856a6/index.html[22m [2m(+271ms)[22m 
[2m12:44:13[22m   [34m├─[39m [2m/en/news/disability-related-frustration-over-needing-assistance-d8133364/index.html[22m [2m(+311ms)[22m 
[2m12:44:13[22m   [34m├─[39m [2m/en/news/critique-of-honorary-able-bodied-attitudes-among-disabled-people-ad9e5079/index.html[22m [2m(+283ms)[22m 
[2m12:44:13[22m   [34m├─[39m [2m/en/news/saitama-expands-disability-medical-expense-assistance-1f7a9427/index.html[22m [2m(+281ms)[22m 
[2m12:44:14[22m   [34m├─[39m [2m/en/news/individual-shares-experience-of-refusing-disability-certificate-issuance-933539e5/index.html[22m [2m(+289ms)[22m 
[2m12:44:14[22m   [34m├─[39m [2m/en/news/query-about-disability-discounts-at-royal-host-and-tenya-restaurants-78de2ab9/index.html[22m [2m(+285ms)[22m 
[2m12:44:14[22m   [34m├─[39m [2m/en/news/documentary-kihembo-at-27-highlights-life-with-cerebral-palsy-40371b06/index.html[22m [2m(+292ms)[22m 
[2m12:44:14[22m   [34m├─[39m [2m/en/news/community-integrated-care-system-promotes-inclusive-society-3cdc9ab6/index.html[22m [2m(+258ms)[22m 
[2m12:44:15[22m   [34m├─[39m [2m/en/news/criticism-of-attacks-on-welfare-users-and-developmental-disability-stigma-a30d3097/index.html[22m [2m(+333ms)[22m 
[2m12:44:15[22m   [34m├─[39m [2m/en/news/japanese-office-worker-allegedly-earns-millions-yen-monthly-selling-sex-during-l-4359daff/index.html[22m [2m(+327ms)[22m 
[2m12:44:15[22m   [34m├─[39m [2m/en/news/wizard101-fishing-graphics-trigger-epilepsy-and-motion-sickness-concerns-01f45b1f/index.html[22m [2m(+256ms)[22m 
[2m12:44:16[22m   [34m├─[39m [2m/en/news/call-for-fully-private-male-toilets-to-improve-barrier-free-access-fe6ede79/index.html[22m [2m(+323ms)[22m 
[2m12:44:16[22m   [34m├─[39m [2m/en/news/advocate-for-increased-welfare-and-monthly-payments-for-disabled-and-lowincome-i-5e6c1d3c/index.html[22m [2m(+298ms)[22m 
[2m12:44:16[22m   [34m├─[39m [2m/en/news/disability-inclusion-lead-jason-land-awarded-british-empire-medal-in-kings-birth-08cb2ff0/index.html[22m [2m(+285ms)[22m 
[2m12:44:17[22m   [34m├─[39m [2m/en/news/hateful-tweet-targeting-disabled-persons-b6c20f77/index.html[22m [2m(+261ms)[22m 
[2m12:44:17[22m   [34m├─[39m [2m/en/news/sagamihara-city-considers-additional-cost-of-living-support-for-disability-house-59e70326/index.html[22m [2m(+297ms)[22m 
[2m12:44:17[22m   [34m├─[39m [2m/en/news/focus-on-accessibility-and-performance-in-ux-6b9500a3/index.html[22m [2m(+260ms)[22m 
[2m12:44:17[22m   [34m├─[39m [2m/en/news/disability-support-facility-reports-aging-staff-and-lack-of-skill-improvement-cc4064d0/index.html[22m [2m(+279ms)[22m 
[2m12:44:18[22m   [34m├─[39m [2m/en/news/lawyer-accused-of-using-disability-as-weapon-in-court-d0c3522a/index.html[22m [2m(+291ms)[22m 
[2m12:44:18[22m   [34m├─[39m [2m/en/news/customer-calls-for-more-restaurant-locations-to-reduce-lines-for-disabled-patron-0da7316f/index.html[22m [2m(+270ms)[22m 
[2m12:44:18[22m   [34m├─[39m [2m/en/news/osaka-city-employee-suspended-for-possessing-forged-disability-handbook-b235b480/index.html[22m [2m(+283ms)[22m 
[2m12:44:18[22m   [34m├─[39m [2m/en/news/international-albinism-awareness-day-2026-celebrates-inclusion-5d3d7b20/index.html[22m [2m(+299ms)[22m 
[2m12:44:19[22m   [34m├─[39m [2m/en/news/thika-blind-school-promotes-inclusion-and-albinism-awareness-b1a12f9c/index.html[22m [2m(+270ms)[22m 
[2m12:44:19[22m   [34m├─[39m [2m/en/news/person-with-disability-describes-struggles-of-gray-zone-existence-hikikomori-and-666d893e/index.html[22m [2m(+265ms)[22m 
[2m12:44:19[22m   [34m├─[39m [2m/en/news/thika-blind-school-and-albinism-society-highlight-inclusion-in-kenya-5bc1274a/index.html[22m [2m(+294ms)[22m 
[2m12:44:20[22m   [34m├─[39m [2m/en/news/government-urged-to-support-blind-school-and-albinism-inclusion-c21e8808/index.html[22m [2m(+294ms)[22m 
[2m12:44:20[22m   [34m├─[39m [2m/en/news/japanese-user-questions-casual-mental-disability-pension-claims-7ff2984f/index.html[22m [2m(+264ms)[22m 
[2m12:44:20[22m   [34m├─[39m [2m/en/news/alleged-forgery-of-disability-certificates-by-staff-d09b2d76/index.html[22m [2m(+277ms)[22m 
[2m12:44:20[22m   [34m├─[39m [2m/en/news/positive-comment-on-accessibility-feature-673b83c1/index.html[22m [2m(+245ms)[22m 
[2m12:44:21[22m   [34m├─[39m [2m/en/news/takamatsus-rainbow-street-sidewalks-lack-barrier-free-access-b75a3bcb/index.html[22m [2m(+253ms)[22m 
[2m12:44:21[22m   [34m├─[39m [2m/en/news/person-plans-to-apply-for-disability-employment-quota-at-hospital-f56fe4ef/index.html[22m [2m(+280ms)[22m 
[2m12:44:21[22m   [34m├─[39m [2m/en/news/employee-suspended-for-forged-disability-handbook-5b6eeb33/index.html[22m [2m(+295ms)[22m 
[2m12:44:22[22m   [34m├─[39m [2m/en/news/diagram-labels-disabled-persons-as-unforgivable-in-japanese-social-justice-comme-bc790515/index.html[22m [2m(+312ms)[22m 
[2m12:44:22[22m   [34m├─[39m [2m/en/news/can-calls-for-rights-and-dignity-of-persons-with-albinism-on-international-albin-f6e44ce1/index.html[22m [2m(+276ms)[22m 
[2m12:44:22[22m   [34m├─[39m [2m/en/news/exploring-what-users-seek-in-disability-day-services-b36c60d2/index.html[22m [2m(+306ms)[22m 
[2m12:44:22[22m   [34m├─[39m [2m/en/news/thika-blindschool-legacy-highlights-education-for-inclusion-acdbdcca/index.html[22m [2m(+259ms)[22m 
[2m12:44:23[22m   [34m├─[39m [2m/en/news/person-with-disability-shares-views-on-sexuality-and-adult-content-use-6c4a2495/index.html[22m [2m(+275ms)[22m 
[2m12:44:23[22m   [34m├─[39m [2m/en/news/types-of-staircases-and-accessibility-considerations-da593510/index.html[22m [2m(+317ms)[22m 
[2m12:44:23[22m   [34m├─[39m [2m/en/news/podax-launches-participation-intelligence-platform-emphasizing-inclusion-and-acc-e0928b35/index.html[22m [2m(+270ms)[22m 
[2m12:44:24[22m   [34m├─[39m [2m/en/news/user-receives-level-3-mental-disability-handbook-gains-bus-fare-discount-6abc6417/index.html[22m [2m(+313ms)[22m 
[2m12:44:24[22m   [34m├─[39m [2m/en/news/eight-decades-of-specialized-learning-show-inclusion-achievable-in-kenya-f31617b1/index.html[22m [2m(+306ms)[22m 
[2m12:44:24[22m   [34m├─[39m [2m/en/news/accessibility-ai-mcp-1013-b7e0a521/index.html[22m [2m(+295ms)[22m 
[2m12:44:24[22m   [34m├─[39m [2m/en/news/considering-accessibility-a11y-using-the-standard-html-search-element-b17ed8fe/index.html[22m [2m(+269ms)[22m 
[2m12:44:25[22m   [34m├─[39m [2m/en/news/accessibility-ai-mcp-1012-0d21543f/index.html[22m [2m(+281ms)[22m 
[2m12:44:25[22m   [34m├─[39m [2m/en/news/accessibility-ai-mcp-1011-3e0b5db7/index.html[22m [2m(+301ms)[22m 
[2m12:44:25[22m   [34m├─[39m [2m/en/news/international-albinism-awareness-day-promotes-inclusion-and-equality-e6c33e61/index.html[22m [2m(+302ms)[22m 
[2m12:44:26[22m   [34m├─[39m [2m/en/news/two-foreign-nationals-with-intellectual-disabilities-cannot-speak-japanese-4f068e3f/index.html[22m [2m(+291ms)[22m 
[2m12:44:26[22m   [34m├─[39m [2m/en/news/volunteer-assisting-disabled-people-attacked-after-perceived-inadequate-support-72eb39ac/index.html[22m [2m(+289ms)[22m 
[2m12:44:26[22m   [34m├─[39m [2m/en/news/barrier-free-audio-feature-highlighted-in-japanese-tweet-ec38b8d9/index.html[22m [2m(+273ms)[22m 
[2m12:44:26[22m   [34m├─[39m [2m/en/news/many-people-face-barriers-due-to-disabilities-and-mental-health-challenges-389554ea/index.html[22m [2m(+306ms)[22m 
[2m12:44:27[22m   [34m├─[39m [2m/en/news/disabling-right-click-context-menu-is-anti-accessibility-13947cc3/index.html[22m [2m(+271ms)[22m 
[2m12:44:27[22m   [34m├─[39m [2m/en/news/critique-of-unethical-cultural-coding-including-disability-discrimination-78959968/index.html[22m [2m(+273ms)[22m 
[2m12:44:27[22m   [34m├─[39m [2m/en/news/dublin-stabbing-results-in-childs-severe-brain-injury-and-lifelong-disability-3e4130e9/index.html[22m [2m(+278ms)[22m 
[2m12:44:28[22m   [34m├─[39m [2m/en/news/dyslexia-is-a-different-door-not-a-ceiling-e52a48db/index.html[22m [2m(+254ms)[22m 
[2m12:44:28[22m   [34m├─[39m [2m/en/news/exotropia-identified-as-a-disability-not-merely-cosmetic-95382689/index.html[22m [2m(+301ms)[22m 
[2m12:44:28[22m   [34m├─[39m [2m/en/news/japanese-psychiatric-society-guidelines-state-living-as-desired-gender-is-ultima-7b6013d5/index.html[22m [2m(+297ms)[22m 
[2m12:44:28[22m   [34m├─[39m [2m/en/news/tweet-referencing-disabled-person-with-link-beba3a62/index.html[22m [2m(+274ms)[22m 
[2m12:44:29[22m   [34m├─[39m [2m/en/news/intellectual-disability-and-language-barriers-in-japan-74188535/index.html[22m [2m(+252ms)[22m 
[2m12:44:29[22m   [34m├─[39m [2m/en/news/rehabilitation-activity-at-a-disability-exchange-center-leads-to-bonsai-care-4546c1b4/index.html[22m [2m(+261ms)[22m 
[2m12:44:29[22m   [34m├─[39m [2m/en/news/individual-discusses-masking-schizophrenia-to-appear-neurotypical-626b8b76/index.html[22m [2m(+353ms)[22m 
[2m12:44:30[22m   [34m├─[39m [2m/en/news/baseball-game-ticket-availability-includes-wheelchair-accessible-seats-d161020a/index.html[22m [2m(+307ms)[22m 
[2m12:44:30[22m   [34m├─[39m [2m/en/news/japans-ministry-of-health-proposes-new-qualifications-for-disability-group-home--daab73cc/index.html[22m [2m(+289ms)[22m 
[2m12:44:30[22m   [34m├─[39m [2m/en/news/foreign-language-story-time-promotes-reading-accessibility-487356f9/index.html[22m [2m(+313ms)[22m 
[2m12:44:30[22m   [34m├─[39m [2m/en/news/fake-disability-handbook-used-for-theme-park-priority-entry-e44a8fc8/index.html[22m [2m(+268ms)[22m 
[2m12:44:31[22m   [34m├─[39m [2m/en/news/hate-speech-targeting-disabled-persons-dd47df6f/index.html[22m [2m(+258ms)[22m 
[2m12:44:31[22m   [34m├─[39m [2m/en/news/disability-pension-and-housing-support-described-after-caregiving-161062d5/index.html[22m [2m(+285ms)[22m 
[2m12:44:31[22m   [34m├─[39m [2m/en/news/reflections-on-inclusive-ai-eight-years-after-un-conference-734b6e79/index.html[22m [2m(+257ms)[22m 
[2m12:44:32[22m   [34m├─[39m [2m/en/news/call-for-more-support-services-for-elderly-disabled-and-foreigners-in-legal-assi-698ec909/index.html[22m [2m(+286ms)[22m 
[2m12:44:32[22m   [34m├─[39m [2m/en/news/user-questions-aggressive-reactions-to-a-nonlegal-notice-while-claiming-consider-9da1a22b/index.html[22m [2m(+284ms)[22m 
[2m12:44:32[22m   [34m├─[39m [2m/en/news/potential-addition-of-mental-disability-fare-discount-info-to-my-number-portal-ec872d57/index.html[22m [2m(+306ms)[22m 
[2m12:44:32[22m   [34m├─[39m [2m/en/news/elderly-and-disabled-peoples-views-on-working-despite-health-8737599b/index.html[22m [2m(+297ms)[22m 
[2m12:44:33[22m   [34m├─[39m [2m/en/news/caregiver-expresses-frustration-over-supporting-disabled-individual-ff0d6fb4/index.html[22m [2m(+312ms)[22m 
[2m12:44:33[22m   [34m├─[39m [2m/en/news/sign-language-for-all-training-program-promotes-deaf-inclusion-29b33f11/index.html[22m [2m(+296ms)[22m 
[2m12:44:33[22m   [34m├─[39m [2m/en/news/abuse-of-autistic-individual-reported-in-japanese-facility-e1d3dbea/index.html[22m [2m(+320ms)[22m 
[2m12:44:34[22m   [34m├─[39m [2m/en/news/common-disability-experiences-shared-on-social-media-7bd164b1/index.html[22m [2m(+286ms)[22m 
[2m12:44:34[22m   [34m├─[39m [2m/en/news/consider-reading-a-finance-guide-for-people-with-developmental-disabilities-8bdba4a0/index.html[22m [2m(+283ms)[22m 
[2m12:44:34[22m   [34m├─[39m [2m/en/news/driver-blocks-disabled-parking-space-with-vehicle-24f25028/index.html[22m [2m(+270ms)[22m 
[2m12:44:34[22m   [34m├─[39m [2m/en/news/japans-2026-caregiving-shift-toward-disability-services-4c308519/index.html[22m [2m(+279ms)[22m 
[2m12:44:35[22m   [34m├─[39m [2m/en/news/comments-on-using-disability-benefits-for-leisure-786c71a5/index.html[22m [2m(+260ms)[22m 
[2m12:44:35[22m   [34m├─[39m [2m/en/news/health-mahjong-with-braille-for-visually-impaired-participants-92cd07a7/index.html[22m [2m(+319ms)[22m 
[2m12:44:35[22m   [34m├─[39m [2m/en/news/retrofit-switch-provides-affordable-barrier-free-upgrade-0de9b0bf/index.html[22m [2m(+292ms)[22m 
[2m12:44:36[22m   [34m├─[39m [2m/en/news/assisting-a-visually-impaired-person-with-a-white-cane-a5b1d02c/index.html[22m [2m(+283ms)[22m 
[2m12:44:36[22m   [34m├─[39m [2m/en/news/advocating-for-fragrance-free-environments-as-air-barrier-free-accessibility-eca58109/index.html[22m [2m(+327ms)[22m 
[2m12:44:36[22m   [34m├─[39m [2m/en/news/tweet-defends-workers-with-physical-disabilities-37ede852/index.html[22m [2m(+273ms)[22m 
[2m12:44:37[22m   [34m├─[39m [2m/en/news/disability-linked-to-violence-in-japanese-tweet-388c76ed/index.html[22m [2m(+262ms)[22m 
[2m12:44:37[22m   [34m├─[39m [2m/en/news/tweet-labels-politicians-as-personality-disordered-301ddbc9/index.html[22m [2m(+279ms)[22m 
[2m12:44:37[22m   [34m├─[39m [2m/en/news/disability-voices-ignored-in-office-settings-4ff83995/index.html[22m [2m(+287ms)[22m 
[2m12:44:37[22m   [34m├─[39m [2m/en/news/user-comments-on-experiencing-disability-after-extended-gaming-b3b4ec23/index.html[22m [2m(+265ms)[22m 
[2m12:44:38[22m   [34m├─[39m [2m/en/news/disability-friendly-banking-services-highlighted-in-nepal-editorial-48f8e42b/index.html[22m [2m(+294ms)[22m 
[2m12:44:38[22m   [34m├─[39m [2m/en/news/online-user-mocks-disabled-persons-communication-ability-8262ccc3/index.html[22m [2m(+307ms)[22m 
[2m12:44:38[22m   [34m├─[39m [2m/en/news/user-shares-experience-living-with-adjustment-disorder-6d5cb9c5/index.html[22m [2m(+293ms)[22m 
[2m12:44:39[22m   [34m├─[39m [2m/en/news/user-employs-hate-speech-targeting-people-with-intellectual-disabilities-5b3b5644/index.html[22m [2m(+288ms)[22m 
[2m12:44:39[22m   [34m├─[39m [2m/en/news/person-with-intellectual-disability-expresses-frustration-over-workplace-inacces-46b60b8b/index.html[22m [2m(+340ms)[22m 
[2m12:44:39[22m   [34m├─[39m [2m/en/news/anger-as-a-feeling-for-coexistence-in-disability-context-fca57243/index.html[22m [2m(+296ms)[22m 
[2m12:44:39[22m   [34m├─[39m [2m/en/news/barrier-free-upgrades-at-ochanomizu-station-progress-db4d05cf/index.html[22m [2m(+284ms)[22m 
[2m12:44:40[22m   [34m├─[39m [2m/en/news/promoting-social-participation-of-people-with-disabilities-d80bac23/index.html[22m [2m(+268ms)[22m 
[2m12:44:40[22m   [34m├─[39m [2m/en/news/sonys-gesture-recognition-patent-impacts-crossplatform-accessibility-middleware-ac048c0d/index.html[22m [2m(+316ms)[22m 
[2m12:44:40[22m   [34m├─[39m [2m/en/news/healthcare-companion-app-emphasizes-accessibility-and-calm-design-9d5df904/index.html[22m [2m(+286ms)[22m 
[2m12:44:41[22m   [34m├─[39m [2m/en/news/apples-accessibility-team-supports-mobility-assistance-at-wwdc-698de502/index.html[22m [2m(+248ms)[22m 
[2m12:44:41[22m   [34m├─[39m [2m/en/news/exploitative-work-scheme-targets-disabled-individuals-for-plant-watering-pay-639d5499/index.html[22m [2m(+294ms)[22m 
[2m12:44:41[22m   [34m├─[39m [2m/en/news/man-arrested-for-using-forged-disability-handbook-to-evade-train-fare-2341e50f/index.html[22m [2m(+261ms)[22m 
[2m12:44:41[22m   [34m├─[39m [2m/en/news/international-albinism-awareness-day-calls-for-inclusion-and-equal-healthcare-3fabe13b/index.html[22m [2m(+288ms)[22m 
[2m12:44:42[22m   [34m├─[39m [2m/en/news/ddi-co-creation-workshop-improves-disability-data-access-12e92093/index.html[22m [2m(+350ms)[22m 
[2m12:44:42[22m   [34m├─[39m [2m/en/news/albinism-awareness-day-promotes-inclusion-and-equal-opportunities-c109c397/index.html[22m [2m(+268ms)[22m 
[2m12:44:42[22m   [34m├─[39m [2m/en/news/international-albinism-awareness-day-promotes-inclusion-8deb90f5/index.html[22m [2m(+314ms)[22m 
[2m12:44:43[22m   [34m├─[39m [2m/en/news/free-ai-video-transcriber-enhances-accessibility-875d999b/index.html[22m [2m(+352ms)[22m 
[2m12:44:43[22m   [34m├─[39m [2m/en/news/advocacy-for-barrier-free-cultural-heritage-reconstruction-8647f6f7/index.html[22m [2m(+293ms)[22m 
[2m12:44:43[22m   [34m├─[39m [2m/en/news/national-inclusion-project-partners-with-corporate-and-community-leaders-d93228e2/index.html[22m [2m(+320ms)[22m 
[2m12:44:44[22m   [34m├─[39m [2m/en/news/personal-reflections-on-improving-accessibility-through-dialogue-7d77ee36/index.html[22m [2m(+272ms)[22m 
[2m12:44:44[22m   [34m├─[39m [2m/en/news/konnex-emphasizes-accessibility-in-web3-ecosystem-b87bd458/index.html[22m [2m(+251ms)[22m 
[2m12:44:44[22m   [34m├─[39m [2m/en/news/discussing-customizable-game-controller-accessibility-987b3386/index.html[22m [2m(+270ms)[22m 
[2m12:44:44[22m   [34m├─[39m [2m/en/news/upcoming-barrier-free-pro-wrestling-memorial-night-b6144ef6/index.html[22m [2m(+280ms)[22m 
[2m12:44:45[22m   [34m├─[39m [2m/en/news/international-albinism-awareness-day-promotes-inclusion-8fbf68f8/index.html[22m [2m(+411ms)[22m 
[2m12:44:45[22m   [34m├─[39m [2m/en/news/celebrating-persons-with-albinism-on-awareness-day-6bc62038/index.html[22m [2m(+367ms)[22m 
[2m12:44:45[22m   [34m├─[39m [2m/en/news/community-celebrates-accessibility-and-inclusion-at-winston-salem-transit-author-e36a499b/index.html[22m [2m(+335ms)[22m 
[2m12:44:46[22m   [34m├─[39m [2m/en/news/how-useful-are-smart-glasses-in-improving-accessibility-in-higher-education-2fff5297/index.html[22m [2m(+348ms)[22m 
[2m12:44:46[22m   [34m├─[39m [2m/en/news/aable-committee-champions-accessibility-and-belonging-at-iowa-methodist-gatherin-ba11ec25/index.html[22m [2m(+332ms)[22m 
[2m12:44:46[22m   [34m├─[39m [2m/en/news/accessibility-statement-for-disabled-world-3daab049/index.html[22m [2m(+250ms)[22m 
[2m12:44:47[22m   [34m├─[39m [2m/en/news/miami-university-students-audit-helps-shape-new-accessibility-plan-in-oxford-303d2545/index.html[22m [2m(+277ms)[22m 
[2m12:44:47[22m   [34m├─[39m [2m/en/news/windows-11-build-262208680-adds-screen-tint-and-npu-monitoring-93ce5ea3/index.html[22m [2m(+305ms)[22m 
[2m12:44:47[22m   [34m├─[39m [2m/en/news/pennsylvania-officials-unveil-accessibility-upgrades-at-fulton-county-state-park-ee60276d/index.html[22m [2m(+318ms)[22m 
[2m12:44:48[22m   [34m├─[39m [2m/en/news/uk-infrastructure-project-to-impact-traffic-parking-and-pedestrian-accessibility-a7909518/index.html[22m [2m(+271ms)[22m 
[2m12:44:48[22m   [34m├─[39m [2m/en/news/chicago-launches-universally-accessible-playground-dc55c212/index.html[22m [2m(+317ms)[22m 
[2m12:44:48[22m   [34m├─[39m [2m/en/news/game-introduces-auto-defense-feature-to-aid-visually-impaired-players-ff71fe94/index.html[22m [2m(+265ms)[22m 
[2m12:44:48[22m   [34m├─[39m [2m/en/news/new-purpose-built-accessibility-social-stand-unveiled-in-national-league-north-4767cd7d/index.html[22m [2m(+289ms)[22m 
[2m12:44:49[22m   [34m├─[39m [2m/en/news/japans-disability-digital-job-support-project-expands-nationwide-b4dc44bf/index.html[22m [2m(+295ms)[22m 
[2m12:44:49[22m   [34m├─[39m [2m/en/news/discussion-highlights-intra-disability-discrimination-and-calls-for-systemic-cha-69101368/index.html[22m [2m(+337ms)[22m 
[2m12:44:49[22m   [34m├─[39m [2m/en/news/nagoya-castle-wooden-reconstruction-raises-barrier-free-concerns-1e34bdf5/index.html[22m [2m(+304ms)[22m 
[2m12:44:50[22m   [34m├─[39m [2m/en/news/debate-over-gender-identity-accommodations-in-school-facilities-0deed0bb/index.html[22m [2m(+264ms)[22m 
[2m12:44:50[22m   [34m├─[39m [2m/en/news/malta-reflects-on-20-years-of-crpd-implementation-at-cosp19-side-event-33e76462/index.html[22m [2m(+291ms)[22m 
[2m12:44:50[22m   [34m├─[39m [2m/en/news/workplace-accessibility-goes-beyond-physical-accommodations-28b46532/index.html[22m [2m(+291ms)[22m 
[2m12:44:51[22m   [34m├─[39m [2m/en/news/advocacy-for-better-mental-disability-employment-education-195198ec/index.html[22m [2m(+298ms)[22m 
[2m12:44:51[22m   [34m├─[39m [2m/en/news/user-blocks-accounts-sharing-disability-related-harassment-and-discrimination-ec9df41b/index.html[22m [2m(+299ms)[22m 
[2m12:44:51[22m   [34m├─[39m [2m/en/news/user-requests-persistent-play-button-and-text-colors-for-better-accessibility-68afac5b/index.html[22m [2m(+293ms)[22m 
[2m12:44:51[22m   [34m├─[39m [2m/en/news/google-drive-accessibility-tip-ensure-links-are-open-to-all-8dcdb202/index.html[22m [2m(+321ms)[22m 
[2m12:44:52[22m   [34m├─[39m [2m/en/news/disability-bullying-reported-for-schizophrenia-disability-level-2-3c6e09f7/index.html[22m [2m(+285ms)[22m 
[2m12:44:52[22m   [34m├─[39m [2m/en/news/disabled-contract-employee-receives-positive-review-and-expresses-gratitude-dfca7e50/index.html[22m [2m(+318ms)[22m 
[2m12:44:52[22m   [34m├─[39m [2m/en/news/comment-on-ending-mistreatment-of-disabled-persons-54e0ef5d/index.html[22m [2m(+274ms)[22m 
[2m12:44:53[22m   [34m├─[39m [2m/en/news/miaoli-county-launches-subsidy-for-old-house-renovation-including-barrier-free-i-4e2eefb9/index.html[22m [2m(+294ms)[22m 
[2m12:44:53[22m   [34m├─[39m [2m/en/news/questioning-e-book-critics-accessibility-awareness-19e87514/index.html[22m [2m(+307ms)[22m 
[2m12:44:53[22m   [34m├─[39m [2m/en/news/san-antonio-leaders-honor-henry-cisneros-for-accessibility-work-f7adc6cd/index.html[22m [2m(+290ms)[22m 
[2m12:44:54[22m   [34m├─[39m [2m/en/news/elon-musk-praised-for-advancing-internet-accessibility-1191ce8d/index.html[22m [2m(+285ms)[22m 
[2m12:44:54[22m   [34m├─[39m [2m/en/news/osaka-city-employee-suspended-for-forged-disability-certificate-39b8cf99/index.html[22m [2m(+250ms)[22m 
[2m12:44:54[22m   [34m├─[39m [2m/en/news/festival-updates-trolley-rules-to-improve-accessibility-for-families-c0483d90/index.html[22m [2m(+251ms)[22m 
[2m12:44:54[22m   [34m├─[39m [2m/en/news/apple-faceid-sensors-could-enable-handtracking-navigation-38034980/index.html[22m [2m(+253ms)[22m 
[2m12:44:55[22m   [34m├─[39m [2m/en/news/call-for-support-to-renovate-disability-group-home-6272d71e/index.html[22m [2m(+247ms)[22m 
[2m12:44:55[22m   [34m├─[39m [2m/en/news/book-highlights-disabled-baseball-teams-inspiring-story-38a53aef/index.html[22m [2m(+293ms)[22m 
[2m12:44:55[22m   [34m├─[39m [2m/en/news/user-expresses-frustration-over-being-accompanied-by-disabled-person-aa12fdb2/index.html[22m [2m(+276ms)[22m 
[2m12:44:55[22m   [34m├─[39m [2m/en/news/canada-defends-world-cup-2026-costs-citing-accessibility-upgrades-f869809d/index.html[22m [2m(+325ms)[22m 
[2m12:44:56[22m   [34m├─[39m [2m/en/news/service-alberta-warns-that-falsely-advertising-full-accessibility-may-be-an-unfa-39ae55ce/index.html[22m [2m(+299ms)[22m 
[2m12:44:56[22m   [34m├─[39m [2m/en/news/apples-accessibility-features-praised-50fcb600/index.html[22m [2m(+275ms)[22m 
[2m12:44:56[22m   [34m├─[39m [2m/en/news/discussion-on-disability-employment-and-mental-health-challenges-84a10468/index.html[22m [2m(+285ms)[22m 
[2m12:44:57[22m   [34m├─[39m [2m/en/news/healthcare-workers-trained-in-disability-inclusion-in-rwanda-36c0c5ec/index.html[22m [2m(+324ms)[22m 
[2m12:44:57[22m   [34m├─[39m [2m/en/news/microbus-service-for-disabled-passengers-discontinued-in-japan-b396fc9c/index.html[22m [2m(+282ms)[22m 
[2m12:44:57[22m   [34m├─[39m [2m/en/news/confusion-over-developmental-disability-labels-affects-employment-support-in-jap-71110f2b/index.html[22m [2m(+250ms)[22m 
[2m12:44:57[22m   [34m├─[39m [2m/en/news/disability-groups-elevator-installation-request-opposed-27175e03/index.html[22m [2m(+302ms)[22m 
[2m12:44:58[22m   [34m├─[39m [2m/en/news/kumamoto-city-updates-disability-welfare-service-forms-for-fy2026-fee-revision-598592bc/index.html[22m [2m(+279ms)[22m 
[2m12:44:58[22m   [34m├─[39m [2m/en/news/disparaging-remark-about-people-with-intellectual-disabilities-df3d0da3/index.html[22m [2m(+289ms)[22m 
[2m12:44:58[22m   [34m├─[39m [2m/en/news/experiences-of-disability-stigma-and-passing-as-non-disabled-80a2a33a/index.html[22m [2m(+278ms)[22m 
[2m12:44:59[22m   [34m├─[39m [2m/en/news/understanding-the-lifelong-struggles-of-disabled-persons-8c28a422/index.html[22m [2m(+282ms)[22m 
[2m12:44:59[22m   [34m├─[39m [2m/en/news/criticism-of-proposed-apology-fees-for-parents-of-disabled-children-d4239ad9/index.html[22m [2m(+264ms)[22m 
[2m12:44:59[22m   [34m├─[39m [2m/en/news/athens-mayor-reminds-property-owners-they-are-responsible-for-keeping-sidewalks--10a329df/index.html[22m [2m(+222ms)[22m 
[2m12:44:59[22m   [34m├─[39m [2m/en/news/insulting-reference-to-developmental-disability-in-violence-threat-316b4a34/index.html[22m [2m(+275ms)[22m 
[2m12:45:00[22m   [34m├─[39m [2m/en/news/comment-on-ototake-hirotadas-affair-and-living-beyond-disability-424cfd14/index.html[22m [2m(+271ms)[22m 
[2m12:45:00[22m   [34m├─[39m [2m/en/news/japan-announces-supplementary-pension-support-for-low-income-disability-pension--1b22b524/index.html[22m [2m(+300ms)[22m 
[2m12:45:00[22m   [34m├─[39m [2m/en/news/critique-of-discriminatory-language-toward-narcissism-and-mental-health-994fb17f/index.html[22m [2m(+276ms)[22m 
[2m12:45:00[22m   [34m├─[39m [2m/en/news/criticism-of-franchise-owner-profiting-from-disability-support-and-cat-rescue-80d7b689/index.html[22m [2m(+296ms)[22m 
[2m12:45:01[22m   [34m├─[39m [2m/en/news/concerns-about-legal-and-medical-support-for-people-with-disabilities-69e2db0f/index.html[22m [2m(+291ms)[22m 
[2m12:45:01[22m   [34m├─[39m [2m/en/news/employee-suspended-for-forging-disability-handbook-to-travel-64fccd9f/index.html[22m [2m(+309ms)[22m 
[2m12:45:01[22m   [34m├─[39m [2m/en/news/warning-about-people-faking-disability-to-get-discounts-cff598c6/index.html[22m [2m(+268ms)[22m 
[2m12:45:02[22m   [34m├─[39m [2m/en/news/discussion-on-disability-employment-challenges-8a39d1a3/index.html[22m [2m(+297ms)[22m 
[2m12:45:02[22m   [34m├─[39m [2m/en/news/disability-employment-focuses-on-growth-not-just-numbers-fd0117cc/index.html[22m [2m(+302ms)[22m 
[2m12:45:02[22m   [34m├─[39m [2m/en/news/parents-tweet-expresses-harmful-view-about-disabled-child-789bb4f1/index.html[22m [2m(+279ms)[22m 
[2m12:45:02[22m   [34m├─[39m [2m/en/news/who-cites-disabled-world-citations-and-references-de1a351c/index.html[22m [2m(+323ms)[22m 
[2m12:45:03[22m   [34m├─[39m [2m/en/news/binghamtonedu-homepage-recognized-for-accessibility-9b844cb8/index.html[22m [2m(+298ms)[22m 
[2m12:45:03[22m   [34m├─[39m [2m/en/news/salmon-arm-woman-expands-focus-on-accessibility-to-columbia-shuswap-5517e14c/index.html[22m [2m(+249ms)[22m 
[2m12:45:03[22m   [34m├─[39m [2m/en/news/at-redcabin-accessibility-became-a-cabin-innovation-conversation-runway-girl-53802749/index.html[22m [2m(+341ms)[22m 
[2m12:45:04[22m   [34m├─[39m [2m/en/news/fukang-li-children-and-senior-activity-center-installs-accessible-elevator-35fc2526/index.html[22m [2m(+295ms)[22m 
[2m12:45:04[22m   [34m├─[39m [2m/en/news/building-accessibility-in-from-the-start-is-easier-than-retrofitting-38a3c833/index.html[22m [2m(+277ms)[22m 
[2m12:45:04[22m   [34m├─[39m [2m/en/news/archbishop-elpidophoros-receives-stelios-kympouropoulos-greeces-new-accessibilit-d34d26d2/index.html[22m [2m(+320ms)[22m 
[2m12:45:05[22m   [34m├─[39m [2m/en/news/great-american-clean-up-brings-accessibility-stewardship-and-community-together--c46d0cf6/index.html[22m [2m(+278ms)[22m 
[2m12:45:05[22m   [34m├─[39m [2m/en/news/hancock-library-hosts-community-conversation-on-accessibility-8b8ce3d7/index.html[22m [2m(+273ms)[22m 
[2m12:45:05[22m   [34m├─[39m [2m/en/news/disabled-world-vs-government-sources-when-to-use-which-327621a6/index.html[22m [2m(+286ms)[22m 
[2m12:45:05[22m   [34m├─[39m [2m/en/news/employment-selection-support-launched-to-prevent-disability-workers-from-being-p-4b3bae9f/index.html[22m [2m(+271ms)[22m 
[2m12:45:06[22m   [34m├─[39m [2m/en/news/epilepsy-raises-concerns-about-workplace-safety-due-to-high-fainting-risk-f8952f3d/index.html[22m [2m(+302ms)[22m 
[2m12:45:06[22m   [34m├─[39m [2m/en/news/user-receives-grade-1-disability-certification-e36c26b4/index.html[22m [2m(+310ms)[22m 
[2m12:45:06[22m   [34m├─[39m [2m/en/news/india-marks-12-years-of-accessible-and-inclusive-initiatives-for-persons-with-di-c6ddcc44/index.html[22m [2m(+242ms)[22m 
[2m12:45:07[22m   [34m├─[39m [2m/en/news/person-with-disability-confronted-for-loudly-stating-their-condition-929ec49f/index.html[22m [2m(+274ms)[22m 
[2m12:45:07[22m   [34m├─[39m [2m/en/news/barrier-free-station-toilets-noted-75e0da54/index.html[22m [2m(+309ms)[22m 
[2m12:45:07[22m   [34m├─[39m [2m/en/news/challenges-in-obtaining-disability-pensions-for-certain-mental-health-conditions-8d1976f5/index.html[22m [2m(+290ms)[22m 
[2m12:45:07[22m   [34m├─[39m [2m/en/news/waterford-council-highlights-accessibility-initiatives-in-corporate-plan-progres-099e00ff/index.html[22m [2m(+346ms)[22m 
[2m12:45:08[22m   [34m├─[39m [2m/en/news/disability-welfare-service-manager-qualification-explained-6f1fa41e/index.html[22m [2m(+302ms)[22m 
[2m12:45:08[22m   [34m├─[39m [2m/en/news/discussion-on-perceptions-of-autism-spectrum-disorder-and-developmental-disabili-116b8a7c/index.html[22m [2m(+284ms)[22m 
[2m12:45:08[22m   [34m├─[39m [2m/en/news/disability-inclusive-agriculture-jobs-mentioned-8800c5fb/index.html[22m [2m(+291ms)[22m 
[2m12:45:09[22m   [34m├─[39m [2m/en/news/critique-of-ableist-stereotypes-labeling-disabled-people-as-lazy-bad8e3ef/index.html[22m [2m(+249ms)[22m 
[2m12:45:09[22m   [34m├─[39m [2m/en/news/user-expresses-difficulty-understanding-due-to-disability-b0652f75/index.html[22m [2m(+331ms)[22m 
[2m12:45:09[22m   [34m├─[39m [2m/en/news/new-pad-designed-for-people-with-disabilities-9b7ca77d/index.html[22m [2m(+324ms)[22m 
[2m12:45:10[22m   [34m├─[39m [2m/en/news/disability-advocacy-highlights-genetic-diversity-b59e0b2b/index.html[22m [2m(+297ms)[22m 
[2m12:45:10[22m   [34m├─[39m [2m/en/news/srikanth-bollas-journey-challenges-systemic-inclusion-6d1f5ecf/index.html[22m [2m(+286ms)[22m 
[2m12:45:10[22m   [34m├─[39m [2m/en/news/universal-design-learning-session-concludes-788ede50/index.html[22m [2m(+324ms)[22m 
[2m12:45:10[22m   [34m├─[39m [2m/en/news/cannot-cross-wide-crosswalk-due-to-double-cane-use-82202e54/index.html[22m [2m(+293ms)[22m 
[2m12:45:11[22m   [34m├─[39m [2m/en/news/advocates-considerate-behavior-toward-people-with-disabilities-1603eb7b/index.html[22m [2m(+270ms)[22m 
[2m12:45:11[22m   [34m├─[39m [2m/en/news/only-disability-quota-job-allowed-flexible-breaks-6bfd09d0/index.html[22m [2m(+426ms)[22m 
[2m12:45:11[22m   [34m├─[39m [2m/en/news/indigo-fails-wheelchair-passenger-on-srinagar-surat-flight-a9a0f618/index.html[22m [2m(+401ms)[22m 
[2m12:45:12[22m   [34m├─[39m [2m/en/news/positive-diary-of-a-person-with-mental-disability-50f6bbee/index.html[22m [2m(+335ms)[22m 
[2m12:45:12[22m   [34m├─[39m [2m/en/news/press-machines-pose-disability-risks-only-trained-operators-should-operate-them-771b9c45/index.html[22m [2m(+320ms)[22m 
[2m12:45:13[22m   [34m├─[39m [2m/en/news/critique-of-disability-excuse-mentality-0ea00c8a/index.html[22m [2m(+311ms)[22m 
[2m12:45:13[22m   [34m├─[39m [2m/en/news/visually-impaired-gay-man-reflects-on-meeting-partner-through-same-sex-marriage-075a2acf/index.html[22m [2m(+304ms)[22m 
[2m12:45:13[22m   [34m├─[39m [2m/en/news/individual-hired-via-disability-quota-shares-gratitude-and-job-security-concerns-24c8f208/index.html[22m [2m(+287ms)[22m 
[2m12:45:13[22m   [34m├─[39m [2m/en/news/minato-mirai-hall-announces-second-closure-for-facility-upgrades-including-barri-d3a2c492/index.html[22m [2m(+317ms)[22m 
[2m12:45:14[22m   [34m├─[39m [2m/en/news/youtube-video-asks-what-accessibility-means-to-individuals-d4f367f4/index.html[22m [2m(+288ms)[22m 
[2m12:45:14[22m   [34m├─[39m [2m/en/news/challenges-faced-by-people-with-mild-disabilities-and-mental-health-conditions-6d9005f3/index.html[22m [2m(+345ms)[22m 
[2m12:45:14[22m   [34m├─[39m [2m/en/news/us-described-as-harsh-for-weak-persons-but-supportive-of-disabled-advocacy-9aa39823/index.html[22m [2m(+338ms)[22m 
[2m12:45:15[22m   [34m├─[39m [2m/en/news/disability-brand-cocoreti-releases-blue-hologram-resin-snowflake-keychain-83b275f5/index.html[22m [2m(+358ms)[22m 
[2m12:45:15[22m   [34m├─[39m [2m/en/news/lack-of-disability-support-services-forces-refusal-of-selection-assistance-reque-02f2b318/index.html[22m [2m(+281ms)[22m 
[2m12:45:15[22m   [34m├─[39m [2m/en/news/strange-pride-hinders-employment-for-people-with-disabilities-a46c1db1/index.html[22m [2m(+336ms)[22m 
[2m12:45:16[22m   [34m├─[39m [2m/en/news/supporter-festival-performance-at-intellectual-disability-welfare-center-ca91d551/index.html[22m [2m(+285ms)[22m 
[2m12:45:16[22m   [34m├─[39m [2m/en/news/japanese-parliament-bans-canes-for-spectators-despite-allowing-other-aids-1ffb98d4/index.html[22m [2m(+297ms)[22m 
[2m12:45:16[22m   [34m├─[39m [2m/en/news/coworker-with-disability-noticed-for-unique-presence-and-medication-routine-48180e8c/index.html[22m [2m(+279ms)[22m 
[2m12:45:17[22m   [34m├─[39m [2m/en/news/japans-sheltered-workshops-pay-disabled-workers-only-20000month-4bc268f3/index.html[22m [2m(+278ms)[22m 
[2m12:45:17[22m   [34m├─[39m [2m/en/news/disabled-person-celebrated-for-energetic-work-aee84b79/index.html[22m [2m(+319ms)[22m 
[2m12:45:17[22m   [34m├─[39m [2m/en/news/critique-of-using-disability-as-a-shield-to-avoid-accountability-714b234b/index.html[22m [2m(+339ms)[22m 
[2m12:45:17[22m   [34m├─[39m [2m/en/news/osaka-city-employee-suspended-for-forged-disability-id-on-train-e52937d5/index.html[22m [2m(+315ms)[22m 
[2m12:45:18[22m   [34m├─[39m [2m/en/news/second-type-disability-handbook-not-eligible-for-transport-ic-linking-b567e27f/index.html[22m [2m(+306ms)[22m 
[2m12:45:18[22m   [34m├─[39m [2m/en/news/living-on-disability-pension-described-as-challenging-for-neet-individuals-f3948596/index.html[22m [2m(+292ms)[22m 
[2m12:45:18[22m   [34m├─[39m [2m/en/news/japan-urged-to-prioritize-barrier-free-improvements-before-cash-handouts-49279364/index.html[22m [2m(+319ms)[22m 
[2m12:45:19[22m   [34m├─[39m [2m/en/news/disability-employment-hiring-confirmed-for-july-start-9d3bfcfb/index.html[22m [2m(+277ms)[22m 
[2m12:45:19[22m   [34m├─[39m [2m/en/news/selfstigmatizing-statement-links-disability-to-wish-for-death-1b4ea35f/index.html[22m [2m(+284ms)[22m 
[2m12:45:19[22m   [34m├─[39m [2m/en/news/user-reports-missing-disability-pension-affects-motivation-to-attend-work-progra-f7ecf0d0/index.html[22m [2m(+362ms)[22m 
[2m12:45:20[22m   [34m├─[39m [2m/en/news/job-search-struggles-for-disabled-artist-9f9d0c95/index.html[22m [2m(+300ms)[22m 
[2m12:45:20[22m   [34m├─[39m [2m/en/news/daisy-consortium-meeting-in-oslo-advances-accessible-reading-5e1c75b4/index.html[22m [2m(+306ms)[22m 
[2m12:45:20[22m   [34m├─[39m [2m/en/news/smart-parking-highlights-accessibility-benefits-for-dental-practices-374af569/index.html[22m [2m(+282ms)[22m 
[2m12:45:21[22m   [34m├─[39m [2m/en/news/barrier-free-towable-toilet-displayed-for-wheelchair-users-in-ehime-3ca261d6/index.html[22m [2m(+270ms)[22m 
[2m12:45:21[22m   [34m├─[39m [2m/en/news/debate-over-elevator-installation-in-nagoya-castle-reconstruction-8cbb4838/index.html[22m [2m(+286ms)[22m 
[2m12:45:21[22m   [34m├─[39m [2m/en/news/advice-to-seek-disability-welfare-support-for-backup-needs-72856158/index.html[22m [2m(+316ms)[22m 
[2m12:45:21[22m   [34m├─[39m [2m/en/news/barrier-free-screening-of-osomatsu-san-film-with-audio-guide-and-subtitles-f0e51d19/index.html[22m [2m(+268ms)[22m 
[2m12:45:22[22m   [34m├─[39m [2m/en/news/accessible-code-leaflet-teaches-gentle-voice-approach-1315de37/index.html[22m [2m(+346ms)[22m 
[2m12:45:22[22m   [34m├─[39m [2m/en/news/reports-of-immigrant-perpetrated-abuse-against-elderly-disabled-people-in-europe-6278ac0b/index.html[22m [2m(+289ms)[22m 
[2m12:45:22[22m   [34m├─[39m [2m/en/news/derogatory-comment-about-a-disabled-person-spreads-on-japanese-twitter-fbbd6e7a/index.html[22m [2m(+254ms)[22m 
[2m12:45:23[22m   [34m├─[39m [2m/en/news/caregiver-describes-strain-of-supporting-disabled-persons-e817255c/index.html[22m [2m(+275ms)[22m 
[2m12:45:23[22m   [34m├─[39m [2m/en/news/fan-secures-barrier-free-seats-for-nogizaka46-concert-for-second-year-8987cb2b/index.html[22m [2m(+362ms)[22m 
[2m12:45:23[22m   [34m├─[39m [2m/en/news/user-self-identifies-as-having-a-disability-ed40b32b/index.html[22m [2m(+277ms)[22m 
[2m12:45:23[22m   [34m├─[39m [2m/en/news/person-apologizes-for-being-disabled-f4ab7d66/index.html[22m [2m(+316ms)[22m 
[2m12:45:24[22m   [34m├─[39m [2m/en/news/discussion-about-disability-pension-eligibility-despite-savings-989065c1/index.html[22m [2m(+328ms)[22m 
[2m12:45:24[22m   [34m├─[39m [2m/en/news/worker-reflects-on-realizing-they-have-a-disability-b75c7640/index.html[22m [2m(+337ms)[22m 
[2m12:45:24[22m   [34m├─[39m [2m/en/news/disabled-world-editorial-policy-and-publishing-standards-5e275b8e/index.html[22m [2m(+310ms)[22m 
[2m12:45:25[22m   [34m├─[39m [2m/en/news/nt5-million-invested-to-improve-accessibility-fuan-li-children-and-seniors-activ-0aba166e/index.html[22m [2m(+279ms)[22m 
[2m12:45:25[22m   [34m├─[39m [2m/en/news/takadanobaba-station-improves-accessibility-for-visually-impaired-passengers-36cf43a2/index.html[22m [2m(+334ms)[22m 
[2m12:45:25[22m   [34m├─[39m [2m/en/news/mayor-hirosawa-urges-barrier-free-action-b83b90da/index.html[22m [2m(+293ms)[22m 
[2m12:45:26[22m   [34m├─[39m [2m/en/news/ssai-association-shares-disability-sports-insight-81321027/index.html[22m [2m(+289ms)[22m 
[2m12:45:26[22m   [34m├─[39m [2m/en/news/mission-44-launches-ambitious-about-inclusion-series-across-uk-cities-5290ab8f/index.html[22m [2m(+294ms)[22m 
[2m12:45:26[22m   [34m├─[39m [2m/en/news/person-with-developmental-disability-shares-journey-to-employment-via-disability-0fff1467/index.html[22m [2m(+300ms)[22m 
[2m12:45:27[22m   [34m├─[39m [2m/en/news/community-centre-step-removed-to-improve-accessibility-for-elderly-residents-738d991e/index.html[22m [2m(+376ms)[22m 
[2m12:45:27[22m   [34m├─[39m [2m/en/news/net-lynching-of-people-with-intellectual-disabilities-condemned-6b4f9433/index.html[22m [2m(+277ms)[22m 
[2m12:45:27[22m   [34m├─[39m [2m/en/news/user-expresses-frustration-over-disability-stigma-05afedc8/index.html[22m [2m(+277ms)[22m 
[2m12:45:27[22m   [34m├─[39m [2m/en/news/disabled-patients-receive-dental-care-in-japan-fc981c44/index.html[22m [2m(+305ms)[22m 
[2m12:45:28[22m   [34m├─[39m [2m/en/news/para-sports-consortium-meeting-held-in-shizuoka-ad188ea7/index.html[22m [2m(+257ms)[22m 
[2m12:45:28[22m   [34m├─[39m [2m/en/news/individual-with-developmental-disability-questions-masking-as-neurotypical-fd310787/index.html[22m [2m(+264ms)[22m 
[2m12:45:28[22m   [34m├─[39m [2m/en/news/discussion-on-disability-types-and-desire-for-medical-improvement-a3e459e0/index.html[22m [2m(+322ms)[22m 
[2m12:45:29[22m   [34m├─[39m [2m/en/news/ev-bus-exhibition-features-barrier-free-portable-toilet-e821042e/index.html[22m [2m(+334ms)[22m 
[2m12:45:29[22m   [34m├─[39m [2m/en/news/advocacy-for-inclusive-employment-and-political-commentary-7ede293f/index.html[22m [2m(+311ms)[22m 
[2m12:45:29[22m   [34m├─[39m [2m/en/news/plans-to-include-disabled-golf-in-the-2032-paralympics-13b75d67/index.html[22m [2m(+299ms)[22m 
[2m12:45:30[22m   [34m├─[39m [2m/en/news/frustration-over-disability-certification-process-for-severe-developmental-disab-c4982a86/index.html[22m [2m(+288ms)[22m 
[2m12:45:30[22m   [34m├─[39m [2m/en/news/discussion-on-developmental-disability-and-iq-variability-a1870de7/index.html[22m [2m(+258ms)[22m 
[2m12:45:30[22m   [34m├─[39m [2m/en/news/first-visit-to-a-disabled-dentist-for-a-wheelchair-using-child-60f1c1df/index.html[22m [2m(+310ms)[22m 
[2m12:45:30[22m   [34m├─[39m [2m/en/news/alzheimers-research-shifts-beyond-amyloid-hypothesis-47fac382/index.html[22m [2m(+286ms)[22m 
[2m12:45:31[22m   [34m├─[39m [2m/en/news/artist-shares-scratch-art-flower-creation-under-disability-art-tag-778b1d25/index.html[22m [2m(+281ms)[22m 
[2m12:45:31[22m   [34m├─[39m [2m/en/news/worker-describes-verbal-abuse-toward-client-with-personality-disorder-37579687/index.html[22m [2m(+278ms)[22m 
[2m12:45:31[22m   [34m├─[39m [2m/en/news/disabled-student-assaulted-near-police-box-53edaa83/index.html[22m [2m(+392ms)[22m 
[2m12:45:32[22m   [34m├─[39m [2m/en/news/parent-shares-joyful-friday-routine-with-daughter-who-has-autism-and-intellectua-9fcf31fa/index.html[22m [2m(+356ms)[22m 
[2m12:45:32[22m   [34m├─[39m [2m/en/news/salute-restaurant-supports-disability-and-elderly-employment-f0a1a8c3/index.html[22m [2m(+325ms)[22m 
[2m12:45:32[22m   [34m├─[39m [2m/en/news/user-mocks-someone-as-disabled-in-tweet-360bbe57/index.html[22m [2m(+310ms)[22m 
[2m12:45:33[22m   [34m├─[39m [2m/en/news/barrierfree-hotel-rooms-for-elderly-and-wheelchair-users-572fb7d1/index.html[22m [2m(+323ms)[22m 
[2m12:45:33[22m   [34m├─[39m [2m/en/news/disability-advocate-notes-improved-support-system-in-japan-compared-to-past-6baeb4b8/index.html[22m [2m(+305ms)[22m 
[2m12:45:33[22m   [34m├─[39m [2m/en/news/disability-inclusion-roadshow-supports-women-entrepreneurs-992346df/index.html[22m [2m(+386ms)[22m 
[2m12:45:34[22m   [34m├─[39m [2m/en/news/the-business-of-events-welcomes-accessibility-campaigner-dr-shani-dhanda-as-new--6df8a315/index.html[22m [2m(+323ms)[22m 
[2m12:45:34[22m   [34m├─[39m [2m/en/news/openai-urged-to-keep-choice-and-accessibility-in-model-4o-e41fc91c/index.html[22m [2m(+370ms)[22m 
[2m12:45:34[22m   [34m├─[39m [2m/en/news/concerns-over-safety-in-disability-group-home-efcabec1/index.html[22m [2m(+330ms)[22m 
[2m12:45:35[22m   [34m├─[39m [2m/en/news/question-about-disabled-passengers-on-subway-0bf89bfa/index.html[22m [2m(+345ms)[22m 
[2m12:45:35[22m   [34m├─[39m [2m/en/news/tv-feature-highlights-disability-focused-marriage-agency-for-single-mother-with--0b1d8e99/index.html[22m [2m(+289ms)[22m 
[2m12:45:35[22m   [34m├─[39m [2m/en/news/lack-of-reasonable-accommodation-for-disability-supporters-cc0559be/index.html[22m [2m(+266ms)[22m 
[2m12:45:36[22m   [34m├─[39m [2m/en/news/accessibility-as-a-key-factor-for-web3-adoption-d7e972d4/index.html[22m [2m(+316ms)[22m 
[2m12:45:36[22m   [34m├─[39m [2m/en/news/japanese-video-editor-overcomes-disability-287f2069/index.html[22m [2m(+277ms)[22m 
[2m12:45:36[22m   [34m├─[39m [2m/en/news/concern-over-missing-handrails-on-local-road-for-elderly-and-disabled-pedestrian-c9459db2/index.html[22m [2m(+280ms)[22m 
[2m12:45:36[22m   [34m├─[39m [2m/en/news/neighbors-good-june-2026-issue-highlights-disability-inclusive-web-radio-and-com-7248e50d/index.html[22m [2m(+358ms)[22m 
[2m12:45:37[22m   [34m├─[39m [2m/en/news/radio-program-highlights-nursing-care-for-children-with-severe-disabilities-df2ca39e/index.html[22m [2m(+292ms)[22m 
[2m12:45:37[22m   [34m├─[39m [2m/en/news/mother-of-child-with-intellectual-disability-faces-lack-of-empathy-on-train-76f6c90a/index.html[22m [2m(+320ms)[22m 
[2m12:45:37[22m   [34m├─[39m [2m/en/news/author-notes-stark-differences-between-people-with-disabilities-and-others-d8203009/index.html[22m [2m(+344ms)[22m 
[2m12:45:38[22m   [34m├─[39m [2m/en/news/northampton-town-invites-supporters-needing-assistance-to-accessibility-forum-85686729/index.html[22m [2m(+330ms)[22m 
[2m12:45:38[22m   [34m├─[39m [2m/en/news/podcast-episode-discusses-cancer-discharge-and-accessibility-card-for-events-9af9bebc/index.html[22m [2m(+276ms)[22m 
[2m12:45:38[22m   [34m├─[39m [2m/en/news/worker-with-disability-shocked-by-supervisors-dismissive-response-e514b7cf/index.html[22m [2m(+285ms)[22m 
[2m12:45:39[22m   [34m├─[39m [2m/en/news/japanese-communist-party-criticized-for-disregarding-visual-impairment-needs-0482d1c4/index.html[22m [2m(+230ms)[22m 
[2m12:45:39[22m   [34m├─[39m [2m/en/news/increase-in-intellectual-disability-ridership-on-tobu-noda-line-noted-4c44682b/index.html[22m [2m(+372ms)[22m 
[2m12:45:39[22m   [34m├─[39m [2m/en/news/disability-facility-market-sells-handmade-goods-in-kita-ward-a11dea2f/index.html[22m [2m(+250ms)[22m 
[2m12:45:40[22m   [34m├─[39m [2m/en/news/key-visual-released-for-inclusive-nagase-cup-2026-ea93e0ac/index.html[22m [2m(+348ms)[22m 
[2m12:45:40[22m   [34m├─[39m [2m/en/news/individual-with-adhd-shares-diagnosis-and-disability-handbook-eligibility-8df4469b/index.html[22m [2m(+287ms)[22m 
[2m12:45:40[22m   [34m├─[39m [2m/en/news/disability-inclusive-office-job-posted-at-1450-yenhour-90af624d/index.html[22m [2m(+306ms)[22m 
[2m12:45:40[22m   [34m├─[39m [2m/en/news/speculation-about-disability-markers-in-social-behavior-e122c5bf/index.html[22m [2m(+272ms)[22m 
[2m12:45:41[22m   [34m├─[39m [2m/en/news/advancing-inclusivity-in-electrophysiology-careers-2b40b8d5/index.html[22m [2m(+315ms)[22m 
[2m12:45:41[22m   [34m├─[39m [2m/en/news/disabled-person-describes-fear-of-freedom-after-years-of-direction-d4e647a8/index.html[22m [2m(+284ms)[22m 
[2m12:45:41[22m   [34m├─[39m [2m/en/news/user-uses-disability-as-insult-in-comment-on-driving-behavior-11c67dea/index.html[22m [2m(+361ms)[22m 
[2m12:45:42[22m   [34m├─[39m [2m/en/news/discussion-on-disability-pension-sparks-controversy-d63f7e53/index.html[22m [2m(+346ms)[22m 
[2m12:45:42[22m   [34m├─[39m [2m/en/news/barrier-free-renovation-subsidy-check-app-launched-e593f851/index.html[22m [2m(+274ms)[22m 
[2m12:45:42[22m   [34m├─[39m [2m/en/news/ryokan-ginraku-launches-fully-barrierfree-inn-and-inclusive-tourism-model-6c42439d/index.html[22m [2m(+283ms)[22m 
[2m12:45:43[22m   [34m├─[39m [2m/en/news/experts-warn-against-focusing-gastrostomy-discussion-solely-on-elderly-patients-b7e6f3be/index.html[22m [2m(+287ms)[22m 
[2m12:45:43[22m   [34m├─[39m [2m/en/news/overview-of-japanese-disability-workshops-0883c89f/index.html[22m [2m(+363ms)[22m 
[2m12:45:43[22m   [34m├─[39m [2m/en/news/researcher-affirms-stance-against-sexual-violence-in-developmental-disability-co-0d9e284f/index.html[22m [2m(+258ms)[22m 
[2m12:45:43[22m   [34m├─[39m [2m/en/news/barrier-free-housing-initiative-promotes-inclusive-living-cfa468bd/index.html[22m [2m(+294ms)[22m 
[2m12:45:44[22m   [34m├─[39m [2m/en/news/at-seat-qr-codes-deliver-travel-information-to-passengers-eac158b4/index.html[22m [2m(+350ms)[22m 
[2m12:45:44[22m   [34m├─[39m [2m/en/news/user-updates-disability-handbook-and-attends-rehab-after-resignation-9c6d51ef/index.html[22m [2m(+331ms)[22m 
[2m12:45:44[22m   [34m├─[39m [2m/en/news/disability-related-discussion-0e097d6e/index.html[22m [2m(+261ms)[22m 
[2m12:45:45[22m   [34m├─[39m [2m/en/news/barrier-free-bar-meme-prepares-for-opening-672f6acd/index.html[22m [2m(+282ms)[22m 
[2m12:45:45[22m   [34m├─[39m [2m/en/news/personal-reflection-on-living-with-disability-99d01a51/index.html[22m [2m(+259ms)[22m 
[2m12:45:45[22m   [34m├─[39m [2m/en/news/fao-hiring-disability-inclusion-facilitator-516c1b06/index.html[22m [2m(+267ms)[22m 
[2m12:45:46[22m   [34m├─[39m [2m/en/news/discussion-on-perceptions-of-bipolar-disorder-and-disability-d80be06a/index.html[22m [2m(+305ms)[22m 
[2m12:45:46[22m   [34m├─[39m [2m/en/news/debate-over-death-penalty-for-defendant-with-moderate-intellectual-disability-251575b1/index.html[22m [2m(+301ms)[22m 
[2m12:45:46[22m   [34m├─[39m [2m/en/news/disabled-employees-near-50-in-company-after-7-years-8bb31bc1/index.html[22m [2m(+365ms)[22m 
[2m12:45:47[22m   [34m├─[39m [2m/en/news/crisby-foundation-promotes-inclusion-and-opportunity-f143f3a4/index.html[22m [2m(+278ms)[22m 
[2m12:45:47[22m   [34m├─[39m [2m/en/news/festival-highlights-blind-practitioner-sugiyama-waichis-legacy-fe58bf42/index.html[22m [2m(+267ms)[22m 
[2m12:45:47[22m   [34m├─[39m [2m/en/news/user-updates-medical-certificate-for-mental-health-disability-d3eecd08/index.html[22m [2m(+282ms)[22m 
[2m12:45:47[22m   [34m├─[39m [2m/en/news/free-event-for-supporters-of-children-with-disabilities-announced-for-july-4-276b8ac8/index.html[22m [2m(+250ms)[22m 
[2m12:45:48[22m   [34m├─[39m [2m/en/news/barrier-free-universal-twin-room-offered-for-elderly-and-wheelchair-users-7fcd5e16/index.html[22m [2m(+300ms)[22m 
[2m12:45:48[22m   [34m├─[39m [2m/en/news/volunteer-opportunity-at-disability-care-facilities-for-students-cc690fd9/index.html[22m [2m(+272ms)[22m 
[2m12:45:48[22m   [34m├─[39m [2m/en/news/kose-wins-wood-design-award-for-strokefriendly-packaging-92c01a2b/index.html[22m [2m(+310ms)[22m 
[2m12:45:48[22m   [34m├─[39m [2m/en/news/childrens-book-wins-award-for-universal-design-typeface-with-furigana-e1a74273/index.html[22m [2m(+395ms)[22m 
[2m12:45:49[22m   [34m├─[39m [2m/en/news/continued-employment-support-b-type-promotes-inclusive-work-for-people-with-disa-3618e5c1/index.html[22m [2m(+244ms)[22m 
[2m12:45:49[22m   [34m├─[39m [2m/en/news/smarthr-diverseops-shares-self-introduction-content-focusing-on-disability-emplo-47e8e69c/index.html[22m [2m(+267ms)[22m 
[2m12:45:49[22m   [34m├─[39m [2m/en/news/tokyo-invites-disability-community-to-participate-in-tsunagaru-ongakai-music-eve-3aa4991e/index.html[22m [2m(+265ms)[22m 
[2m12:45:50[22m   [34m├─[39m [2m/en/news/chaco-web-concludes-its-web-accessibility-podcast-after-two-years-c84722a0/index.html[22m [2m(+270ms)[22m 
[2m12:45:50[22m   [34m├─[39m [2m/en/news/toto-and-ykk-ap-showcase-universal-design-bathroom-and-toilet-experience-da111cba/index.html[22m [2m(+286ms)[22m 
[2m12:45:50[22m   [34m├─[39m [2m/en/news/report-of-harassment-toward-a-disabled-person-sparks-discussion-07e8860f/index.html[22m [2m(+249ms)[22m 
[2m12:45:50[22m   [34m├─[39m [2m/en/news/after-36-years-of-waiting-fuan-activity-centres-barrier-free-elevator-opens-892129bd/index.html[22m [2m(+304ms)[22m 
[2m12:45:51[22m   [34m├─[39m [2m/en/news/after-36year-wait-fukang-activity-centers-accessible-elevator-opens-c70d1183/index.html[22m [2m(+368ms)[22m 
[2m12:45:51[22m   [34m├─[39m [2m/en/news/after-36-year-wait-fuan-activity-centers-barrier-free-elevator-opens-b4352820/index.html[22m [2m(+310ms)[22m 
[2m12:45:51[22m   [34m├─[39m [2m/en/news/old-house-longevity-subsidy-launched-miaoli-county-assists-in-repairing-houses-o-779f99a4/index.html[22m [2m(+260ms)[22m 
[2m12:45:52[22m   [34m├─[39m [2m/en/news/global-accessibility-awareness-day-highlighted-as-serious-initiative-9631c249/index.html[22m [2m(+316ms)[22m 
[2m12:45:52[22m   [34m├─[39m [2m/en/news/fukang-li-children-and-senior-activity-center-in-west-district-taichung-installs-0b21a95f/index.html[22m [2m(+291ms)[22m 
[2m12:45:52[22m   [34m├─[39m [2m/en/news/nagoya-city-council-requests-enhanced-support-for-disability-households-amid-eco-b1f317f2/index.html[22m [2m(+312ms)[22m 
[2m12:45:53[22m   [34m├─[39m [2m/en/news/kushikatsu-tanaka-updates-menu-for-visually-impaired-customers-059820b1/index.html[22m [2m(+321ms)[22m 
[2m12:45:53[22m   [34m├─[39m [2m/en/news/conflict-over-behavior-of-employee-with-developmental-disability-511a199e/index.html[22m [2m(+290ms)[22m 
[2m12:45:53[22m   [34m├─[39m [2m/en/news/barrier-free-store-praised-for-accessibility-and-service-27918c92/index.html[22m [2m(+334ms)[22m 
[2m12:45:54[22m   [34m├─[39m [2m/en/news/un-ga-president-visits-kenya-to-promote-inclusive-digital-skills-398117cc/index.html[22m [2m(+278ms)[22m 
[2m12:45:54[22m   [34m├─[39m [2m/en/news/perx-platform-highlights-accessibility-in-decentralized-trading-beeb13c9/index.html[22m [2m(+281ms)[22m 
[2m12:45:54[22m   [34m├─[39m [2m/en/news/support-blog-update-understanding-developmental-disability-testing-96a8b161/index.html[22m [2m(+276ms)[22m 
[2m12:45:54[22m   [34m├─[39m [2m/en/news/caregiver-wage-protest-highlights-disability-funding-concerns-bbb1032b/index.html[22m [2m(+270ms)[22m 
[2m12:45:55[22m   [34m├─[39m [2m/en/news/individual-shares-experience-of-depression-disability-certification-and-hikikomo-c88c8b54/index.html[22m [2m(+295ms)[22m 
[2m12:45:55[22m   [34m├─[39m [2m/en/news/person-questions-why-foreigners-access-support-systems-more-easily-than-disabled-ff0b4af7/index.html[22m [2m(+270ms)[22m 
[2m12:45:55[22m   [34m├─[39m [2m/en/news/disability-employment-support-begins-after-interviews-d02e8407/index.html[22m [2m(+275ms)[22m 
[2m12:45:56[22m   [34m├─[39m [2m/en/news/welfare-job-fair-for-elderly-disability-and-childcare-services-5e976ef6/index.html[22m [2m(+386ms)[22m 
[2m12:45:56[22m   [34m├─[39m [2m/en/news/concerns-over-accessibility-barriers-at-public-transit-31044002/index.html[22m [2m(+302ms)[22m 
[2m12:45:56[22m   [34m├─[39m [2m/en/news/training-on-supporting-social-emotional-and-mental-health-needs-in-classrooms-e68875eb/index.html[22m [2m(+260ms)[22m 
[2m12:45:56[22m   [34m├─[39m [2m/en/news/suzuri-accessibility-walkthrough-conducted-c6bbd93c/index.html[22m [2m(+285ms)[22m 
[2m12:45:57[22m   [34m├─[39m [2m/en/news/integration-vs-inclusion-in-disability-support-e4bf2cc2/index.html[22m [2m(+270ms)[22m 
[2m12:45:57[22m   [34m├─[39m [2m/en/news/bulk-alt-text-generator-web-app-released-0f8a25a8/index.html[22m [2m(+301ms)[22m 
[2m12:45:57[22m   [34m├─[39m [2m/en/news/discussion-on-welfare-misconceptions-affecting-disabled-people-b9049ebb/index.html[22m [2m(+274ms)[22m 
[2m12:45:58[22m   [34m├─[39m [2m/en/news/nationwide-plan-to-open-three-integrated-childcare-and-child-development-centers-e93b2df6/index.html[22m [2m(+255ms)[22m 
[2m12:45:58[22m   [34m├─[39m [2m/en/news/foundation-stone-laid-for-leprosy-colony-housing-project-in-bhubaneswar-66090011/index.html[22m [2m(+348ms)[22m 
[2m12:45:58[22m   [34m├─[39m [2m/en/news/query-about-subsidies-for-barrier-free-renovations-c8affe9b/index.html[22m [2m(+261ms)[22m 
[2m12:45:58[22m   [34m├─[39m [2m/en/news/user-denies-being-labeled-as-mentally-disabled-2713a846/index.html[22m [2m(+270ms)[22m 
[2m12:45:59[22m   [34m├─[39m [2m/en/news/specialized-group-home-for-severe-behavioral-disabilities-opens-in-mie-1db056e2/index.html[22m [2m(+298ms)[22m 
[2m12:45:59[22m   [34m├─[39m [2m/en/news/debate-over-child-allowance-eligibility-for-non-residents-and-disability-welfare-d14fe11c/index.html[22m [2m(+270ms)[22m 
[2m12:45:59[22m   [34m├─[39m [2m/en/news/disability-certificate-procedures-completed-after-address-change-0750c355/index.html[22m [2m(+278ms)[22m 
[2m12:46:00[22m   [34m├─[39m [2m/en/news/eu-launches-tag-zim-funding-call-for-zimbabwe-csos-including-disability-inclusio-8a84b071/index.html[22m [2m(+320ms)[22m 
[2m12:46:00[22m   [34m├─[39m [2m/en/news/disability-certificate-application-process-in-tokyos-itabashi-ward-b666c319/index.html[22m [2m(+300ms)[22m 
[2m12:46:00[22m   [34m├─[39m [2m/en/news/barrier-free-e-sports-mahjong-stream-highlights-a24e5388/index.html[22m [2m(+358ms)[22m 
[2m12:46:01[22m   [34m├─[39m [2m/en/news/employment-support-offices-lack-understanding-of-disabled-workers-interests-0fe6bcf9/index.html[22m [2m(+264ms)[22m 
[2m12:46:01[22m   [34m├─[39m [2m/en/news/disability-job-seeker-advised-to-use-tokyo-shigoto-center-for-creative-work-4685f077/index.html[22m [2m(+257ms)[22m 
[2m12:46:01[22m   [34m├─[39m [2m/en/news/user-notes-barrier-free-measures-ineffective-for-spouse-who-falls-without-obstac-05aec233/index.html[22m [2m(+267ms)[22m 
[2m12:46:01[22m   [34m├─[39m [2m/en/news/city-hall-lacks-accessibility-for-disabled-visitors-9cabe08c/index.html[22m [2m(+291ms)[22m 
[2m12:46:02[22m   [34m├─[39m [2m/en/news/disability-allowance-clarified-in-welfare-discussions-66bfe7ae/index.html[22m [2m(+307ms)[22m 
[2m12:46:02[22m   [34m├─[39m [2m/en/news/cpay-emphasizes-accessibility-in-digital-payment-solutions-566ef59e/index.html[22m [2m(+293ms)[22m 
[2m12:46:02[22m   [34m├─[39m [2m/en/news/debate-over-medical-cost-burden-for-welfare-recipients-dcfee790/index.html[22m [2m(+276ms)[22m 
[2m12:46:02[22m   [34m├─[39m [2m/en/news/disability-support-cafe-lunch-offered-7c173926/index.html[22m [2m(+362ms)[22m 
[2m12:46:03[22m   [34m├─[39m [2m/en/news/sealdah-station-renovation-enhances-accessibility-ae8b20f6/index.html[22m [2m(+268ms)[22m 
[2m12:46:03[22m   [34m├─[39m [2m/en/news/barrier-free-esports-mahjong-stream-highlights-1e0db31c/index.html[22m [2m(+268ms)[22m 
[2m12:46:03[22m   [34m├─[39m [2m/en/news/barrier-free-design-benefits-everyone-4cd661fd/index.html[22m [2m(+290ms)[22m 
[2m12:46:04[22m   [34m├─[39m [2m/en/news/disability-job-quota-search-at-hello-work-2c911f1e/index.html[22m [2m(+296ms)[22m 
[2m12:46:04[22m   [34m├─[39m [2m/en/news/career-path-in-disability-support-services-across-life-stages-976fe2f0/index.html[22m [2m(+293ms)[22m 
[2m12:46:04[22m   [34m├─[39m [2m/en/news/mental-disability-comment-758f4bca/index.html[22m [2m(+285ms)[22m 
[2m12:46:05[22m   [34m├─[39m [2m/en/news/accessibility-as-a-market-advantage-a48958de/index.html[22m [2m(+311ms)[22m 
[2m12:46:05[22m   [34m├─[39m [2m/en/news/caring-for-a-physically-disabled-sibling-highlights-facility-coordination-challe-ddaf3e35/index.html[22m [2m(+368ms)[22m 
[2m12:46:05[22m   [34m├─[39m [2m/en/news/hamamatsu-offers-barrier-free-restaurants-for-diners-with-disabilities-b5cff807/index.html[22m [2m(+280ms)[22m 
[2m12:46:06[22m   [34m├─[39m [2m/en/news/questioning-the-desire-for-disability-certification-98efb8e3/index.html[22m [2m(+254ms)[22m 
[2m12:46:06[22m   [34m├─[39m [2m/en/news/reflections-on-disability-pension-adequacy-e9102bf4/index.html[22m [2m(+265ms)[22m 
[2m12:46:06[22m   [34m├─[39m [2m/en/news/wheelchair-friendly-raincoat-promotes-barrier-free-access-a8c9ab92/index.html[22m [2m(+340ms)[22m 
[2m12:46:06[22m   [34m├─[39m [2m/en/news/critique-of-rural-relocation-advice-for-people-with-disabilities-616a59b5/index.html[22m [2m(+345ms)[22m 
[2m12:46:07[22m   [34m├─[39m [2m/en/news/crime-prevention-training-held-for-visually-impaired-in-saga-f7743ddf/index.html[22m [2m(+274ms)[22m 
[2m12:46:07[22m   [34m├─[39m [2m/en/news/caregiver-expresses-strain-supporting-physically-disabled-brother-be6dd737/index.html[22m [2m(+295ms)[22m 
[2m12:46:07[22m   [34m├─[39m [2m/en/news/barrier-free-esports-community-highlights-accessible-mahjong-stream-959f8233/index.html[22m [2m(+359ms)[22m 
[2m12:46:08[22m   [34m├─[39m [2m/en/news/workplace-adjustments-enable-employees-with-disabilities-to-thrive-14138983/index.html[22m [2m(+302ms)[22m 
[2m12:46:08[22m   [34m├─[39m [2m/en/news/self-description-of-a-disabled-person-619e3a91/index.html[22m [2m(+255ms)[22m 
[2m12:46:08[22m   [34m├─[39m [2m/en/news/experience-of-a-sleep-disorder-1d57b1af/index.html[22m [2m(+315ms)[22m 
[2m12:46:09[22m   [34m├─[39m [2m/en/news/adhd-as-a-trait-not-a-disability-11d3169f/index.html[22m [2m(+290ms)[22m 
[2m12:46:09[22m   [34m├─[39m [2m/en/news/barrierfree-restaurant-guide-for-disabled-diners-in-hamamatsu-f05a9255/index.html[22m [2m(+268ms)[22m 
[2m12:46:09[22m   [34m├─[39m [2m/en/news/nagase-cup-2026-promotes-inclusive-sports-for-all-athletes-4cd21ccd/index.html[22m [2m(+285ms)[22m 
[2m12:46:09[22m   [34m├─[39m [2m/en/news/user-clarifies-they-are-not-disabled-amid-mental-disability-rumors-a581afb7/index.html[22m [2m(+295ms)[22m 
[2m12:46:10[22m   [34m├─[39m [2m/en/news/behind-the-bylines-news-should-be-accessible-it-should-not-be-effortless-0f6f6e07/index.html[22m [2m(+357ms)[22m 
[2m12:46:10[22m   [34m├─[39m [2m/en/news/community-generosity-creates-ada-accessible-improvements-at-camp-rainbow-d00038d0/index.html[22m [2m(+264ms)[22m 
[2m12:46:10[22m   [34m├─[39m [2m/en/news/exam-authorities-provide-assistive-tools-for-39-special-needs-examinees-in-teach-85f6b27e/index.html[22m [2m(+292ms)[22m 
[2m12:46:11[22m   [34m├─[39m [2m/en/news/car-owners-take-note-new-disability-licenseplate-tax-exemption-lets-families-sav-7c281528/index.html[22m [2m(+268ms)[22m 
[2m12:46:11[22m   [34m├─[39m [2m/en/news/free-adaptive-fishing-day-creates-accessibility-for-many-people-in-reno-sparks-66b6687c/index.html[22m [2m(+298ms)[22m 
[2m12:46:11[22m   [34m├─[39m [2m/en/news/sound-transit-launches-several-upgrades-as-summer-of-soccer-begins-accessibility-b9c28801/index.html[22m [2m(+267ms)[22m 
[2m12:46:11[22m   [34m├─[39m [2m/en/news/livonia-residents-raise-accessibility-concerns-at-city-hall-ahead-of-early-votin-821cccdd/index.html[22m [2m(+264ms)[22m 
[2m12:46:12[22m   [34m├─[39m [2m/en/news/2026-is-a-reporting-year-under-the-accessibility-for-ontarians-with-disabilities-03a5136a/index.html[22m [2m(+292ms)[22m 
[2m12:46:12[22m   [34m├─[39m [2m/en/news/2026-is-a-reporting-year-under-the-accessibility-for-ontarians-with-disabilities-245067df/index.html[22m [2m(+316ms)[22m 
[2m12:46:12[22m   [34m├─[39m [2m/en/news/cape-breton-woman-with-vision-loss-calls-for-reliable-accessibility-at-sydney-ci-5b6f6903/index.html[22m [2m(+276ms)[22m 
[2m12:46:13[22m   [34m├─[39m [2m/en/news/debate-over-abortion-and-down-syndrome-diagnosis-sparks-disability-rights-discus-cbd7409d/index.html[22m [2m(+275ms)[22m 
[2m12:46:13[22m   [34m├─[39m [2m/en/news/mental-disability-housing-challenges-discussed-7b3488b0/index.html[22m [2m(+282ms)[22m 
[2m12:46:13[22m   [34m├─[39m [2m/en/news/new-vehicle-license-tax-exemption-rules-relaxed-up-to-nt11000-savings-f378c11e/index.html[22m [2m(+313ms)[22m 
[2m12:46:13[22m   [34m├─[39m [2m/en/news/stroke-survivor-delivers-standing-speech-after-year-long-rehab-46385838/index.html[22m [2m(+305ms)[22m 
[2m12:46:14[22m   [34m├─[39m [2m/en/news/living-positively-with-a-disability-certificate-b6986f18/index.html[22m [2m(+270ms)[22m 
[2m12:46:14[22m   [34m├─[39m [2m/en/news/nagoya-installs-first-universal-design-playground-in-tsuruma-park-5f584d59/index.html[22m [2m(+290ms)[22m 
[2m12:46:14[22m   [34m├─[39m [2m/en/news/universal-design-in-education-supports-developmental-needs-c4dc2bd0/index.html[22m [2m(+352ms)[22m 
[2m12:46:15[22m   [34m├─[39m [2m/en/news/travel-tips-for-myasthenia-gravis-patients-1067f5ac/index.html[22m [2m(+255ms)[22m 
[2m12:46:15[22m   [34m├─[39m [2m/en/news/bay-arenac-isd-hiring-for-inclusive-education-roles-6455ef76/index.html[22m [2m(+320ms)[22m 
[2m12:46:15[22m   [34m├─[39m [2m/en/news/personal-account-of-workplace-accessibility-barriers-98e4da64/index.html[22m [2m(+315ms)[22m 
[2m12:46:16[22m   [34m├─[39m [2m/en/news/library-movie-night-with-accessibility-details-f5a4c513/index.html[22m [2m(+271ms)[22m 
[2m12:46:16[22m   [34m├─[39m [2m/en/news/ada-compliant-automatic-doors-enhance-accessibility-197d8b89/index.html[22m [2m(+298ms)[22m 
[2m12:46:16[22m   [34m├─[39m [2m/en/news/disability-employment-consultation-event-in-hamamatsu-fb1cc1f5/index.html[22m [2m(+264ms)[22m 
[2m12:46:16[22m   [34m├─[39m [2m/en/news/disability-employment-support-visit-and-paralym-art-award-9afb9fab/index.html[22m [2m(+261ms)[22m 
[2m12:46:17[22m   [34m├─[39m [2m/en/news/icbc-launches-online-knowledge-tests-for-greater-accessibility-813650ab/index.html[22m [2m(+337ms)[22m 
[2m12:46:17[22m   [34m├─[39m [2m/en/news/disability-pension-recipient-discusses-financial-strategy-of-living-in-lowrent-p-fecac994/index.html[22m [2m(+289ms)[22m 
[2m12:46:17[22m   [34m├─[39m [2m/en/news/user-criticizes-labeling-dissenters-as-disabled-e3c401f1/index.html[22m [2m(+308ms)[22m 
[2m12:46:18[22m   [34m├─[39m [2m/en/news/developmental-disability-and-vehicle-safety-concerns-6fd0adcc/index.html[22m [2m(+272ms)[22m 
[2m12:46:18[22m   [34m├─[39m [2m/en/news/pdf-accessibility-webinar-resources-shared-3f28022d/index.html[22m [2m(+294ms)[22m 
[2m12:46:18[22m   [34m├─[39m [2m/en/news/developmental-disability-and-lack-of-belonging-1870435a/index.html[22m [2m(+272ms)[22m 
[2m12:46:18[22m   [34m├─[39m [2m/en/news/disability-quota-employment-at-ito-yokado-with-smile-training-c149dc4d/index.html[22m [2m(+270ms)[22m 
[2m12:46:19[22m   [34m├─[39m [2m/en/news/challenges-of-working-with-a-disability-no-slacking-paid-leave-only-efd6d74e/index.html[22m [2m(+285ms)[22m 
[2m12:46:19[22m   [34m├─[39m [2m/en/news/mental-health-advocacy-note-series-on-depression-and-disability-care-3cd83662/index.html[22m [2m(+338ms)[22m 
[2m12:46:19[22m   [34m├─[39m [2m/en/news/disability-permit-update-for-rare-disease-patient-7187de7c/index.html[22m [2m(+279ms)[22m 
[2m12:46:20[22m   [34m├─[39m [2m/en/news/web-accessibility-review-shows-strong-compliance-c79a16c7/index.html[22m [2m(+262ms)[22m 
[2m12:46:20[22m   [34m├─[39m [2m/en/news/patient-praises-accessible-care-at-cedar-rapids-pain-associates-2a65b0bb/index.html[22m [2m(+271ms)[22m 
[2m12:46:20[22m   [34m├─[39m [2m/en/news/tron-dao-promotes-global-financial-accessibility-via-blockchain-d9e0a1bb/index.html[22m [2m(+307ms)[22m 
[2m12:46:20[22m   [34m├─[39m [2m/en/news/california-puc-approves-182m-for-broadband-and-digital-equity-d03899de/index.html[22m [2m(+285ms)[22m 
[2m12:46:21[22m   [34m├─[39m [2m/en/news/digital-literacy-outreach-at-kasuwan-gwari-market-3bc54cb1/index.html[22m [2m(+303ms)[22m 
[2m12:46:21[22m   [34m├─[39m [2m/en/news/os-level-reduce-motion-preference-snippet-bd7fcdc6/index.html[22m [2m(+275ms)[22m 
[2m12:46:21[22m   [34m├─[39m [2m/en/news/evaluating-sustainability-of-accessibility-fixes-after-eaa-deadline-b2cd4860/index.html[22m [2m(+342ms)[22m 
[2m12:46:22[22m   [34m├─[39m [2m/en/news/disability-employment-drives-workplace-improvement-df33f520/index.html[22m [2m(+267ms)[22m 
[2m12:46:22[22m   [34m├─[39m [2m/en/news/small-buttons-and-missing-focus-indicators-hinder-accessibility-ea486f60/index.html[22m [2m(+255ms)[22m 
[2m12:46:22[22m   [34m├─[39m [2m/en/news/accessibility-as-a-right-not-charity-8d5e0e90/index.html[22m [2m(+275ms)[22m 
[2m12:46:22[22m   [34m├─[39m [2m/en/news/sunshine-launches-6saturday-digital-inclusion-programme-7ee491ea/index.html[22m [2m(+297ms)[22m 
[2m12:46:23[22m   [34m├─[39m [2m/en/news/law-aims-to-ensure-building-safety-including-barrierfree-design-d2c90d91/index.html[22m [2m(+274ms)[22m 
[2m12:46:23[22m   [34m├─[39m [2m/en/news/fiji-marks-20-years-of-crpd-at-un-2ccdf6a9/index.html[22m [2m(+293ms)[22m 
[2m12:46:23[22m   [34m├─[39m [2m/en/news/space-talk-on-developmental-disability-and-procrastination-427e071f/index.html[22m [2m(+273ms)[22m 
[2m12:46:24[22m   [34m├─[39m [2m/en/news/man-with-hearing-and-intellectual-disability-assaulted-in-northern-ireland-a5b6351f/index.html[22m [2m(+351ms)[22m 
[2m12:46:24[22m   [34m├─[39m [2m/en/news/accessibility-highlighted-in-new-trophy-announcement-910cd33d/index.html[22m [2m(+253ms)[22m 
[2m12:46:24[22m   [34m├─[39m [2m/en/news/niigata-hosts-self-help-meeting-for-developmental-disabilities-aff13a62/index.html[22m [2m(+275ms)[22m 
[2m12:46:24[22m   [34m├─[39m [2m/en/news/worker-questions-companys-lack-of-disability-accommodations-e31ced53/index.html[22m [2m(+272ms)[22m 
[2m12:46:25[22m   [34m├─[39m [2m/en/news/critique-of-businesses-exploiting-disabled-customers-for-profit-4d5413e0/index.html[22m [2m(+281ms)[22m 
[2m12:46:25[22m   [34m├─[39m [2m/en/news/negative-remarks-directed-at-disabled-individuals-6fa5adb8/index.html[22m [2m(+268ms)[22m 
[2m12:46:25[22m   [34m├─[39m [2m/en/news/disability-employment-support-recycling-factory-visit-and-elderly-care-reflectio-77f0dc04/index.html[22m [2m(+271ms)[22m 
[2m12:46:26[22m   [34m├─[39m [2m/en/news/challenging-ableist-assumptions-about-disabled-peoples-capabilities-71a8f462/index.html[22m [2m(+346ms)[22m 
[2m12:46:26[22m   [34m├─[39m [2m/en/news/barrier-free-event-space-at-kamakurayama-restaurant-267455a7/index.html[22m [2m(+297ms)[22m 
[2m12:46:26[22m   [34m├─[39m [2m/en/news/harassment-mentioning-disabled-person-in-pachinko-store-fire-tweet-dbb4ac9b/index.html[22m [2m(+312ms)[22m 
[2m12:46:26[22m   [34m├─[39m [2m/en/news/proposal-to-limit-welfare-to-disabled-and-intractable-diseases-6bafdca4/index.html[22m [2m(+265ms)[22m 
[2m12:46:27[22m   [34m├─[39m [2m/en/news/inclusion-goal-of-48-team-format-questioned-by-match-scores-754e788b/index.html[22m [2m(+309ms)[22m 
[2m12:46:27[22m   [34m├─[39m [2m/en/news/disability-welfare-providers-urged-to-review-new-oversight-measures-d7e1ad63/index.html[22m [2m(+289ms)[22m 
[2m12:46:27[22m   [34m├─[39m [2m/en/news/corporate-inclusion-policies-as-moral-imperatives-e094ab8f/index.html[22m [2m(+265ms)[22m 
[2m12:46:28[22m   [34m├─[39m [2m/en/news/condemnation-of-able-bodied-harassment-toward-disabled-people-6c814cea/index.html[22m [2m(+260ms)[22m 
[2m12:46:28[22m   [34m├─[39m [2m/en/news/disability-unemployment-rate-double-that-of-general-population-bf3c1049/index.html[22m [2m(+313ms)[22m 
[2m12:46:28[22m   [34m├─[39m [2m/en/news/witch-hat-atelier-highlights-accessibility-themes-72c2353b/index.html[22m [2m(+351ms)[22m 
[2m12:46:29[22m   [34m├─[39m [2m/en/news/negative-attitudes-persist-toward-hiring-people-with-disabilities-in-japan-f9869958/index.html[22m [2m(+279ms)[22m 
[2m12:46:29[22m   [34m├─[39m [2m/en/news/claude-35-automates-accessibility-audits-via-visual-understanding-305ede55/index.html[22m [2m(+324ms)[22m 
[2m12:46:29[22m   [34m├─[39m [2m/en/news/advocacy-against-disability-discrimination-and-welfare-attacks-c203d3fa/index.html[22m [2m(+317ms)[22m 
[2m12:46:29[22m   [34m├─[39m [2m/en/news/business-displays-5-snowball-rating-for-disabled-access-4060fc1e/index.html[22m [2m(+248ms)[22m 
[2m12:46:30[22m   [34m├─[39m [2m/en/news/creating-turquoise-dyed-disability-certificate-case-and-suica-case-c64f85ae/index.html[22m [2m(+252ms)[22m 
[2m12:46:30[22m   [34m├─[39m [2m/en/news/new-hires-with-disabilities-onboarded-amid-manual-creation-3ffc215b/index.html[22m [2m(+283ms)[22m 
[2m12:46:30[22m   [34m├─[39m [2m/en/news/interlink-503-enhances-accessibility-for-mining-3dac25f5/index.html[22m [2m(+264ms)[22m 
[2m12:46:30[22m   [34m├─[39m [2m/en/news/universal-design-playground-installed-in-tsuruma-park-nagoya-e58e9665/index.html[22m [2m(+334ms)[22m 
[2m12:46:31[22m   [34m├─[39m [2m/en/news/harassing-tweet-targeting-disabled-persons-370cfe8b/index.html[22m [2m(+293ms)[22m 
[2m12:46:31[22m   [34m├─[39m [2m/en/news/ikeda-town-hot-spring-renovates-to-include-disabled-accessible-bath-b93f78f1/index.html[22m [2m(+300ms)[22m 
[2m12:46:31[22m   [34m├─[39m [2m/en/news/observation-on-disability-and-knowledge-acquisition-b9a6d8ed/index.html[22m [2m(+269ms)[22m 
[2m12:46:32[22m   [34m├─[39m [2m/en/news/disability-and-self-defense-blocking-as-a-valid-measure-b676f44c/index.html[22m [2m(+271ms)[22m 
[2m12:46:32[22m   [34m├─[39m [2m/en/news/dream-harassment-experiencing-disability-stigma-even-in-sleep-2435b58d/index.html[22m [2m(+336ms)[22m 
[2m12:46:32[22m   [34m├─[39m [2m/en/news/blog-update-living-with-schizophrenia-and-disability-employment-087c726d/index.html[22m [2m(+255ms)[22m 
[2m12:46:33[22m   [34m├─[39m [2m/en/news/disability-employment-opposition-highlighted-in-political-debate-6cdcf54d/index.html[22m [2m(+237ms)[22m 
[2m12:46:33[22m   [34m├─[39m [2m/en/news/inclusive-leadership-focuses-on-systemic-adjustments-for-thriving-473a5f45/index.html[22m [2m(+327ms)[22m 
[2m12:46:33[22m   [34m├─[39m [2m/en/news/personal-account-highlights-need-for-early-disability-employment-awareness-212f9d7c/index.html[22m [2m(+250ms)[22m 
[2m12:46:33[22m   [34m├─[39m [2m/en/news/the-paradox-of-universal-appeal-and-inclusion-1daabb4f/index.html[22m [2m(+297ms)[22m 
[2m12:46:34[22m   [34m├─[39m [2m/en/news/considering-future-unemployment-with-disability-45a39b28/index.html[22m [2m(+322ms)[22m 
[2m12:46:34[22m   [34m├─[39m [2m/en/news/dalin-township-pedestrian-path-improvement-project-criticized-for-lack-of-access-00b9789d/index.html[22m [2m(+265ms)[22m 
[2m12:46:34[22m   [34m├─[39m [2m/en/news/visual-audio-as-accessibility-feature-for-hearing-disabilities-b4d796c5/index.html[22m [2m(+258ms)[22m 
[2m12:46:35[22m   [34m├─[39m [2m/en/news/coregulation-supports-emotional-regulation-for-neurodiverse-individuals-15cdd660/index.html[22m [2m(+289ms)[22m 
[2m12:46:35[22m   [34m├─[39m [2m/en/news/expanding-access-to-technology-and-workforce-inclusion-bf85b8aa/index.html[22m [2m(+288ms)[22m 
[2m12:46:35[22m   [34m├─[39m [2m/en/news/personal-account-of-living-with-ocd-and-depression-c3c227bc/index.html[22m [2m(+364ms)[22m 
[2m12:46:35[22m   [34m├─[39m [2m/en/news/allegations-of-disability-related-harassment-within-a-former-club-52437db8/index.html[22m [2m(+274ms)[22m 
[2m12:46:36[22m   [34m├─[39m [2m/en/news/disaster-preparedness-handbook-for-persons-with-disabilities-released-in-saitama-8dbc0eb8/index.html[22m [2m(+289ms)[22m 
[2m12:46:36[22m   [34m├─[39m [2m/en/news/discussion-of-developmental-disability-and-asd-f2b8cade/index.html[22m [2m(+266ms)[22m 
[2m12:46:36[22m   [34m├─[39m [2m/en/news/call-for-government-audit-to-prevent-disability-discrimination-fc8ddfd9/index.html[22m [2m(+317ms)[22m 
[2m12:46:37[22m   [34m├─[39m [2m/en/news/disabled-person-expresses-lack-of-motivation-due-to-no-qualifications-or-work-ex-8ae887b1/index.html[22m [2m(+274ms)[22m 
[2m12:46:37[22m   [34m├─[39m [2m/en/news/worker-contacts-disability-facility-director-to-resolve-workplace-conflict-8488eb15/index.html[22m [2m(+278ms)[22m 
[2m12:46:37[22m   [34m├─[39m [2m/en/news/aging-in-place-outdoors-budget-friendly-diy-accessibility-upgrades-that-dont-hur-0b37ea25/index.html[22m [2m(+287ms)[22m 
[2m12:46:37[22m   [34m├─[39m [2m/en/news/frisco-founder-tapped-for-air-accessibility-committee-9e2ab881/index.html[22m [2m(+385ms)[22m 
[2m12:46:38[22m   [34m├─[39m [2m/en/news/disability-vehicle-license-tax-exemption-expanded-no-longer-requiring-same-house-638d0cc6/index.html[22m [2m(+321ms)[22m 
[2m12:46:38[22m   [34m├─[39m [2m/en/news/local-nonprofit-blends-art-with-accessibility-during-arts-for-all-program-78048b96/index.html[22m [2m(+311ms)[22m 
[2m12:46:38[22m   [34m├─[39m [2m/en/news/accessibility-at-pride-how-to-attend-europes-biggest-pride-events-with-parkinson-6655b615/index.html[22m [2m(+240ms)[22m 
[2m12:46:39[22m   [34m├─[39m [2m/en/news/call-for-papers-asset-2026-conference-on-ai-and-digital-inclusion-fbfe45ff/index.html[22m [2m(+414ms)[22m 
[2m12:46:39[22m   [34m├─[39m [2m/en/news/user-expresses-frustration-toward-allies-and-anger-toward-people-with-disabiliti-8dfd45a6/index.html[22m [2m(+242ms)[22m 
[2m12:46:39[22m   [34m├─[39m [2m/en/news/user-reflects-on-disability-welfare-work-while-noting-amazarashi-youtube-update-a5850a2e/index.html[22m [2m(+278ms)[22m 
[2m12:46:40[22m   [34m├─[39m [2m/en/news/nepal-reaffirms-commitment-to-disability-rights-at-un-cosp19-0ab76178/index.html[22m [2m(+330ms)[22m 
[2m12:46:40[22m   [34m├─[39m [2m/en/news/uganda-judiciary-calls-for-improved-technology-access-to-support-accessibility-4d492c38/index.html[22m [2m(+316ms)[22m 
[2m12:46:40[22m   [34m├─[39m [2m/en/news/flood-impacts-bridge-and-walkway-accessibility-23872d6d/index.html[22m [2m(+285ms)[22m 
[2m12:46:41[22m   [34m├─[39m [2m/en/news/questioning-forced-interaction-with-people-with-disabilities-5f73c647/index.html[22m [2m(+293ms)[22m 
[2m12:46:41[22m   [34m├─[39m [2m/en/news/discussion-on-aspergers-and-marriage-challenges-9e2a1a92/index.html[22m [2m(+263ms)[22m 
[2m12:46:41[22m   [34m├─[39m [2m/en/news/st-mary-ccs-inclusion-program-expands-after-eight-years-12f1e921/index.html[22m [2m(+297ms)[22m 
[2m12:46:41[22m   [34m├─[39m [2m/en/news/digital-inclusion-can-lead-to-physical-exclusion-warns-kiyaai-ceo-31d8b9ad/index.html[22m [2m(+319ms)[22m 
[2m12:46:42[22m   [34m├─[39m [2m/en/news/interlink-promotes-inclusion-and-second-chances-for-members-facing-health-or-lif-34ae94c9/index.html[22m [2m(+273ms)[22m 
[2m12:46:42[22m   [34m├─[39m [2m/en/news/airtel-africa-invests-62-million-in-digital-inclusion-ce948c01/index.html[22m [2m(+294ms)[22m 
[2m12:46:42[22m   [34m├─[39m [2m/en/news/includi-con-2026-registration-open-for-inclusion-strategies-f1615404/index.html[22m [2m(+388ms)[22m 
[2m12:46:43[22m   [34m├─[39m [2m/en/news/discussion-on-the-gray-area-of-disability-diagnosis-386b983c/index.html[22m [2m(+288ms)[22m 
[2m12:46:43[22m   [34m├─[39m [2m/en/news/accessible-public-transportation-vital-for-independent-living-a4ad9c82/index.html[22m [2m(+283ms)[22m 
[2m12:46:43[22m   [34m├─[39m [2m/en/news/accessibility-without-overwhelm-library-programs-for-disabled-patrons-62252324/index.html[22m [2m(+251ms)[22m 
[2m12:46:44[22m   [34m├─[39m [2m/en/news/accessibility-without-overwhelm-library-programs-for-disabled-patrons-07ba3b13/index.html[22m [2m(+262ms)[22m 
[2m12:46:44[22m   [34m├─[39m [2m/en/news/ilo-highlights-benefits-of-disability-inclusion-in-decent-work-8d727837/index.html[22m [2m(+289ms)[22m 
[2m12:46:44[22m   [34m├─[39m [2m/en/news/cghs-empaneled-207-hospitals-in-delhi-ncr-a64aa38a/index.html[22m [2m(+268ms)[22m 
[2m12:46:44[22m   [34m├─[39m [2m/en/news/web-app-for-accessible-yoruba-history-801f9c7d/index.html[22m [2m(+285ms)[22m 
[2m12:46:45[22m   [34m├─[39m [2m/en/news/highway-upgrade-improves-accessibility-4e1deef7/index.html[22m [2m(+363ms)[22m 
[2m12:46:45[22m   [34m├─[39m [2m/en/news/study-on-work-meaning-for-people-with-mental-disabilities-ca5d11ec/index.html[22m [2m(+260ms)[22m 
[2m12:46:45[22m   [34m├─[39m [2m/en/news/critique-of-bias-toward-mental-disability-in-sociological-discourse-6ac8aa3d/index.html[22m [2m(+294ms)[22m 
[2m12:46:46[22m   [34m├─[39m [2m/en/news/hateful-claim-linking-criminal-behavior-to-disability-1c71114a/index.html[22m [2m(+377ms)[22m 
[2m12:46:46[22m   [34m├─[39m [2m/en/news/distribution-of-assistive-aids-for-children-with-special-needs-in-vizianagaram-d6e03a93/index.html[22m [2m(+270ms)[22m 
[2m12:46:46[22m   [34m├─[39m [2m/en/news/motorized-lift-systems-enhance-accessibility-in-cabinetry-691a3ae0/index.html[22m [2m(+287ms)[22m 
[2m12:46:46[22m   [34m├─[39m [2m/en/news/hateful-tweet-targeting-disabled-persons-0abe5410/index.html[22m [2m(+287ms)[22m 
[2m12:46:47[22m   [34m├─[39m [2m/en/news/tax-reform-needed-for-digital-inclusion-in-pakistan-8c1f99b8/index.html[22m [2m(+269ms)[22m 
[2m12:46:47[22m   [34m├─[39m [2m/en/news/women-with-albinism-association-marks-international-albinism-awareness-day-f4d71c79/index.html[22m [2m(+389ms)[22m 
[2m12:46:47[22m   [34m├─[39m [2m/en/news/individual-unable-to-work-despite-disability-denied-pension-f4e57907/index.html[22m [2m(+235ms)[22m 
[2m12:46:48[22m   [34m├─[39m [2m/en/news/train-photographers-and-developmental-disability-compared-to-rulefollowing-drive-4197216f/index.html[22m [2m(+282ms)[22m 
[2m12:46:48[22m   [34m├─[39m [2m/en/news/critique-of-account-for-unkind-disabilityrelated-posts-e0acff55/index.html[22m [2m(+256ms)[22m 
[2m12:46:48[22m   [34m├─[39m [2m/en/news/uk-mp-jeremy-corbyn-highlights-underfunding-of-disability-services-564fde1e/index.html[22m [2m(+273ms)[22m 
[2m12:46:48[22m   [34m├─[39m [2m/en/news/only-disabled-people-present-895bbdef/index.html[22m [2m(+283ms)[22m 
[2m12:46:49[22m   [34m├─[39m [2m/en/news/worker-faces-abuse-during-night-shift-involving-mental-disability-and-dementia-3ecd79a2/index.html[22m [2m(+265ms)[22m 
[2m12:46:49[22m   [34m├─[39m [2m/en/news/dating-site-rejects-user-due-to-mental-disability-handbook-d9302872/index.html[22m [2m(+276ms)[22m 
[2m12:46:49[22m   [34m├─[39m [2m/en/news/high-spec-disabled-player-enjoys-game-despite-mockery-b4d5831b/index.html[22m [2m(+362ms)[22m 
[2m12:46:50[22m   [34m├─[39m [2m/en/news/question-about-debt-repayment-impacting-disabled-persons-5254b07e/index.html[22m [2m(+263ms)[22m 
[2m12:46:50[22m   [34m├─[39m [2m/en/news/user-struggles-to-make-friends-because-of-disability-0c7374e9/index.html[22m [2m(+253ms)[22m 
[2m12:46:50[22m   [34m├─[39m [2m/en/news/tokyo-cuts-support-classes-pushes-disabled-students-into-regular-classes-without-20549c3c/index.html[22m [2m(+289ms)[22m 
[2m12:46:50[22m   [34m├─[39m [2m/en/news/hateful-tweet-targeting-disability-platform-5feb8c24/index.html[22m [2m(+275ms)[22m 
[2m12:46:51[22m   [34m├─[39m [2m/en/news/debate-over-disability-incentives-and-self-harm-90dc323f/index.html[22m [2m(+256ms)[22m 
[2m12:46:51[22m   [34m├─[39m [2m/en/news/visitor-complains-about-solo-trip-to-disability-museum-49e49316/index.html[22m [2m(+286ms)[22m 
[2m12:46:51[22m   [34m├─[39m [2m/en/news/gifted-individuals-face-secondary-disability-risks-without-support-27ede25b/index.html[22m [2m(+297ms)[22m 
[2m12:46:52[22m   [34m├─[39m [2m/en/news/observer-notes-only-disabled-people-present-at-certain-time-e30b5df8/index.html[22m [2m(+301ms)[22m 
[2m12:46:52[22m   [34m├─[39m [2m/en/news/disability-welfare-service-fraud-totals-8-billion-yen-over-five-years-07c4406d/index.html[22m [2m(+229ms)[22m 
[2m12:46:52[22m   [34m├─[39m [2m/en/news/tweet-jokes-about-adhd-causing-rebellion-among-developmental-disability-communit-d397101a/index.html[22m [2m(+274ms)[22m 
[2m12:46:52[22m   [34m├─[39m [2m/en/news/questioning-employment-recognition-for-disabled-welfare-recipients-f091ae2f/index.html[22m [2m(+397ms)[22m 
[2m12:46:53[22m   [34m├─[39m [2m/en/news/identifying-a-person-as-disabled-0d6a4593/index.html[22m [2m(+280ms)[22m 
[2m12:46:53[22m   [34m├─[39m [2m/en/news/scarcity-of-people-in-disability-employment-84f9d470/index.html[22m [2m(+257ms)[22m 
[2m12:46:53[22m   [34m├─[39m [2m/en/news/nagoya-city-offers-free-medical-care-for-eligible-disability-holders-83f82cba/index.html[22m [2m(+267ms)[22m 
[2m12:46:54[22m   [34m├─[39m [2m/en/news/hateful-remarks-targeting-disabled-men-shared-on-social-media-f6256d32/index.html[22m [2m(+264ms)[22m 
[2m12:46:54[22m   [34m├─[39m [2m/en/news/concerns-over-exploitation-in-japans-special-subsidiary-companies-for-disabled-w-f5c65bf6/index.html[22m [2m(+325ms)[22m 
[2m12:46:54[22m   [34m├─[39m [2m/en/news/distinguishing-harmless-and-harmful-disabled-people-e30a76c8/index.html[22m [2m(+283ms)[22m 
[2m12:46:54[22m   [34m├─[39m [2m/en/news/staff-dedication-highlighted-in-care-and-disability-reward-reform-discussion-f1966b53/index.html[22m [2m(+264ms)[22m 
[2m12:46:55[22m   [34m├─[39m [2m/en/news/eu-asylum-pact-threatens-rights-of-people-with-disabilities-7ce56946/index.html[22m [2m(+258ms)[22m 
[2m12:46:55[22m   [34m├─[39m [2m/en/news/5-underrated-android-accessibility-features-that-made-my-phone-vastly-easier-to--07eabbe7/index.html[22m [2m(+314ms)[22m 
[2m12:46:55[22m   [34m├─[39m [2m/en/news/world-cup-2026-the-future-of-accessible-stadium-design-02996cf3/index.html[22m [2m(+296ms)[22m 
[2m12:46:56[22m   [34m├─[39m [2m/en/news/question-about-disability-allowance-eligibility-c8ac6f65/index.html[22m [2m(+269ms)[22m 
[2m12:46:56[22m   [34m├─[39m [2m/en/news/criticism-of-lengthy-hiring-process-for-disability-job-74412fbb/index.html[22m [2m(+290ms)[22m 
[2m12:46:56[22m   [34m├─[39m [2m/en/news/defi-platform-emphasizes-accessibility-in-next-gen-finance-ab8b9cb1/index.html[22m [2m(+327ms)[22m 
[2m12:46:56[22m   [34m├─[39m [2m/en/news/1source-events-promotes-accessible-event-strategies-for-2026-19bd86e3/index.html[22m [2m(+263ms)[22m 
[2m12:46:57[22m   [34m├─[39m [2m/en/news/user-applies-for-disability-certificate-in-nagano-for-adhd-asd-depression-gender-1648caee/index.html[22m [2m(+291ms)[22m 
[2m12:46:57[22m   [34m├─[39m [2m/en/news/comment-on-disability-allowance-making-welfare-recipients-wealthier-than-average-9f9d0c04/index.html[22m [2m(+259ms)[22m 
[2m12:46:57[22m   [34m├─[39m [2m/en/news/nagoya-subway-installs-platform-screen-doors-at-all-stations-eba56d3c/index.html[22m [2m(+269ms)[22m 
[2m12:46:58[22m   [34m├─[39m [2m/en/news/call-for-government-meal-service-and-cooking-classes-for-people-with-disabilitie-7c985fe1/index.html[22m [2m(+293ms)[22m 
[2m12:46:58[22m   [34m├─[39m [2m/en/news/user-reports-adding-schizophrenia-and-narcolepsy-to-disability-pension-certifica-98f125b8/index.html[22m [2m(+259ms)[22m 
[2m12:46:58[22m   [34m├─[39m [2m/en/news/critique-of-misconceptions-about-sleeping-in-disability-work-facilities-cddd0ada/index.html[22m [2m(+231ms)[22m 
[2m12:46:58[22m   [34m├─[39m [2m/en/news/sakura-internet-internship-offers-disability-response-experience-68dd9801/index.html[22m [2m(+318ms)[22m 
[2m12:46:59[22m   [34m├─[39m [2m/en/news/hessle-shop-owners-praised-for-community-inclusion-efforts-49e5cae6/index.html[22m [2m(+267ms)[22m 
[2m12:46:59[22m   [34m├─[39m [2m/en/news/disability-welfare-service-fee-revision-hearing-announced-081f397a/index.html[22m [2m(+289ms)[22m 
[2m12:46:59[22m   [34m├─[39m [2m/en/news/user-shares-mental-disability-experience-and-calls-for-giving-8a0da03d/index.html[22m [2m(+243ms)[22m 
[2m12:46:59[22m   [34m├─[39m [2m/en/news/using-technology-to-overcome-natural-limitations-ee0fdba3/index.html[22m [2m(+275ms)[22m 
[2m12:47:00[22m   [34m├─[39m [2m/en/news/research-on-hesperidin-and-nobiletin-for-dementia-improvement-3da3e55b/index.html[22m [2m(+293ms)[22m 
[2m12:47:00[22m   [34m├─[39m [2m/en/news/sidex-initiative-enhances-financial-accessibility-via-blockchain-368560a8/index.html[22m [2m(+278ms)[22m 
[2m12:47:00[22m   [34m├─[39m [2m/en/news/advocate-speaks-out-against-mental-disability-discrimination-163b64f0/index.html[22m [2m(+322ms)[22m 
[2m12:47:01[22m   [34m├─[39m [2m/en/news/disability-certificate-holder-appreciates-discounted-movie-tickets-4288d324/index.html[22m [2m(+340ms)[22m 
[2m12:47:01[22m   [34m├─[39m [2m/en/news/recollection-of-a-former-yakuza-user-at-a-disability-support-facility-1dccb65e/index.html[22m [2m(+297ms)[22m 
[2m12:47:01[22m   [34m├─[39m [2m/en/news/disability-allowance-may-exceed-150000-yen-a2026fce/index.html[22m [2m(+289ms)[22m 
[2m12:47:02[22m   [34m├─[39m [2m/en/news/expanding-access-opportunity-and-inclusion-4659b885/index.html[22m [2m(+354ms)[22m 
[2m12:47:02[22m   [34m├─[39m [2m/en/news/disability-employment-leads-to-triple-salary-via-remote-it-job-4d2b16e4/index.html[22m [2m(+346ms)[22m 
[2m12:47:02[22m   [34m├─[39m [2m/en/news/disability-definition-depends-on-social-barriers-and-societal-context-5d8fbb9f/index.html[22m [2m(+379ms)[22m 
[2m12:47:03[22m   [34m├─[39m [2m/en/news/disability-definition-may-change-without-capitalism-b035061b/index.html[22m [2m(+288ms)[22m 
[2m12:47:03[22m   [34m├─[39m [2m/en/news/rutaraka-tailoring-cooperative-supports-children-with-disabilities-in-rwanda-0042ba1d/index.html[22m [2m(+265ms)[22m 
[2m12:47:03[22m   [34m├─[39m [2m/en/news/call-for-an-orderly-inclusive-society-23770391/index.html[22m [2m(+343ms)[22m 
[2m12:47:04[22m   [34m├─[39m [2m/en/news/seeking-disability-employment-via-hello-work-74fc36ef/index.html[22m [2m(+285ms)[22m 
[2m12:47:04[22m   [34m├─[39m [2m/en/news/shikokus-first-adult-developmental-disability-support-conference-e3bf4969/index.html[22m [2m(+275ms)[22m 
[2m12:47:04[22m   [34m├─[39m [2m/en/news/harassment-of-disabled-gamer-in-tweet-3a579408/index.html[22m [2m(+269ms)[22m 
[2m12:47:04[22m   [34m├─[39m [2m/en/news/waffle-hosts-ai-and-diversity-quiz-at-tokyo-pride-2026-ae496877/index.html[22m [2m(+282ms)[22m 
[2m12:47:05[22m   [34m├─[39m [2m/en/news/kidney-disability-noted-as-most-prevalent-with-strong-welfare-support-02975539/index.html[22m [2m(+278ms)[22m 
[2m12:47:05[22m   [34m├─[39m [2m/en/news/recruitment-for-dekoboko-cafe-sendai-event-0fc30642/index.html[22m [2m(+281ms)[22m 
[2m12:47:05[22m   [34m├─[39m [2m/en/news/reflection-on-potentially-offensive-remarks-about-disabled-people-eaf6bb2e/index.html[22m [2m(+291ms)[22m 
[2m12:47:05[22m   [34m├─[39m [2m/en/news/hong-kong-film-showcases-hearing-impaired-youth-with-barrier-free-subtitles-37cfea74/index.html[22m [2m(+364ms)[22m 
[2m12:47:06[22m   [34m├─[39m [2m/en/news/microdosing-accessibility-a-call-to-action-f2fd4b3e/index.html[22m [2m(+304ms)[22m 
[2m12:47:06[22m   [34m├─[39m [2m/en/news/live-session-on-disability-inclusion-future-ready-workplaces-ac2f364c/index.html[22m [2m(+360ms)[22m 
[2m12:47:07[22m   [34m├─[39m [2m/en/news/founder-shares-vision-for-inclusive-trinidad-and-tobago-9cfe8d57/index.html[22m [2m(+300ms)[22m 
[2m12:47:07[22m   [34m├─[39m [2m/en/news/disability-pension-limits-marriage-prospects-for-men-569f19f7/index.html[22m [2m(+297ms)[22m 
[2m12:47:07[22m   [34m├─[39m [2m/en/news/worker-with-asd-manages-long-shift-on-little-sleep-42990c94/index.html[22m [2m(+270ms)[22m 
[2m12:47:07[22m   [34m├─[39m [2m/en/news/young-businesswomen-join-disability-inclusion-digital-roadshow-5af53516/index.html[22m [2m(+370ms)[22m 
[2m12:47:08[22m   [34m├─[39m [2m/en/news/user-jokes-about-forgetting-to-renew-disability-certificate-3fde8ee8/index.html[22m [2m(+335ms)[22m 
[2m12:47:08[22m   [34m├─[39m [2m/en/news/out-of-our-box-session-on-inclusion-in-stem-9343b215/index.html[22m [2m(+359ms)[22m 
[2m12:47:08[22m   [34m├─[39m [2m/en/news/concern-over-online-expression-limits-for-people-with-developmental-disabilities-a8c7d9ad/index.html[22m [2m(+299ms)[22m 
[2m12:47:09[22m   [34m├─[39m [2m/en/news/samarthanam-opens-new-livelihood-centre-in-virudhunagar-46a57e17/index.html[22m [2m(+309ms)[22m 
[2m12:47:09[22m   [34m├─[39m [2m/en/news/user-reports-mental-health-concerns-and-police-interaction-074bdd7e/index.html[22m [2m(+312ms)[22m 
[2m12:47:09[22m   [34m├─[39m [2m/en/news/critique-of-disability-employment-support-turning-exploitative-5f6c1fff/index.html[22m [2m(+271ms)[22m 
[2m12:47:10[22m   [34m├─[39m [2m/en/news/inclusion-round-games-feature-disability-rugby-leagues-cab10dbb/index.html[22m [2m(+309ms)[22m 
[2m12:47:10[22m   [34m├─[39m [2m/en/news/vibrating-wearable-speaker-tested-for-severe-hearing-loss-32337a4e/index.html[22m [2m(+286ms)[22m 
[2m12:47:10[22m   [34m├─[39m [2m/en/news/disability-services-focus-on-children-neglecting-adults-0880a26d/index.html[22m [2m(+291ms)[22m 
[2m12:47:11[22m   [34m├─[39m [2m/en/news/praise-for-disabled-leadership-in-hanshin-tigers-927ccf06/index.html[22m [2m(+372ms)[22m 
[2m12:47:11[22m   [34m├─[39m [2m/en/news/concerns-about-raising-a-child-with-disability-8559d8a4/index.html[22m [2m(+304ms)[22m 
[2m12:47:11[22m   [34m├─[39m [2m/en/news/misuse-of-help-marks-by-nondisabled-individuals-3006c016/index.html[22m [2m(+287ms)[22m 
[2m12:47:11[22m   [34m├─[39m [2m/en/news/unhcr-lebanon-highlights-disability-inclusion-with-finnish-support-91ca8f10/index.html[22m [2m(+303ms)[22m 
[2m12:47:12[22m   [34m├─[39m [2m/en/news/realizing-disability-and-remembering-medication-95f4392c/index.html[22m [2m(+280ms)[22m 
[2m12:47:12[22m   [34m├─[39m [2m/en/news/person-manages-disability-paperwork-while-dealing-with-severe-depression-1ebe344a/index.html[22m [2m(+336ms)[22m 
[2m12:47:12[22m   [34m├─[39m [2m/en/news/tweet-claims-all-critics-of-a-person-are-disabled-cb0de739/index.html[22m [2m(+266ms)[22m 
[2m12:47:13[22m   [34m├─[39m [2m/en/news/debate-on-developmental-disability-and-success-b69302eb/index.html[22m [2m(+283ms)[22m 
[2m12:47:13[22m   [34m├─[39m [2m/en/news/questions-on-disability-employment-and-election-accessibility-in-naha-city-counc-f525eeaa/index.html[22m [2m(+352ms)[22m 
[2m12:47:13[22m   [34m├─[39m [2m/en/news/comment-suggests-someone-may-be-disabled-4b50b4ba/index.html[22m [2m(+270ms)[22m 
[2m12:47:14[22m   [34m├─[39m [2m/en/news/india-marks-12-years-of-kisan-samriddhi-with-focus-on-inclusion-7c266376/index.html[22m [2m(+295ms)[22m 
[2m12:47:14[22m   [34m├─[39m [2m/en/news/comment-suggests-people-who-only-follow-women-are-disabled-3393ba4b/index.html[22m [2m(+303ms)[22m 
[2m12:47:14[22m   [34m├─[39m [2m/en/news/inworld-cuts-prices-to-support-accessibility-focused-app-developers-f071acb3/index.html[22m [2m(+282ms)[22m 
[2m12:47:14[22m   [34m├─[39m [2m/en/news/kenya-officials-discuss-uhc-reforms-to-boost-healthcare-accessibility-2fd8cdff/index.html[22m [2m(+270ms)[22m 
[2m12:47:15[22m   [34m├─[39m [2m/en/news/wcapd-leader-stresses-adaptive-programming-for-disability-inclusion-c8f1c277/index.html[22m [2m(+315ms)[22m 
[2m12:47:15[22m   [34m├─[39m [2m/en/news/indias-12-years-of-kisan-samriddhi-promotes-inclusion-and-empowerment-1de931de/index.html[22m [2m(+221ms)[22m 
[2m12:47:15[22m   [34m├─[39m [2m/en/news/indias-12-years-of-kisan-samriddhi-promotes-inclusion-and-empowerment-912d59c5/index.html[22m [2m(+320ms)[22m 
[2m12:47:16[22m   [34m├─[39m [2m/en/news/promoting-diversity-and-inclusion-in-educational-institutions-32d7c522/index.html[22m [2m(+342ms)[22m 
[2m12:47:16[22m   [34m├─[39m [2m/en/news/send-youth-clubs-offer-inclusive-activities-for-young-people-with-disabilities-a836f130/index.html[22m [2m(+291ms)[22m 
[2m12:47:16[22m   [34m├─[39m [2m/en/news/stage-play-offers-barrier-free-subtitle-tablet-performance-ace216f5/index.html[22m [2m(+262ms)[22m 
[2m12:47:16[22m   [34m├─[39m [2m/en/news/discussion-on-disability-certificate-eligibility-bd72de3b/index.html[22m [2m(+298ms)[22m 
[2m12:47:17[22m   [34m├─[39m [2m/en/news/reaction-to-english-term-disability-54902262/index.html[22m [2m(+269ms)[22m 
[2m12:47:17[22m   [34m├─[39m [2m/en/news/volunteer-audio-translator-training-course-announced-c7b507d3/index.html[22m [2m(+288ms)[22m 
[2m12:47:17[22m   [34m├─[39m [2m/en/news/book-review-embracing-differences-in-organizations-10407392/index.html[22m [2m(+280ms)[22m 
[2m12:47:18[22m   [34m├─[39m [2m/en/news/desire-for-disability-employment-thwarted-by-teacher-9786a101/index.html[22m [2m(+355ms)[22m 
[2m12:47:18[22m   [34m├─[39m [2m/en/news/hospital-staff-thanks-disabled-patient-for-daily-greetings-e6d0848b/index.html[22m [2m(+326ms)[22m 
[2m12:47:18[22m   [34m├─[39m [2m/en/news/arrest-of-assailant-shouting-discriminatory-slurs-against-disabled-and-buraku-co-ae869cbc/index.html[22m [2m(+333ms)[22m 
[2m12:47:19[22m   [34m├─[39m [2m/en/news/disparaging-remarks-calling-media-outlets-disabled-and-suggesting-guardianship-3aee40cc/index.html[22m [2m(+318ms)[22m 
[2m12:47:19[22m   [34m├─[39m [2m/en/news/concerns-raised-about-accessibility-and-management-of-2026-fifa-world-cup-6f25a11b/index.html[22m [2m(+262ms)[22m 
[2m12:47:19[22m   [34m├─[39m [2m/en/news/athens-improves-accessibility-in-lycabettus-redevelopment-with-airbnb-support-4c60b37c/index.html[22m [2m(+282ms)[22m 
[2m12:47:19[22m   [34m├─[39m [2m/en/news/offensive-tweet-uses-derogatory-language-toward-disabled-people-e68e589c/index.html[22m [2m(+279ms)[22m 
[2m12:47:20[22m   [34m├─[39m [2m/en/news/polio-survivor-leads-initiative-for-inclusive-society-3b8dc55f/index.html[22m [2m(+269ms)[22m 
[2m12:47:20[22m   [34m├─[39m [2m/en/news/justice-department-and-stellenbosch-university-announce-social-justice-walk-2026-1d61ac26/index.html[22m [2m(+309ms)[22m 
[2m12:47:20[22m   [34m├─[39m [2m/en/news/leg-shaking-as-a-coping-mechanism-for-developmental-disability-c71baf28/index.html[22m [2m(+291ms)[22m 
[2m12:47:21[22m   [34m├─[39m [2m/en/news/rules-on-suspension-of-disability-basic-pension-for-those-residing-abroad-af4e90aa/index.html[22m [2m(+310ms)[22m 
[2m12:47:21[22m   [34m├─[39m [2m/en/news/chinese-ai-models-boost-african-language-digital-inclusion-aed17f7b/index.html[22m [2m(+298ms)[22m 
[2m12:47:21[22m   [34m├─[39m [2m/en/news/chinese-ai-models-boost-african-language-digital-inclusion-cf292248/index.html[22m [2m(+301ms)[22m 
[2m12:47:22[22m   [34m├─[39m [2m/en/news/joint-venture-employs-many-severely-disabled-workers-92b1ce52/index.html[22m [2m(+345ms)[22m 
[2m12:47:22[22m   [34m├─[39m [2m/en/news/employee-with-disability-receives-accommodations-and-salary-fe338a6d/index.html[22m [2m(+276ms)[22m 
[2m12:47:22[22m   [34m├─[39m [2m/en/news/historical-disability-sports-milestones-and-advocacy-for-work-opportunities-fcf3ba61/index.html[22m [2m(+259ms)[22m 
[2m12:47:22[22m   [34m├─[39m [2m/en/news/individual-arrested-for-harassing-disabled-people-and-buraku-community-22d301ac/index.html[22m [2m(+347ms)[22m 
[2m12:47:23[22m   [34m├─[39m [2m/en/news/committee-discusses-bicycle-safety-for-children-with-disabilities-and-broadcast--021e2815/index.html[22m [2m(+304ms)[22m 
[2m12:47:23[22m   [34m├─[39m [2m/en/news/accessibility-concerns-in-game-animation-4debbc81/index.html[22m [2m(+270ms)[22m 
[2m12:47:23[22m   [34m├─[39m [2m/en/news/tokyo-paralympics-leader-advocates-for-disability-employment-ffde7f28/index.html[22m [2m(+329ms)[22m 
[2m12:47:24[22m   [34m├─[39m [2m/en/news/universal-design-expands-beyond-physical-objects-4b0459fc/index.html[22m [2m(+292ms)[22m 
[2m12:47:24[22m   [34m├─[39m [2m/en/news/pioneer-of-disability-sports-rehabilitation-timeline-e8cdf8e2/index.html[22m [2m(+300ms)[22m 
[2m12:47:24[22m   [34m├─[39m [2m/en/news/inclusion-champion-of-the-year-award-nominations-open-efdcc239/index.html[22m [2m(+288ms)[22m 
[2m12:47:25[22m   [34m├─[39m [2m/en/news/reflection-on-intellectual-disability-and-selfawareness-9b9be9b8/index.html[22m [2m(+272ms)[22m 
[2m12:47:25[22m   [34m├─[39m [2m/en/news/disability-sports-pioneer-honored-for-paralympic-leadership-34805e26/index.html[22m [2m(+347ms)[22m 
[2m12:47:25[22m   [34m├─[39m [2m/en/news/disability-employment-bonus-inequality-sparks-frustration-4024e7fa/index.html[22m [2m(+277ms)[22m 
[2m12:47:25[22m   [34m├─[39m [2m/en/news/attack-on-disabled-person-by-immigrant-with-knife-938acd22/index.html[22m [2m(+318ms)[22m 
[2m12:47:26[22m   [34m├─[39m [2m/en/news/founding-of-house-of-the-sun-facility-for-disabled-independence-7a59081a/index.html[22m [2m(+292ms)[22m 
[2m12:47:26[22m   [34m├─[39m [2m/en/news/symplicity-discusses-accessibility-and-disability-services-at-nadp-2026-69afc09d/index.html[22m [2m(+282ms)[22m 
[2m12:47:26[22m   [34m├─[39m [2m/en/news/academy-transformation-trust-inclusion-team-shortlisted-for-mat-excellence-award-95ea18b2/index.html[22m [2m(+257ms)[22m 
[2m12:47:27[22m   [34m├─[39m [2m/en/news/founder-of-house-of-the-sun-promoted-sports-for-persons-with-physical-disabiliti-e3ebc8f2/index.html[22m [2m(+274ms)[22m 
[2m12:47:27[22m   [34m├─[39m [2m/en/news/nottingham-university-data-breach-exposes-disability-information-of-over-450k-in-ee233840/index.html[22m [2m(+264ms)[22m 
[2m12:47:27[22m   [34m├─[39m [2m/en/news/user-questions-if-they-are-perceived-as-disabled-5bd102fe/index.html[22m [2m(+343ms)[22m 
[2m12:47:27[22m   [34m├─[39m [2m/en/news/user-expresses-feeling-unwanted-as-a-disabled-person-fb48b758/index.html[22m [2m(+279ms)[22m 
[2m12:47:28[22m   [34m├─[39m [2m/en/news/twitter-search-fails-to-surface-disability-related-information-edfc056c/index.html[22m [2m(+292ms)[22m 
[2m12:47:28[22m   [34m├─[39m [2m/en/news/concerns-over-disability-employment-wages-amid-proposed-personal-information-law-2bf0fca1/index.html[22m [2m(+283ms)[22m 
[2m12:47:28[22m   [34m├─[39m [2m/en/news/video-guide-shows-accessible-route-to-employment-support-facility-0e45f3fc/index.html[22m [2m(+299ms)[22m 
[2m12:47:29[22m   [34m├─[39m [2m/en/news/qatars-2026-world-cup-accessibility-concerns-receive-less-outrage-2f5b82e5/index.html[22m [2m(+285ms)[22m 
[2m12:47:29[22m   [34m├─[39m [2m/en/news/chronology-of-disability-support-facilities-in-japan-20052010-b302602b/index.html[22m [2m(+291ms)[22m 
[2m12:47:29[22m   [34m├─[39m [2m/en/news/experiencing-depression-from-being-labeled-disabled-493717db/index.html[22m [2m(+294ms)[22m 
[2m12:47:29[22m   [34m├─[39m [2m/en/news/council-member-to-ask-about-barrier-free-station-overpass-c59f900c/index.html[22m [2m(+367ms)[22m 
[2m12:47:30[22m   [34m├─[39m [2m/en/news/history-of-disability-support-center-opening-in-2004-d6f69e6b/index.html[22m [2m(+285ms)[22m 
[2m12:47:30[22m   [34m├─[39m [2m/en/news/public-toilet-project-improves-accessibility-in-riverine-community-2301e06a/index.html[22m [2m(+305ms)[22m 
[2m12:47:30[22m   [34m├─[39m [2m/en/news/un-side-event-advances-disability-inclusion-via-state-institutions-e294ea0a/index.html[22m [2m(+324ms)[22m 
[2m12:47:31[22m   [34m├─[39m [2m/en/news/daily-routine-after-work-at-disability-employment-support-facility-ed57ce14/index.html[22m [2m(+283ms)[22m 
[2m12:47:31[22m   [34m├─[39m [2m/en/news/coach-accused-of-harassment-triggers-adjustment-disorder-among-students-6719093a/index.html[22m [2m(+279ms)[22m 
[2m12:47:31[22m   [34m├─[39m [2m/en/news/timeline-of-disability-vocational-facility-openings-and-joint-ventures-8dba9fa5/index.html[22m [2m(+291ms)[22m 
[2m12:47:32[22m   [34m├─[39m [2m/en/news/report-of-15-billion-fraud-in-disability-benefits-33662d6e/index.html[22m [2m(+294ms)[22m 
[2m12:47:32[22m   [34m├─[39m [2m/en/news/establishment-of-disability-support-facilities-in-japan-1984-1991-aa48567d/index.html[22m [2m(+344ms)[22m 
[2m12:47:32[22m   [34m├─[39m [2m/en/news/helixmarkets-integrates-accessibility-into-orderbook-and-incentive-design-f0783826/index.html[22m [2m(+277ms)[22m 
[2m12:47:33[22m   [34m├─[39m [2m/en/news/statement-compares-personal-luck-to-disabled-peoples-fortune-a7918150/index.html[22m [2m(+345ms)[22m 
[2m12:47:33[22m   [34m├─[39m [2m/en/news/completion-of-a-vocational-development-center-for-persons-with-physical-disabili-5bd9c07b/index.html[22m [2m(+319ms)[22m 
[2m12:47:33[22m   [34m├─[39m [2m/en/news/voxxed-days-luxembourg-features-talk-on-accessibility-testing-ea4cc20f/index.html[22m [2m(+333ms)[22m 
[2m12:47:34[22m   [34m├─[39m [2m/en/news/discussion-on-support-systems-for-mental-disability-group-homes-d974ae7b/index.html[22m [2m(+311ms)[22m 
[2m12:47:34[22m   [34m├─[39m [2m/en/news/awaiting-developmental-test-results-and-disability-certification-2fb86895/index.html[22m [2m(+318ms)[22m 
[2m12:47:34[22m   [34m├─[39m [2m/en/news/shared-honest-feelings-of-able-bodied-and-disabled-people-eb96468a/index.html[22m [2m(+271ms)[22m 
[2m12:47:34[22m   [34m├─[39m [2m/en/news/historical-milestones-including-a-welfare-factory-for-persons-with-physical-disa-9a5bdd17/index.html[22m [2m(+381ms)[22m 
[2m12:47:35[22m   [34m├─[39m [2m/en/news/debate-on-political-correctness-immigrants-vs-disabled-persons-afb98914/index.html[22m [2m(+276ms)[22m 
[2m12:47:35[22m   [34m├─[39m [2m/en/news/bank-facilities-include-services-for-physically-disabled-workers-fc67e8ff/index.html[22m [2m(+290ms)[22m 
[2m12:47:35[22m   [34m├─[39m [2m/en/news/intellectual-disability-and-sns-criticism-7488f89b/index.html[22m [2m(+319ms)[22m 
[2m12:47:36[22m   [34m├─[39m [2m/en/news/sun-house-employs-disabled-workers-in-community-integrated-factory-6e4a2e43/index.html[22m [2m(+290ms)[22m 
[2m12:47:36[22m   [34m├─[39m [2m/en/news/enjoying-barrier-free-movie-screenings-for-a-week-465ea834/index.html[22m [2m(+254ms)[22m 
[2m12:47:36[22m   [34m├─[39m [2m/en/news/taiyo-no-ie-disability-welfare-organization-promotes-work-opportunities-e25b7d42/index.html[22m [2m(+252ms)[22m 
[2m12:47:37[22m   [34m├─[39m [2m/en/news/disabled-user-reports-name-correction-request-ignored-and-mocked-70b822eb/index.html[22m [2m(+283ms)[22m 
[2m12:47:37[22m   [34m├─[39m [2m/en/news/difficulty-obtaining-disability-certificate-13aba18f/index.html[22m [2m(+334ms)[22m 
[2m12:47:37[22m   [34m├─[39m [2m/en/news/social-welfare-organization-supports-disabled-independence-e32ad039/index.html[22m [2m(+237ms)[22m 
[2m12:47:37[22m   [34m├─[39m [2m/en/news/housing-quality-declines-affecting-accessibility-12401852/index.html[22m [2m(+243ms)[22m 
[2m12:47:38[22m   [34m├─[39m [2m/en/news/bitnium-promotes-accessible-technology-for-a-smarter-digital-future-b4d1b519/index.html[22m [2m(+322ms)[22m 
[2m12:47:38[22m   [34m├─[39m [2m/en/news/dict-pushes-digital-transformation-for-inclusive-education-in-caraga-899bb47a/index.html[22m [2m(+306ms)[22m 
[2m12:47:38[22m   [34m├─[39m [2m/en/news/heathrow-trials-autonomous-mobility-support-in-airport-725f75b7/index.html[22m [2m(+295ms)[22m 
[2m12:47:39[22m   [34m├─[39m [2m/en/news/dubai-holding-and-cbd-launch-home-financing-programme-emphasizing-accessibility-b6aaa902/index.html[22m [2m(+316ms)[22m 
[2m12:47:39[22m   [34m├─[39m [2m/en/news/tron-and-uquid-tickets-enhance-world-cup-ticket-accessibility-dcf68e99/index.html[22m [2m(+260ms)[22m 
[2m12:47:39[22m   [34m├─[39m [2m/en/news/evidence-based-eye-test-policy-for-older-drivers-1d762c3b/index.html[22m [2m(+360ms)[22m 
[2m12:47:39[22m   [34m├─[39m [2m/en/news/inclusion-shelf-package-launched-for-inclusive-reading-2f8f213a/index.html[22m [2m(+305ms)[22m 
[2m12:47:40[22m   [34m├─[39m [2m/en/news/barrier-free-fashion-front-opening-t-shirt-ecb77fe8/index.html[22m [2m(+251ms)[22m 
[2m12:47:40[22m   [34m├─[39m [2m/en/news/inclusion-centre-provision-supports-schools-f6e7df94/index.html[22m [2m(+260ms)[22m 
[2m12:47:40[22m   [34m├─[39m [2m/en/news/uk-government-partners-with-elevenlabs-to-boost-public-service-accessibility-via-81956309/index.html[22m [2m(+292ms)[22m 
[2m12:47:41[22m   [34m├─[39m [2m/en/news/nhpc-receives-awards-for-diversity-inclusion-and-mental-health-learning-initiati-21dd0ae0/index.html[22m [2m(+300ms)[22m 
[2m12:47:41[22m   [34m├─[39m [2m/en/news/my-accessibility-journey-part-1-when-accessibility-felt-bigger-than-i-was-centra-a8aae3e6/index.html[22m [2m(+264ms)[22m 
[2m12:47:41[22m   [34m├─[39m [2m/en/news/sa-woman-charged-over-alleged-5m-ndis-fraud-759675f9/index.html[22m [2m(+307ms)[22m 
[2m12:47:41[22m   [34m├─[39m [2m/en/news/inclusive-plan-backed-for-lake-mac-feebe4e1/index.html[22m [2m(+361ms)[22m 
[2m12:47:42[22m   [34m├─[39m [2m/en/news/southern-city-government-aims-to-build-a-barrier-free-communication-and-gender-f-c16eaf3e/index.html[22m [2m(+294ms)[22m 
[2m12:47:42[22m   [34m├─[39m [2m/en/news/criticism-of-industrial-disability-employment-options-b78394cc/index.html[22m [2m(+276ms)[22m 
[2m12:47:42[22m   [34m├─[39m [2m/en/news/statement-on-mental-fitness-and-work-effort-e6ba91ab/index.html[22m [2m(+273ms)[22m 
[2m12:47:43[22m   [34m├─[39m [2m/en/news/disability-employment-fraud-allegations-spark-outrage-a691c57c/index.html[22m [2m(+278ms)[22m 
[2m12:47:43[22m   [34m├─[39m [2m/en/news/historical-eugenic-law-targeted-disabled-women-for-forced-sterilization-5c268552/index.html[22m [2m(+275ms)[22m 
[2m12:47:43[22m   [34m├─[39m [2m/en/news/disabled-user-reports-inability-to-use-flick-input-on-touchscreens-06f57d70/index.html[22m [2m(+273ms)[22m 
[2m12:47:43[22m   [34m├─[39m [2m/en/news/osaka-a-type-disability-employment-facility-loses-designation-over-fraudulent-su-809bcf98/index.html[22m [2m(+294ms)[22m 
[2m12:47:44[22m   [34m├─[39m [2m/en/news/isumi-city-promotes-inclusive-park-at-furusawa-e3af40a7/index.html[22m [2m(+402ms)[22m 
[2m12:47:44[22m   [34m├─[39m [2m/en/news/steps-after-completing-sabi-kan-training-for-disability-group-home-startup-1f70e21b/index.html[22m [2m(+284ms)[22m 
[2m12:47:44[22m   [34m├─[39m [2m/en/news/challenges-in-receiving-help-for-people-with-disabilities-who-struggle-with-soci-c39cd391/index.html[22m [2m(+359ms)[22m 
[2m12:47:45[22m   [34m├─[39m [2m/en/news/editorial-calls-for-stronger-oversight-of-disability-employment-support-to-preve-29e7c969/index.html[22m [2m(+295ms)[22m 
[2m12:47:45[22m   [34m├─[39m [2m/en/news/daily-meal-and-outdoor-activity-shared-by-a-disability-support-facility-e6cfba43/index.html[22m [2m(+309ms)[22m 
[2m12:47:45[22m   [34m├─[39m [2m/en/news/film-highlights-tokyos-first-physically-disabled-baseball-team-ed7cbf83/index.html[22m [2m(+313ms)[22m 
[2m12:47:46[22m   [34m├─[39m [2m/en/news/disabled-consultant-says-high-consciousness-accounts-are-disabled-611e8f0c/index.html[22m [2m(+305ms)[22m 
[2m12:47:46[22m   [34m├─[39m [2m/en/news/concerns-over-misuse-of-remote-work-support-in-disability-employment-cf76ec7c/index.html[22m [2m(+275ms)[22m 
[2m12:47:46[22m   [34m├─[39m [2m/en/news/derogatory-remark-targeting-disabled-individuals-239febe6/index.html[22m [2m(+297ms)[22m 
[2m12:47:47[22m   [34m├─[39m [2m/en/news/abuse-leads-to-user-death-at-disability-support-facility-in-kochi-45a255a8/index.html[22m [2m(+256ms)[22m 
[2m12:47:47[22m   [34m├─[39m [2m/en/news/concerns-over-inadequate-disability-support-for-victims-9f2befee/index.html[22m [2m(+299ms)[22m 
[2m12:47:47[22m   [34m├─[39m [2m/en/news/disability-employment-and-mental-health-highlighted-in-personal-tweet-20808588/index.html[22m [2m(+279ms)[22m 
[2m12:47:47[22m   [34m├─[39m [2m/en/news/proposal-for-preemployment-internships-in-disability-employment-for-public-serva-c0c6f436/index.html[22m [2m(+284ms)[22m 
[2m12:47:48[22m   [34m├─[39m [2m/en/news/als-home-support-survey-results-shared-ahead-of-world-als-day-51ed94f9/index.html[22m [2m(+269ms)[22m 
[2m12:47:48[22m   [34m├─[39m [2m/en/news/father-receives-disability-discount-paperwork-for-rental-apartment-35df379c/index.html[22m [2m(+306ms)[22m 
[2m12:47:48[22m   [34m├─[39m [2m/en/news/criticism-of-people-with-visual-and-cognitive-impairments-30202a0d/index.html[22m [2m(+297ms)[22m 
[2m12:47:49[22m   [34m├─[39m [2m/en/news/swimming-class-for-intellectually-disabled-participants-announced-6154c5de/index.html[22m [2m(+364ms)[22m 
[2m12:47:49[22m   [34m├─[39m [2m/en/news/disability-employment-subsidy-strategy-for-design-firms-6c6ea889/index.html[22m [2m(+309ms)[22m 
[2m12:47:49[22m   [34m├─[39m [2m/en/news/experience-of-strained-relations-with-disability-employment-staff-73943d66/index.html[22m [2m(+317ms)[22m 
[2m12:47:50[22m   [34m├─[39m [2m/en/news/gemini-update-improves-disability-access-e23641bb/index.html[22m [2m(+272ms)[22m 
[2m12:47:50[22m   [34m├─[39m [2m/en/news/advocating-for-easy-japanese-in-multicultural-communities-dc250fe6/index.html[22m [2m(+304ms)[22m 
[2m12:47:50[22m   [34m├─[39m [2m/en/news/road-tactile-paving-for-visually-impaired-guidance-3f2eee7b/index.html[22m [2m(+265ms)[22m 
[2m12:47:50[22m   [34m├─[39m [2m/en/news/disability-pension-holder-worries-about-rising-musical-ticket-prices-18092e59/index.html[22m [2m(+306ms)[22m 
[2m12:47:51[22m   [34m├─[39m [2m/en/news/barrier-free-route-adds-travel-time-at-tokyo-station-5370fea4/index.html[22m [2m(+288ms)[22m 
[2m12:47:51[22m   [34m├─[39m [2m/en/news/self-exclusion-aids-disabled-individuals-b75afbf5/index.html[22m [2m(+337ms)[22m 
[2m12:47:51[22m   [34m├─[39m [2m/en/news/fukushima-shifts-disability-course-access-to-lottery-system-a9cee778/index.html[22m [2m(+255ms)[22m 
[2m12:47:52[22m   [34m├─[39m [2m/en/news/debate-on-medical-cost-exemptions-for-welfare-recipients-and-disability-certific-8dc4d42e/index.html[22m [2m(+331ms)[22m 
[2m12:47:52[22m   [34m├─[39m [2m/en/news/personal-account-of-being-insulted-over-disability-perception-57293324/index.html[22m [2m(+288ms)[22m 
[2m12:47:52[22m   [34m├─[39m [2m/en/news/importance-of-barrier-free-environments-in-dining-experiences-fa861626/index.html[22m [2m(+322ms)[22m 
[2m12:47:53[22m   [34m├─[39m [2m/en/news/challenges-in-interpersonal-relations-at-a-type-disability-employment-facilities-c1832498/index.html[22m [2m(+266ms)[22m 
[2m12:47:53[22m   [34m├─[39m [2m/en/news/taking-disability-certificate-photo-with-facetaping-technique-1df1c84a/index.html[22m [2m(+320ms)[22m 
[2m12:47:53[22m   [34m├─[39m [2m/en/news/statement-on-lack-of-time-for-disabled-people-4fd81fac/index.html[22m [2m(+285ms)[22m 
[2m12:47:53[22m   [34m├─[39m [2m/en/news/disability-pension-and-welfare-income-details-dab3b0a6/index.html[22m [2m(+352ms)[22m 
[2m12:47:54[22m   [34m├─[39m [2m/en/news/equal-legal-treatment-for-disabled-and-black-individuals-04080ab7/index.html[22m [2m(+271ms)[22m 
[2m12:47:54[22m   [34m├─[39m [2m/en/news/criticism-of-mocking-and-exploiting-disabled-people-cc4390db/index.html[22m [2m(+288ms)[22m 
[2m12:47:54[22m   [34m├─[39m [2m/en/news/japans-limited-options-for-disabled-employment-support-436ae2f2/index.html[22m [2m(+297ms)[22m 
[2m12:47:55[22m   [34m├─[39m [2m/en/news/easy-japanese-workshop-for-community-inclusion-and-disaster-preparedness-ad349802/index.html[22m [2m(+302ms)[22m 
[2m12:47:55[22m   [34m├─[39m [2m/en/news/norwegian-officials-explore-ai-suitcase-for-blind-navigation-in-japan-ede52f1e/index.html[22m [2m(+291ms)[22m 
[2m12:47:55[22m   [34m├─[39m [2m/en/news/barrier-free-tourism-seminar-in-kochi-prefecture-eb151895/index.html[22m [2m(+281ms)[22m 
[2m12:47:56[22m   [34m├─[39m [2m/en/news/online-lecture-on-developmental-disabilities-by-parent-mentors-efd4cee2/index.html[22m [2m(+362ms)[22m 
[2m12:47:56[22m   [34m├─[39m [2m/en/news/society-too-harsh-for-people-with-mental-disabilities-125da69e/index.html[22m [2m(+297ms)[22m 
[2m12:47:56[22m   [34m├─[39m [2m/en/news/debate-on-disabled-person-privilege-in-workplace-ec3e36c3/index.html[22m [2m(+351ms)[22m 
[2m12:47:57[22m   [34m├─[39m [2m/en/news/policy-proposal-emphasizes-equal-opportunity-for-disabled-persons-b4cfe839/index.html[22m [2m(+260ms)[22m 
[2m12:47:57[22m   [34m├─[39m [2m/en/news/fashion-show-aims-to-boost-social-participation-of-disabled-persons-via-crowdfun-b67e308a/index.html[22m [2m(+367ms)[22m 
[2m12:47:57[22m   [34m├─[39m [2m/en/news/job-coach-support-casebook-for-autistic-workers-d621d91b/index.html[22m [2m(+349ms)[22m 
[2m12:47:57[22m   [34m├─[39m [2m/en/news/learning-disability-employment-handbook-and-new-support-system-challenge-7b11f405/index.html[22m [2m(+367ms)[22m 
[2m12:47:58[22m   [34m├─[39m [2m/en/news/wage-disparity-in-disability-employment-programmer-vs-hospital-sterilization-28ed93cf/index.html[22m [2m(+307ms)[22m 
[2m12:47:58[22m   [34m├─[39m [2m/en/news/reports-of-increased-violence-against-people-using-wheelchairs-41d11cdf/index.html[22m [2m(+349ms)[22m 
[2m12:47:59[22m   [34m├─[39m [2m/en/news/new-guidebooks-promote-disability-employment-and-autism-support-84f1a987/index.html[22m [2m(+370ms)[22m 
[2m12:47:59[22m   [34m├─[39m [2m/en/news/univex-network-highlights-mobile-accessibility-feature-for-web3-beginners-9c69f743/index.html[22m [2m(+345ms)[22m 
[2m12:47:59[22m   [34m├─[39m [2m/en/news/kura-sushi-criticized-for-lack-of-reservable-wheelchair-accessible-seating-9ea1d68c/index.html[22m [2m(+308ms)[22m 
[2m12:48:00[22m   [34m├─[39m [2m/en/news/konnex-highlights-improved-accessibility-in-web3-solutions-dc56bf83/index.html[22m [2m(+364ms)[22m 
[2m12:48:00[22m   [34m├─[39m [2m/en/news/audioeye-positions-itself-for-growth-amid-upcoming-doj-web-accessibility-mandate-ec00c2fa/index.html[22m [2m(+277ms)[22m 
[2m12:48:00[22m   [34m├─[39m [2m/en/news/ai-generated-code-worsens-web-accessibility-boosting-demand-for-hybrid-solutions-cfebf44b/index.html[22m [2m(+377ms)[22m 
[2m12:48:01[22m   [34m├─[39m [2m/en/news/tamil-nadu-minister-pushes-revival-of-vellalore-bus-terminus-with-accessibility--e04821bc/index.html[22m [2m(+321ms)[22m 
[2m12:48:01[22m   [34m├─[39m [2m/en/news/indie-game-reviewer-highlights-accessibility-focus-in-video-game-coverage-ae0c25ee/index.html[22m [2m(+323ms)[22m 
[2m12:48:01[22m   [34m├─[39m [2m/en/news/user-discusses-hip-joint-concerns-and-barrier-free-design-impact-34dc7ba3/index.html[22m [2m(+355ms)[22m 
[2m12:48:02[22m   [34m├─[39m [2m/en/news/symbiotic-society-town-meeting-2026-promotes-universal-design-and-inclusion-386c5cb0/index.html[22m [2m(+370ms)[22m 
[2m12:48:02[22m   [34m├─[39m [2m/en/news/tamil-nadu-minister-pushes-for-revival-of-vellalore-bus-terminus-project-74dcb56f/index.html[22m [2m(+317ms)[22m 
[2m12:48:02[22m   [34m├─[39m [2m/en/news/discussion-on-barrier-free-housing-influencing-marriage-decisions-5e28b354/index.html[22m [2m(+312ms)[22m 
[2m12:48:03[22m   [34m├─[39m [2m/en/news/study-suggests-new-therapy-may-reverse-autism-related-brain-deficits-cb505498/index.html[22m [2m(+315ms)[22m 
[2m12:48:03[22m   [34m├─[39m [2m/en/news/barrier-free-e-sports-event-concludes-with-plans-for-next-session-b61c3ee8/index.html[22m [2m(+343ms)[22m 
[2m12:48:03[22m   [34m├─[39m [2m/en/news/japan-health-ministry-vague-on-disability-welfare-reform-5a74b307/index.html[22m [2m(+273ms)[22m 
[2m12:48:03[22m   [34m├─[39m [2m/en/news/accessibility-exchange-meeting-with-consent-and-goodpatch-f10c7509/index.html[22m [2m(+283ms)[22m 
[2m12:48:04[22m   [34m├─[39m [2m/en/news/personal-chores-shared-while-referencing-depression-and-mental-disability-fce76dff/index.html[22m [2m(+340ms)[22m 
[2m12:48:04[22m   [34m├─[39m [2m/en/news/staff-arrested-for-assaulting-residents-at-disability-support-facility-f38696bf/index.html[22m [2m(+287ms)[22m 
[2m12:48:04[22m   [34m├─[39m [2m/en/news/stable-day-with-caretaker-support-in-group-home-9f9159bb/index.html[22m [2m(+310ms)[22m 
[2m12:48:05[22m   [34m├─[39m [2m/en/news/hot-day-with-air-conditioning-on-d97d982d/index.html[22m [2m(+274ms)[22m 
[2m12:48:05[22m   [34m├─[39m [2m/en/news/mental-health-monitoring-session-completed-dabd361a/index.html[22m [2m(+269ms)[22m 
[2m12:48:05[22m   [34m├─[39m [2m/en/news/disappointment-in-disability-employment-support-1820c70c/index.html[22m [2m(+377ms)[22m 
[2m12:48:06[22m   [34m├─[39m [2m/en/news/call-for-quick-disability-pass-acquisition-c3fd5941/index.html[22m [2m(+311ms)[22m 
[2m12:48:06[22m   [34m├─[39m [2m/en/news/individual-receives-disability-certificate-and-reflects-on-depression-related-di-f07d1a0b/index.html[22m [2m(+333ms)[22m 
[2m12:48:06[22m   [34m├─[39m [2m/en/news/observer-notes-disability-and-immigrant-welfare-issues-during-school-visit-calls-7480734a/index.html[22m [2m(+357ms)[22m 
[2m12:48:07[22m   [34m├─[39m [2m/en/news/user-visits-government-office-to-apply-for-disability-support-observes-many-othe-dd4f87ef/index.html[22m [2m(+242ms)[22m 
[2m12:48:07[22m   [34m├─[39m [2m/en/news/criticism-of-supporters-who-blame-disabled-people-29d621b3/index.html[22m [2m(+257ms)[22m 
[2m12:48:07[22m   [34m├─[39m [2m/en/news/frustration-with-people-asking-to-read-screen-instead-of-looking-23aa1db9/index.html[22m [2m(+401ms)[22m 
[2m12:48:08[22m   [34m├─[39m [2m/en/news/film-screening-features-barrier-free-subtitles-95b32e61/index.html[22m [2m(+319ms)[22m 
[2m12:48:08[22m   [34m├─[39m [2m/en/news/council-member-questions-developmental-disability-support-and-teacher-shortage-efe613ce/index.html[22m [2m(+326ms)[22m 
[2m12:48:08[22m   [34m├─[39m [2m/en/news/expert-talk-on-inclusive-spaces-and-gender-equality-at-iit-ism-dhanbad-c4cb6470/index.html[22m [2m(+282ms)[22m 
[2m12:48:08[22m   [34m├─[39m [2m/en/news/lesson-on-coexistence-society-and-diversity-discusses-dei-importance-38994186/index.html[22m [2m(+349ms)[22m 
[2m12:48:09[22m   [34m├─[39m [2m/en/news/desire-for-disability-pension-a3986e07/index.html[22m [2m(+390ms)[22m 
[2m12:48:09[22m   [34m├─[39m [2m/en/news/new-ai-tool-for-accessible-subtitles-and-audio-guides-01e0962c/index.html[22m [2m(+297ms)[22m 
[2m12:48:09[22m   [34m├─[39m [2m/en/news/discussion-of-disability-pension-and-welfare-in-ai-fable-livestream-e2da7e0f/index.html[22m [2m(+295ms)[22m 
[2m12:48:10[22m   [34m├─[39m [2m/en/news/charleston-law-recognized-for-student-accessibility-7e59765c/index.html[22m [2m(+356ms)[22m 
[2m12:48:10[22m   [34m├─[39m [2m/en/news/user-queries-accessibility-settings-affecting-balloon-behavior-in-game-1ed4cdce/index.html[22m [2m(+314ms)[22m 
[2m12:48:10[22m   [34m├─[39m [2m/en/news/a-blog-cms-accessibility-inquiries-increase-3044bb21/index.html[22m [2m(+377ms)[22m 
[2m12:48:11[22m   [34m├─[39m [2m/en/news/tokyo-accessibility-meetup-lightning-talk-june-23-b0b2e672/index.html[22m [2m(+332ms)[22m 
[2m12:48:11[22m   [34m├─[39m [2m/en/news/psilocinenhanced-neuroplasticity-proposed-to-improve-braincomputer-interfaces-63579943/index.html[22m [2m(+339ms)[22m 
[2m12:48:12[22m   [34m├─[39m [2m/en/news/namo-app-promotes-access-opportunity-and-inclusion-419defaa/index.html[22m [2m(+338ms)[22m 
[2m12:48:12[22m   [34m├─[39m [2m/en/news/accessibility-essential-in-sustainability-discourse-1bd5f3a8/index.html[22m [2m(+327ms)[22m 
[2m12:48:12[22m   [34m├─[39m [2m/en/news/google-maps-to-launch-gemini-ai-powered-ask-maps-in-march-2026-adec0e42/index.html[22m [2m(+296ms)[22m 
[2m12:48:12[22m   [34m├─[39m [2m/en/news/wingman-ps2-and-rewasdmapper-enable-accessible-retro-gaming-a88fef38/index.html[22m [2m(+261ms)[22m 
[2m12:48:13[22m   [34m├─[39m [2m/en/news/blind-user-shares-how-voiceover-enables-social-media-participation-3a753884/index.html[22m [2m(+279ms)[22m 
[2m12:48:13[22m   [34m├─[39m [2m/en/news/improving-workplace-accessibility-for-wheelchair-users-5acb2cf6/index.html[22m [2m(+295ms)[22m 
[2m12:48:13[22m   [34m├─[39m [2m/en/news/accessibility-lt-exchange-event-report-by-service-designers-d232160f/index.html[22m [2m(+279ms)[22m 
[2m12:48:14[22m   [34m├─[39m [2m/en/news/accessibility-is-a-good-thing-7085301a/index.html[22m [2m(+343ms)[22m 
[2m12:48:14[22m   [34m├─[39m [2m/en/news/xsto-mobility-showcases-ai-powered-stair-climbing-mobility-device-e6d04ae9/index.html[22m [2m(+352ms)[22m 
[2m12:48:14[22m   [34m├─[39m [2m/en/news/darklup-launches-accessibility-panel-for-wordpress-sites-b7bcbc30/index.html[22m [2m(+288ms)[22m 
[2m12:48:15[22m   [34m├─[39m [2m/en/news/andhra-pradesh-official-distributes-aids-to-children-with-special-needs-42c41c87/index.html[22m [2m(+279ms)[22m 
[2m12:48:15[22m   [34m├─[39m [2m/en/news/un-conference-addresses-critical-gaps-in-disability-rights-e2373a18/index.html[22m [2m(+316ms)[22m 
[2m12:48:15[22m   [34m├─[39m [2m/en/news/vehicle-licence-tax-relief-update-eligibility-expanded-for-families-with-disable-ebfddede/index.html[22m [2m(+246ms)[22m 
[2m12:48:15[22m   [34m├─[39m [2m/en/news/yarras-policy-aims-to-integrate-universal-design-into-everyday-life-81b81eb2/index.html[22m [2m(+334ms)[22m 
[2m12:48:16[22m   [34m├─[39m [2m/en/news/new-app-links-to-connect-persons-with-disabilities-and-carers-749a4b4f/index.html[22m [2m(+274ms)[22m 
[2m12:48:16[22m   [34m├─[39m [2m/en/news/new-toolkit-puts-people-with-disabilities-at-heart-of-timms-review-ce5e94b5/index.html[22m [2m(+287ms)[22m 
[2m12:48:16[22m   [34m├─[39m [2m/en/news/uq-researchers-propose-disability-sport-hub-for-toowoomba-b02b9831/index.html[22m [2m(+339ms)[22m 
[2m12:48:17[22m   [34m├─[39m [2m/en/news/caregiver-abuses-disabled-family-sexual-assault-of-daughter-and-molestation-of-m-7ddea4e8/index.html[22m [2m(+364ms)[22m 
[2m12:48:17[22m   [34m├─[39m [2m/en/news/nueces-county-leaders-establish-new-committee-to-improve-accessibility-for-peopl-3935f5f4/index.html[22m [2m(+312ms)[22m 
[2m12:48:17[22m   [34m├─[39m [2m/en/news/tyler-uses-robots-to-map-sidewalks-identify-accessibility-issues-cbs19tv-d6061450/index.html[22m [2m(+335ms)[22m 
[2m12:48:18[22m   [34m├─[39m [2m/en/news/blindnewworld-celebrates-pride-and-inclusion-e1c457a5/index.html[22m [2m(+279ms)[22m 
[2m12:48:18[22m   [34m├─[39m [2m/en/news/disability-awareness-moment-opens-annual-conference-with-call-for-accessibility--7232ee4c/index.html[22m [2m(+338ms)[22m 
[2m12:48:18[22m   [34m├─[39m [2m/en/news/nys-arts-grant-to-improve-accessibility-at-saranac-laboratory-museum-sun-communi-3f64ec77/index.html[22m [2m(+324ms)[22m 
[2m12:48:19[22m   [34m├─[39m [2m/en/news/west-side-market-announces-new-accessibility-upgrades-55c79f2a/index.html[22m [2m(+353ms)[22m 
[2m12:48:19[22m   [34m├─[39m [2m/en/news/tyler-uses-robots-to-survey-sidewalks-for-accessibility-needs-bca888c8/index.html[22m [2m(+322ms)[22m 
[2m12:48:19[22m   [34m├─[39m [2m/en/news/robots-meant-to-assess-tyler-sidewalk-accessibility-enter-full-operation-7f71045a/index.html[22m [2m(+296ms)[22m 
[2m12:48:20[22m   [34m├─[39m [2m/en/news/sisters-works-to-connect-accessible-trail-system-bace4bfa/index.html[22m [2m(+282ms)[22m 
[2m12:48:20[22m   [34m├─[39m [2m/en/news/myrtle-beach-approves-free-automated-beach-wheelchair-program-wpde-e91bfe1a/index.html[22m [2m(+260ms)[22m 
[2m12:48:20[22m   [34m├─[39m [2m/en/news/new-rules-no-barriers-karnataka-high-court-issues-guidelines-for-inclusive-acces-ae563394/index.html[22m [2m(+264ms)[22m 
[2m12:48:20[22m   [34m├─[39m [2m/en/news/robots-roll-through-tyler-to-test-sidewalk-accessibility-ketkcom-827cb97d/index.html[22m [2m(+304ms)[22m 
[2m12:48:21[22m   [34m├─[39m [2m/en/news/heres-how-liquid-glass-is-changing-in-ios-27-a64c566f/index.html[22m [2m(+297ms)[22m 
[2m12:48:21[22m   [34m├─[39m [2m/en/news/deep-dive-beyond-the-ada-digital-accessibility-deadline-maryland-association-of--af754b1a/index.html[22m [2m(+291ms)[22m 
[2m12:48:21[22m   [34m├─[39m [2m/en/news/allegheny-county-parents-report-high-satisfaction-but-face-cost-accessibility-ba-52d4fc6f/index.html[22m [2m(+348ms)[22m 
[2m12:48:22[22m   [34m├─[39m [2m/en/news/city-of-tyler-deploys-robots-to-map-sidewalks-for-accessibility-upgrades-cbs19tv-6f67ef9f/index.html[22m [2m(+385ms)[22m 
[2m12:48:22[22m   [34m├─[39m [2m/en/news/usability-testing-with-low-vision-and-dyslexia-users-65ad0b08/index.html[22m [2m(+306ms)[22m 
[2m12:48:22[22m   [34m├─[39m [2m/en/news/upcoming-accessibility-events-in-july-and-october-e8f338b2/index.html[22m [2m(+361ms)[22m 
[2m12:48:23[22m   [34m├─[39m [2m/en/news/tokyo-accessibility-meetup-lightning-talks-june-23-6aaa32a1/index.html[22m [2m(+284ms)[22m 
[2m12:48:23[22m   [34m├─[39m [2m/en/news/gaad-celebration-highlights-accessibility-advocacy-eba304e6/index.html[22m [2m(+320ms)[22m 
[2m12:48:23[22m   [34m├─[39m [2m/en/news/brayhope-farm-to-launch-disability-accessibility-project-oswego-county-news-now-3da35869/index.html[22m [2m(+293ms)[22m 
[2m12:48:24[22m   [34m├─[39m [2m/en/news/google-launches-gemini-35-live-translate-ai-model-for-real-time-speech-to-speech-364863e2/index.html[22m [2m(+323ms)[22m 
[2m12:48:24[22m   [34m├─[39m [2m/en/news/taiwans-time-party-urges-unified-definition-of-mobility-aid-seats-after-disabled-fc679225/index.html[22m [2m(+356ms)[22m 
[2m12:48:24[22m   [34m├─[39m [2m/en/news/public-works-facility-accessibility-repairs-vermilion-county-first-1e5b6029/index.html[22m [2m(+279ms)[22m 
[2m12:48:25[22m   [34m├─[39m [2m/en/news/20-years-of-the-un-convention-on-the-rights-of-persons-with-disabilities-cosp-si-193ec70b/index.html[22m [2m(+282ms)[22m 
[2m12:48:25[22m   [34m├─[39m [2m/en/news/sagamihara-disability-killing-10th-anniversary-memorial-calls-for-deinstitutiona-882393c6/index.html[22m [2m(+333ms)[22m 
[2m12:48:25[22m   [34m├─[39m [2m/en/news/kinmen-university-special-education-promotion-committee-continues-to-improve-cam-f17a02e7/index.html[22m [2m(+311ms)[22m 
[2m12:48:25[22m   [34m├─[39m [2m/en/news/tyler-rolls-out-robot-tech-to-assess-sidewalk-accessibility-kltvcom-48802331/index.html[22m [2m(+362ms)[22m 
[2m12:48:26[22m   [34m├─[39m [2m/en/news/digital-accessibility-color-contrast-f1f491c4/index.html[22m [2m(+262ms)[22m 
[2m12:48:26[22m   [34m├─[39m [2m/en/news/love-without-barriers-yilan-county-disabled-athletes-win-20-gold-medals-at-115th-0a7790af/index.html[22m [2m(+371ms)[22m 
[2m12:48:26[22m   [34m├─[39m [2m/en/news/safety-accessibility-upgrades-debut-along-market-street-in-phillys-old-city-7c5b6cb0/index.html[22m [2m(+366ms)[22m 
[2m12:48:27[22m   [34m├─[39m [2m/en/news/companion-dogs-prescribed-as-rehabilitation-therapy-in-miaoli-hospital-36681524/index.html[22m [2m(+311ms)[22m 
[2m12:48:27[22m   [34m├─[39m [2m/en/news/wichita-falls-launches-redesigned-city-website-focused-on-accessibility-and-ease-459a7939/index.html[22m [2m(+302ms)[22m 
[2m12:48:27[22m   [34m├─[39m [2m/en/news/durham-west-point-on-the-eno-park-closing-for-accessibility-upgrades-will-reopen-38214697/index.html[22m [2m(+285ms)[22m 
[2m12:48:28[22m   [34m├─[39m [2m/en/news/texas-launches-accessible-standardized-web-design-system-to-modernize-agency-sit-eabe0243/index.html[22m [2m(+286ms)[22m 
[2m12:48:28[22m   [34m├─[39m [2m/en/news/fastenal-partners-with-first-robotics-competition-to-manufacture-accessible-ramp-62ba1225/index.html[22m [2m(+301ms)[22m 
[2m12:48:28[22m   [34m├─[39m [2m/en/news/ctbc-charity-project-helps-thousand-families-transform-lives-including-accessibl-b1e84434/index.html[22m [2m(+260ms)[22m 
[2m12:48:29[22m   [34m├─[39m [2m/en/news/csu-mountain-campus-receives-funding-to-improve-accessibility-and-the-student-ex-dcd018ee/index.html[22m [2m(+295ms)[22m 
[2m12:48:29[22m   [34m├─[39m [2m/en/news/george-mason-engineering-team-uses-robotics-to-rethink-accessibility-ee9ebb95/index.html[22m [2m(+301ms)[22m 
[2m12:48:29[22m   [34m├─[39m [2m/en/news/vision-disability-advocate-slams-eglinton-crosstown-lrt-station-wayfinding-in-vi-8a0c6182/index.html[22m [2m(+349ms)[22m 
[2m12:48:29[22m   [34m├─[39m [2m/en/news/new-adaptive-golf-vehicle-expands-accessibility-at-estes-park-golf-course-ba36a70d/index.html[22m [2m(+258ms)[22m 
[2m12:48:30[22m   [34m├─[39m [2m/en/news/district-court-sides-with-gdoe-superintendent-in-southern-high-accessibility-cas-4c3a6c4f/index.html[22m [2m(+315ms)[22m 
[2m12:48:30[22m   [34m├─[39m [2m/en/news/the-t-has-come-a-long-way-on-its-path-to-accessibility-but-many-barriers-remain-ba0950ec/index.html[22m [2m(+238ms)[22m 
[2m12:48:30[22m   [34m├─[39m [2m/en/news/ketone-bodies-explained-roles-in-health-and-disability-aa07c861/index.html[22m [2m(+370ms)[22m 
[2m12:48:31[22m   [34m├─[39m [2m/en/news/national-university-holds-special-education-promotion-committee-to-continuously--e33b0864/index.html[22m [2m(+286ms)[22m 
[2m12:48:31[22m   [34m├─[39m [2m/en/news/national-university-holds-special-education-promotion-committee-meeting-to-conti-62b1cb01/index.html[22m [2m(+354ms)[22m 
[2m12:48:31[22m   [34m├─[39m [2m/en/news/gold-university-convenes-special-education-promotion-committee-to-continuously-i-7174644c/index.html[22m [2m(+350ms)[22m 
[2m12:48:32[22m   [34m├─[39m [2m/en/news/alden-ehrenreich-has-the-correct-take-on-broadway-accessibility-70241873/index.html[22m [2m(+368ms)[22m 
[2m12:48:32[22m   [34m├─[39m [2m/en/news/accessible-upgrades-coming-to-pinecrest-elementary-playground-c3965f63/index.html[22m [2m(+283ms)[22m 
[2m12:48:32[22m   [34m├─[39m [2m/en/news/expert-guide-to-wheelchair-accessible-vans-and-suvs-aarp-fee166c2/index.html[22m [2m(+397ms)[22m 
[2m12:48:33[22m   [34m├─[39m [2m/en/news/microlink-and-accessibility-on-demand-transit-for-seniors-and-those-without-a-ca-0de6c9a3/index.html[22m [2m(+306ms)[22m 
[2m12:48:33[22m   [34m├─[39m [2m/en/news/eight-love-charity-foster-home-holds-life-beauty-series-activities-tushan-elemen-2132b48b/index.html[22m [2m(+341ms)[22m 
[2m12:48:33[22m   [34m├─[39m [2m/en/news/rockford-residents-highlight-accessibility-barriers-at-listening-session-b3c45eb0/index.html[22m [2m(+320ms)[22m 
[2m12:48:34[22m   [34m├─[39m [2m/en/news/call-for-nominations-edf-womens-committee-and-edf-youth-committee-6d7b291d/index.html[22m [2m(+380ms)[22m 
[2m12:48:34[22m   [34m├─[39m [2m/en/news/smart-assistive-technology-subsidy-launches-july-1-in-chiayi-county-to-boost-lon-99c6900d/index.html[22m [2m(+376ms)[22m 
[2m12:48:34[22m   [34m├─[39m [2m/en/news/many-accessible-facility-issues-hidden-traps-for-wheelchair-users-3439054c/index.html[22m [2m(+279ms)[22m 
[2m12:48:35[22m   [34m├─[39m [2m/en/news/new-wheelchair-accessible-dune-crossing-installed-in-rehoboth-f7ef067f/index.html[22m [2m(+301ms)[22m 
[2m12:48:35[22m   [34m├─[39m [2m/en/news/clarivate-and-benetech-expand-collaboration-to-improve-library-accessibility-ca404d04/index.html[22m [2m(+292ms)[22m 
[2m12:48:35[22m   [34m├─[39m [2m/en/news/klm-apologizes-after-paralympian-denied-onboard-wheelchair-on-11-hour-flight-36576d03/index.html[22m [2m(+277ms)[22m 
[2m12:48:36[22m   [34m├─[39m [2m/en/news/southern-city-government-builds-accessible-communication-and-gender-friendly-tou-440d48d0/index.html[22m [2m(+282ms)[22m 
[2m12:48:36[22m   [34m├─[39m [2m/en/news/national-chengchi-universitys-special-education-promotion-committee-advances-cam-c939d40a/index.html[22m [2m(+292ms)[22m 
[2m12:48:36[22m   [34m├─[39m [2m/en/news/parents-feel-safe-when-children-feel-secure-7-accessibility-details-in-hsinchu-r-adb8f2e4/index.html[22m [2m(+334ms)[22m 
[2m12:48:36[22m   [34m├─[39m [2m/en/news/apples-siri-ai-launch-raises-accessibility-concerns-in-india-due-to-language-and-f421be43/index.html[22m [2m(+331ms)[22m 
[2m12:48:37[22m   [34m├─[39m [2m/en/news/psychologist-position-focused-on-inclusive-education-in-taupo-0cec1edd/index.html[22m [2m(+375ms)[22m 
[2m12:48:37[22m   [34m├─[39m [2m/en/news/nagaland-campaign-calls-for-hiv-stigma-reduction-and-dignity-cddbccf6/index.html[22m [2m(+318ms)[22m 
[2m12:48:38[22m   [34m├─[39m [2m/en/news/kp-rural-accessibility-project-faces-rs10bn-loss-due-to-irregularities-71980447/index.html[22m [2m(+317ms)[22m 
[2m12:48:38[22m   [34m├─[39m [2m/en/news/critics-say-focus-on-hypothetical-disabled-children-ignores-real-discrimination-d68bfffb/index.html[22m [2m(+284ms)[22m 
[2m12:48:38[22m   [34m├─[39m [2m/en/news/macos-27-golden-gate-dev-beta-1-highlights-accessibility-improvements-d2992f8b/index.html[22m [2m(+367ms)[22m 
[2m12:48:38[22m   [34m├─[39m [2m/en/news/toll-free-numbers-improve-customer-accessibility-and-experience-2afa3972/index.html[22m [2m(+271ms)[22m 
[2m12:48:39[22m   [34m├─[39m [2m/en/news/apple-voiceover-gains-ai-powered-scene-description-at-wwdc-2026-d86b8a95/index.html[22m [2m(+284ms)[22m 
[2m12:48:39[22m   [34m├─[39m [2m/en/news/ugandas-equal-opportunities-commission-honors-heroes-day-with-call-for-inclusion-8683ff3f/index.html[22m [2m(+315ms)[22m 
[2m12:48:39[22m   [34m├─[39m [2m/en/news/quip-network-emphasizes-security-without-sacrificing-accessibility-17291c47/index.html[22m [2m(+284ms)[22m 
[2m12:48:40[22m   [34m├─[39m [2m/en/news/balancing-accessibility-with-technical-progress-051b2009/index.html[22m [2m(+290ms)[22m 
[2m12:48:40[22m   [34m├─[39m [2m/en/news/amazons-project-leo-to-boost-internet-accessibility-in-kenya-8be6c18e/index.html[22m [2m(+343ms)[22m 
[2m12:48:40[22m   [34m├─[39m [2m/en/news/divi-5-launch-checklist-includes-accessibility-review-a88a034b/index.html[22m [2m(+282ms)[22m 
[2m12:48:41[22m   [34m├─[39m [2m/en/news/experts-support-inclusive-vision-for-future-city-initiative-bb1aea4c/index.html[22m [2m(+321ms)[22m 
[2m12:48:41[22m   [34m├─[39m [2m/en/news/ios-27-and-ipados-27-launch-with-siri-ai-boosting-performance-sharing-and-access-ac5e51a4/index.html[22m [2m(+267ms)[22m 
[2m12:48:41[22m   [34m├─[39m [2m/en/news/el-paso-county-adds-accessibility-upgrades-to-fountain-creek-regional-park-b7b43da7/index.html[22m [2m(+308ms)[22m 
[2m12:48:41[22m   [34m├─[39m [2m/en/news/new-north-village-park-in-columbia-to-include-accessibility-features-columbia-mi-08765030/index.html[22m [2m(+353ms)[22m 
[2m12:48:42[22m   [34m├─[39m [2m/en/news/feather-river-land-trust-begins-accessibility-and-restoration-work-at-olsen-barn-ca7b9230/index.html[22m [2m(+329ms)[22m 
[2m12:48:42[22m   [34m├─[39m [2m/en/news/improve-campus-accessibility-construction-begins-june-8-fcdbb748/index.html[22m [2m(+259ms)[22m 
[2m12:48:42[22m   [34m├─[39m [2m/en/news/senior-lawyer-alleges-accessibility-lapses-dress-code-row-at-madras-club-48d15c55/index.html[22m [2m(+362ms)[22m 
[2m12:48:43[22m   [34m├─[39m [2m/en/news/pearson-inks-150k-deal-in-eeoc-vision-accessibility-suit-86f1e376/index.html[22m [2m(+301ms)[22m 
[2m12:48:43[22m   [34m├─[39m [2m/en/news/york-residents-asked-to-help-boost-park-and-playground-accessibility-bbc-ee7c3cf7/index.html[22m [2m(+378ms)[22m 
[2m12:48:43[22m   [34m├─[39m [2m/en/news/tainan-launches-sign-language-tours-and-gender-equality-education-to-build-an-ac-cbfe69ed/index.html[22m [2m(+281ms)[22m 
[2m12:48:44[22m   [34m├─[39m [2m/en/news/grants-supporting-youth-development-accessibility-and-more-announced-4e467d1a/index.html[22m [2m(+381ms)[22m 
[2m12:48:44[22m   [34m├─[39m [2m/en/news/show-hn-xa11y-cross-platform-desktop-automation-via-accessibility-trees-943208fc/index.html[22m [2m(+423ms)[22m 
[2m12:48:45[22m   [34m├─[39m [2m/en/news/fundraiser-supports-accessible-home-for-minneapolis-woman-left-paralyzed-before--d63d8344/index.html[22m [2m(+355ms)[22m 
[2m12:48:45[22m   [34m├─[39m [2m/en/news/ncsas-delta-brings-accessibility-to-hpc-national-center-for-supercomputing-appli-e68edf3c/index.html[22m [2m(+287ms)[22m 
[2m12:48:45[22m   [34m├─[39m [2m/en/news/using-the-task-technology-fit-model-to-examine-the-use-of-telemedicine-applicati-e9b04b83/index.html[22m [2m(+280ms)[22m 
[2m12:48:45[22m   [34m├─[39m [2m/en/news/on-the-right-track-a-new-era-of-accessible-healthcare-aaa12a87/index.html[22m [2m(+294ms)[22m 
[2m12:48:46[22m   [34m├─[39m [2m/en/news/the-price-of-inclusion-redefining-accessibility-at-summer-camps-grady-newsource-719b7fe0/index.html[22m [2m(+272ms)[22m 
[2m12:48:46[22m   [34m├─[39m [2m/en/news/sherbrooke-city-hall-roundup-bike-lane-upgrades-accessibility-progress-and-lawn--fb0c44f5/index.html[22m [2m(+235ms)[22m 
[2m12:48:46[22m   [34m├─[39m [2m/en/news/expanding-accessible-library-experiences-at-scale-clarivate-4be8cbd6/index.html[22m [2m(+280ms)[22m 
[2m12:48:47[22m   [34m├─[39m [2m/en/news/anonymous-donation-helps-als-patients-in-az-access-wheelchair-accessible-cars-ab-04c2dd09/index.html[22m [2m(+330ms)[22m 
[2m12:48:47[22m   [34m├─[39m [2m/en/news/building-inclusive-ai-why-persons-with-disabilities-must-shape-europes-digital-f-b4becbbb/index.html[22m [2m(+287ms)[22m 
[2m12:48:47[22m   [34m├─[39m [2m/en/news/riveredge-nature-center-is-in-a-new-era-of-accessibility-radio-milwaukee-8b437b21/index.html[22m [2m(+286ms)[22m 
[2m12:48:47[22m   [34m├─[39m [2m/en/news/recommendations-for-stair-lift-chairs-and-wheelchair-lift-platforms-for-home-acc-ee5eff36/index.html[22m [2m(+277ms)[22m 
[2m12:48:48[22m   [34m├─[39m [2m/en/news/tainan-upgrades-sign-language-guide-services-to-build-an-accessible-and-gender-f-e60396a9/index.html[22m [2m(+295ms)[22m 
[2m12:48:48[22m   [34m├─[39m [2m/en/news/friendly-tourism-upgraded-tainan-promotes-sign-language-guides-to-build-an-acces-8433b569/index.html[22m [2m(+370ms)[22m 
[2m12:48:48[22m   [34m├─[39m [2m/en/news/friendly-tourism-upgraded-tainan-trains-sign-language-guides-to-create-an-access-859bed6c/index.html[22m [2m(+321ms)[22m 
[2m12:48:49[22m   [34m├─[39m [2m/en/news/tuobang-shares-uses-autonomous-intelligence-to-support-accessible-technology-con-e1929f16/index.html[22m [2m(+345ms)[22m 
[2m12:48:49[22m   [34m├─[39m [2m/en/news/more-persons-with-disabilities-looking-for-employment-6d0f75cf/index.html[22m [2m(+365ms)[22m 
[2m12:48:49[22m   [34m├─[39m [2m/en/news/usbs-2026-audiobooks-and-accessibility-for-young-readers-take-center-stage-aedd292b/index.html[22m [2m(+383ms)[22m 
[2m12:48:50[22m   [34m├─[39m [2m/en/news/integrated-care-cuts-hospital-visits-for-adults-with-disabilities-348adcd5/index.html[22m [2m(+272ms)[22m 
[2m12:48:50[22m   [34m├─[39m [2m/en/news/new-certification-helps-validate-expertise-in-stroke-program-381703e0/index.html[22m [2m(+308ms)[22m 
[2m12:48:50[22m   [34m├─[39m [2m/en/news/act-helps-parents-of-children-with-disabilities-42ab2345/index.html[22m [2m(+261ms)[22m 
[2m12:48:51[22m   [34m├─[39m [2m/en/news/islrtc-advises-on-isl-interpretation-service-guidelines-756a539e/index.html[22m [2m(+323ms)[22m 
[2m12:48:51[22m   [34m├─[39m [2m/en/news/namo-app-promotes-worlds-largest-inclusion-architecture-fb5af835/index.html[22m [2m(+381ms)[22m 
[2m12:48:51[22m   [34m├─[39m [2m/en/news/chainsmoking-accessibility-political-satire-on-disability-rights-60cc75f8/index.html[22m [2m(+346ms)[22m 
[2m12:48:52[22m   [34m├─[39m [2m/en/news/kenyas-977-platform-improves-service-accessibility-for-electricity-management-d0788861/index.html[22m [2m(+348ms)[22m 
[2m12:48:52[22m   [34m├─[39m [2m/en/news/youth-with-disabilities-need-inclusive-education-d962b0ff/index.html[22m [2m(+260ms)[22m 
[2m12:48:52[22m   [34m├─[39m [2m/en/news/dmrc-staff-receive-basic-isl-training-to-improve-deaf-communication-4c0fd794/index.html[22m [2m(+249ms)[22m 
[2m12:48:53[22m   [34m├─[39m [2m/en/news/kenya-power-app-enhances-service-accessibility-5e1a6c7d/index.html[22m [2m(+253ms)[22m 
[2m12:48:53[22m   [34m├─[39m [2m/en/news/airtel-uganda-app-accessibility-issues-reported-925aedf2/index.html[22m [2m(+275ms)[22m 
[2m12:48:53[22m   [34m├─[39m [2m/en/news/indias-namo-app-promotes-inclusive-architecture-initiative-c533786b/index.html[22m [2m(+386ms)[22m 
[2m12:48:53[22m   [34m├─[39m [2m/en/news/wheelchair-user-experience-video-promotes-barrier-free-society-5b967bd6/index.html[22m [2m(+293ms)[22m 
[2m12:48:54[22m   [34m├─[39m [2m/en/news/tremedi-telehealth-platform-emphasizes-accessibility-913b1872/index.html[22m [2m(+269ms)[22m 
[2m12:48:54[22m   [34m├─[39m [2m/en/news/indias-digital-public-infrastructure-praised-as-model-for-inclusive-development-d33718be/index.html[22m [2m(+270ms)[22m 
[2m12:48:54[22m   [34m├─[39m [2m/en/news/south-asia-disaster-report-2025-highlights-inclusive-early-warning-2b002f11/index.html[22m [2m(+241ms)[22m 
[2m12:48:55[22m   [34m├─[39m [2m/en/news/youtube-experimental-homepage-layout-criticized-for-accessibility-issues-f04d6d6b/index.html[22m [2m(+289ms)[22m 
[2m12:48:55[22m   [34m├─[39m [2m/en/news/uk-made-bespoke-beds-improve-accessibility-for-pediatric-and-bariatric-care-39d77446/index.html[22m [2m(+308ms)[22m 
[2m12:48:55[22m   [34m├─[39m [2m/en/news/national-archives-upgrade-improves-accessibility-and-city-experience-e242747f/index.html[22m [2m(+323ms)[22m 
[2m12:48:55[22m   [34m├─[39m [2m/en/news/youtube-homepage-layout-change-harms-accessibility-7295f22e/index.html[22m [2m(+354ms)[22m 
[2m12:48:56[22m   [34m├─[39m [2m/en/news/trump-administration-sued-over-delay-of-accessibility-rules-disability-scoop-a4c8a825/index.html[22m [2m(+342ms)[22m 
[2m12:48:56[22m   [34m├─[39m [2m/en/news/disability-allowance-for-three-festivals-increased-to-nt9000-candidate-tzuwei-tu-2f4e388e/index.html[22m [2m(+330ms)[22m 
[2m12:48:56[22m   [34m├─[39m [2m/en/news/teams-to-inspect-provincial-level-compliance-with-accessibility-law-ea9b0132/index.html[22m [2m(+319ms)[22m 
[2m12:48:57[22m   [34m├─[39m [2m/en/news/new-north-village-park-in-columbia-to-include-accessibility-features-komu-8-201c9eba/index.html[22m [2m(+362ms)[22m 
[2m12:48:57[22m   [34m├─[39m [2m/en/news/jett-foundation-surprises-westfield-teen-with-life-changing-accessible-van-cf6dd130/index.html[22m [2m(+284ms)[22m 
[2m12:48:57[22m   [34m├─[39m [2m/en/news/from-connectivity-to-companion-why-robotic-guide-dogs-are-the-talk-of-dtw-ignite-5bac179e/index.html[22m [2m(+398ms)[22m 
[2m12:48:58[22m   [34m├─[39m [2m/en/news/scaling-physical-ai-what-a-robotic-guide-dog-teaches-us-about-distributed-edge-w-a500bec1/index.html[22m [2m(+262ms)[22m 
[2m12:48:58[22m   [34m├─[39m [2m/en/news/word-of-mouth-isle-of-skye-ad8782f9/index.html[22m [2m(+258ms)[22m 
[2m12:48:58[22m   [34m├─[39m [2m/en/news/software-allows-lynners-to-submit-accessibility-concerns-itemlive-8a0a28af/index.html[22m [2m(+287ms)[22m 
[2m12:48:59[22m   [34m├─[39m [2m/en/news/disability-allowance-for-three-festivals-increased-to-nt9000-legislator-announce-24cfa76b/index.html[22m [2m(+273ms)[22m 
[2m12:48:59[22m   [34m├─[39m [2m/en/news/how-disability-stories-in-archaeology-ignore-the-disabled-da372f4e/index.html[22m [2m(+332ms)[22m 
[2m12:48:59[22m   [34m├─[39m [2m/en/news/the-tyranny-of-what-can-be-measured-disability-and-the-hidden-cost-of-optimizati-af93aca9/index.html[22m [2m(+302ms)[22m 
[2m12:49:00[22m   [34m├─[39m [2m/en/news/world-record-mural-highlights-disability-sight-loss-9df4e3cd/index.html[22m [2m(+303ms)[22m 
[2m12:49:00[22m   [34m├─[39m [2m/en/news/barrier-free-home-hand-in-hand-reading-agricultural-science-and-hakka-culture-wa-3a685887/index.html[22m [2m(+271ms)[22m 
[2m12:49:00[22m   [34m├─[39m [2m/en/news/keelung-nine-social-welfare-groups-award-ceremony-chen-jian-ren-praises-tung-tzu-dea67bc4/index.html[22m [2m(+308ms)[22m 
[2m12:49:00[22m   [34m├─[39m [2m/en/news/former-vp-chen-chien-jen-praises-tung-tzu-wei-as-a-political-role-model-hopes-ke-ed548b36/index.html[22m [2m(+396ms)[22m 
[2m12:49:01[22m   [34m├─[39m [2m/en/news/historic-church-renovates-for-accessibility-824c3814/index.html[22m [2m(+287ms)[22m 
[2m12:49:01[22m   [34m├─[39m [2m/en/news/apple-announces-new-accessibility-feature-enabling-eye-controlled-operation-of-e-49fea978/index.html[22m [2m(+373ms)[22m 
[2m12:49:01[22m   [34m├─[39m [2m/en/news/hand-in-handmedical-protection-crime-victim-protection-association-hsinchu-branc-b11b873b/index.html[22m [2m(+318ms)[22m 
[2m12:49:02[22m   [34m├─[39m [2m/en/news/subsidy-for-promoting-dementia-barrier-free-community-development-3a2f0702/index.html[22m [2m(+342ms)[22m 
[2m12:49:02[22m   [34m├─[39m [2m/en/news/elevator-failure-at-taitang-arts-center-leaves-disabled-person-stranded-in-lobby-190cd8ad/index.html[22m [2m(+268ms)[22m 
[2m12:49:02[22m   [34m├─[39m [2m/en/news/i-left-exam-hall-crying-after-being-denied-accommodation-for-my-disability-visua-ae126ae0/index.html[22m [2m(+370ms)[22m 
[2m12:49:03[22m   [34m├─[39m [2m/en/news/taipei-still-one-step-away-from-becoming-a-fully-accessible-city-2bf586b4/index.html[22m [2m(+279ms)[22m 
[2m12:49:03[22m   [34m├─[39m [2m/en/news/deaf-nutn-graduate-finds-voice-on-stage-fulfilling-special-education-dream-813fb078/index.html[22m [2m(+371ms)[22m 
[2m12:49:03[22m   [34m├─[39m [2m/en/news/elca-learning-day-highlights-inclusion-and-accessibility-7b77c0d8/index.html[22m [2m(+275ms)[22m 
[2m12:49:04[22m   [34m├─[39m [2m/en/news/2016-urban-road-maintenance-and-pedestrian-environment-accessibility-evaluation--14009341/index.html[22m [2m(+294ms)[22m 
[2m12:49:04[22m   [34m├─[39m [2m/en/news/court-protecting-rights-only-for-those-who-can-litigate-not-fulfilling-constitut-06c129c4/index.html[22m [2m(+400ms)[22m 
[2m12:49:04[22m   [34m├─[39m [2m/en/news/phoenix-airport-accessibility-partnership-with-rebokeh-e0469362/index.html[22m [2m(+337ms)[22m 
[2m12:49:05[22m   [34m├─[39m [2m/en/news/scio-memorial-library-gets-big-boost-for-accessibility-the-wellsville-sun-803c51df/index.html[22m [2m(+267ms)[22m 
[2m12:49:05[22m   [34m├─[39m [2m/en/news/the-7th-guest-remake-review-old-school-chills-modern-accessibility-cogconnected-d88fc093/index.html[22m [2m(+333ms)[22m 
[2m12:49:05[22m   [34m├─[39m [2m/en/news/art-music-sports-inclusion-barrier-free-yunlin-love-barrier-free-association-inv-e02f17f6/index.html[22m [2m(+303ms)[22m 
[2m12:49:06[22m   [34m├─[39m [2m/en/news/local-park-getting-major-accessibility-upgrades-6919d0e5/index.html[22m [2m(+269ms)[22m 
[2m12:49:06[22m   [34m├─[39m [2m/en/news/local-park-getting-major-accessibility-upgrades-953-and-1011-fm-the-eagle-208fb84b/index.html[22m [2m(+312ms)[22m 
[2m12:49:06[22m   [34m├─[39m [2m/en/news/hotel-accessibility-national-standard-to-take-effect-in-august-4124a251/index.html[22m [2m(+292ms)[22m 
[2m12:49:07[22m   [34m├─[39m [2m/en/news/new-taipei-promotes-childrens-expression-rights-reaches-257-characteristic-inclu-5fbd11a4/index.html[22m [2m(+347ms)[22m 
[2m12:49:07[22m   [34m├─[39m [2m/en/news/new-taipei-abusive-couple-forces-disabled-daughter-into-prostitution-for-nt100k--f6b8be30/index.html[22m [2m(+289ms)[22m 
[2m12:49:07[22m   [34m├─[39m [2m/en/news/3-year-old-child-falls-into-well-becomes-severely-disabled-mother-sues-managemen-004fc493/index.html[22m [2m(+268ms)[22m 
[2m12:49:07[22m   [34m├─[39m [2m/en/news/letter-to-the-editor-affordability-requires-accessibility-544b2851/index.html[22m [2m(+287ms)[22m 
[2m12:49:08[22m   [34m├─[39m [2m/en/news/interlink-v503-update-introduces-compassionate-mining-governance-6fea8c80/index.html[22m [2m(+248ms)[22m 
[2m12:49:08[22m   [34m├─[39m [2m/en/news/housing-bias-against-ews-units-reflects-hidden-discrimination-49726e59/index.html[22m [2m(+352ms)[22m 
[2m12:49:08[22m   [34m├─[39m [2m/en/news/ddb-hackathon-invites-tech-solutions-for-accessibility-and-prevention-education-7e54b9c5/index.html[22m [2m(+296ms)[22m 
[2m12:49:09[22m   [34m├─[39m [2m/en/news/accessibility-improvements-in-decentralized-exchanges-16b5de31/index.html[22m [2m(+371ms)[22m 
[2m12:49:09[22m   [34m├─[39m [2m/en/news/interlink-introduces-burned-rewards-recovery-mechanism-6af01d3d/index.html[22m [2m(+354ms)[22m 
[2m12:49:09[22m   [34m├─[39m [2m/en/news/countries-ranked-by-affordable-healthcare-accessibility-b1e942e8/index.html[22m [2m(+305ms)[22m 
[2m12:49:10[22m   [34m├─[39m [2m/en/news/rachel-shaw-getting-to-yes-in-workplace-accessibility-3400aa6d/index.html[22m [2m(+317ms)[22m 
[2m12:49:10[22m   [34m├─[39m [2m/en/news/future-of-accessibility-aidriven-touch-os-with-braille-and-haptics-4ac22f31/index.html[22m [2m(+284ms)[22m 
[2m12:49:10[22m   [34m├─[39m [2m/en/news/disabled-people-struggle-to-find-accessible-political-communities-9cbbc060/index.html[22m [2m(+286ms)[22m 
[2m12:49:11[22m   [34m├─[39m [2m/en/news/potsdam-looking-to-expand-accessibility-at-sandstoner-park-the-malone-telegram-4246baca/index.html[22m [2m(+353ms)[22m 
[2m12:49:11[22m   [34m├─[39m [2m/en/news/itagpdf-making-stem-research-accessible-to-all-ability-magazine-6782aa52/index.html[22m [2m(+325ms)[22m 
[2m12:49:11[22m   [34m├─[39m [2m/en/news/new-accessible-trail-opens-in-lindley-park-ahead-of-bozemans-summer-events-kbzk--cb4071c7/index.html[22m [2m(+323ms)[22m 
[2m12:49:12[22m   [34m├─[39m [2m/en/news/8k-mile-2022-toyota-sienna-xle-by-vmi-e79166a6/index.html[22m [2m(+363ms)[22m 
[2m12:49:12[22m   [34m├─[39m [2m/en/news/e-services-accessibility-and-digital-literacy-how-sweden-is-supporting-the-digit-ebd78a57/index.html[22m [2m(+337ms)[22m 
[2m12:49:12[22m   [34m├─[39m [2m/en/news/where-the-sidewalk-ends-accessibility-concerns-on-concords-walkways-concord-moni-1e7a8ecf/index.html[22m [2m(+306ms)[22m 
[2m12:49:13[22m   [34m├─[39m [2m/en/news/air-canada-accessibility-push-and-service-dogs-program-shape-investor-story-yaho-c86b3d95/index.html[22m [2m(+327ms)[22m 
[2m12:49:13[22m   [34m├─[39m [2m/en/news/tron-enables-natural-language-queries-for-stablecoin-data-via-dune-mcp-5f258ee3/index.html[22m [2m(+296ms)[22m 
[2m12:49:13[22m   [34m├─[39m [2m/en/news/ruling-removes-vital-uk-safeguards-for-severely-disabled-people-charities-warn-6cb2c584/index.html[22m [2m(+332ms)[22m 
[2m12:49:13[22m   [34m├─[39m [2m/en/news/national-agrability-project-celebrates-35-years-forbes-accessibility-200-recogni-e4ad6946/index.html[22m [2m(+272ms)[22m 
[2m12:49:14[22m   [34m├─[39m [2m/en/news/jiayi-countys-cigarette-butt-exchange-program-yields-results-elderly-disabled-wo-35d263b6/index.html[22m [2m(+307ms)[22m 
[2m12:49:14[22m   [34m├─[39m [2m/en/news/hundreds-of-swimmers-shine-at-the-2026-huihang-cup-national-disability-swimming--3e8bc426/index.html[22m [2m(+348ms)[22m 
[2m12:49:14[22m   [34m├─[39m [2m/en/news/forward-with-no-barriers-hundreds-of-swimmers-shine-at-2026-huihang-cup-national-de496c0c/index.html[22m [2m(+331ms)[22m 
[2m12:49:15[22m   [34m├─[39m [2m/en/news/el-paso-county-announces-accessibility-improvements-at-fountain-creek-regional-p-f0f9d4fa/index.html[22m [2m(+296ms)[22m 
[2m12:49:15[22m   [34m├─[39m [2m/en/news/new-market-zhongzheng-road-improvement-project-awarded-after-11-bids-83548f74/index.html[22m [2m(+381ms)[22m 
[2m12:49:15[22m   [34m├─[39m [2m/en/news/letter-midland-changing-places-restroom-advances-accessibility-midland-daily-new-964d4a64/index.html[22m [2m(+281ms)[22m 
[2m12:49:16[22m   [34m├─[39m [2m/en/news/accessible-home-hosts-parent-child-cultural-visit-to-agricultural-biotechnology--3b46188b/index.html[22m [2m(+276ms)[22m 
[2m12:49:16[22m   [34m├─[39m [2m/en/news/cigarette-butt-recycling-program-helps-disadvantaged-families-including-disabled-5cf73c12/index.html[22m [2m(+281ms)[22m 
[2m12:49:16[22m   [34m├─[39m [2m/en/news/xindian-ancheng-park-upgrade-liu-zhe-zhang-says-no-need-to-go-abroad-next-year-t-6b275e34/index.html[22m [2m(+381ms)[22m 
[2m12:49:17[22m   [34m├─[39m [2m/en/news/accessible-home-hand-in-hand-reading-agricultural-science-and-hakka-culture-warm-cf3f17ec/index.html[22m [2m(+331ms)[22m 
[2m12:49:17[22m   [34m├─[39m [2m/en/news/accessible-home-hand-in-hand-reading-of-agricultural-science-and-hakka-culture-f0efa7fb/index.html[22m [2m(+264ms)[22m 
[2m12:49:17[22m   [34m├─[39m [2m/en/news/first-disability-inclusion-advisory-council-members-announced-14f84cf5/index.html[22m [2m(+275ms)[22m 
[2m12:49:18[22m   [34m├─[39m [2m/en/news/gcash-empowers-philippine-smes-with-accessible-funding-50af41e9/index.html[22m [2m(+297ms)[22m 
[2m12:49:18[22m   [34m├─[39m [2m/en/news/digital-accessibility-compliance-updates-ucnet-1ce6fc84/index.html[22m [2m(+251ms)[22m 
[2m12:49:18[22m   [34m├─[39m [2m/en/news/beyond-accessibility-the-creation-of-sensory-terminals-airport-world-02290be9/index.html[22m [2m(+284ms)[22m 
[2m12:49:18[22m   [34m├─[39m [2m/en/news/gcash-empowers-philippine-smes-with-accessible-financing-a1c31b00/index.html[22m [2m(+268ms)[22m 
[2m12:49:19[22m   [34m├─[39m [2m/en/news/wajir-dg-calls-madaraka-day-a-historic-moment-of-inclusion-4de57430/index.html[22m [2m(+352ms)[22m 
[2m12:49:19[22m   [34m├─[39m [2m/en/news/zerodha-app-accessibility-concerns-raised-by-user-13608876/index.html[22m [2m(+345ms)[22m 
[2m12:49:19[22m   [34m├─[39m [2m/en/news/debate-over-labeling-game-cheats-as-accessibility-options-ce2a70ef/index.html[22m [2m(+307ms)[22m 
[2m12:49:20[22m   [34m├─[39m [2m/en/news/visual-essay-highlights-systemic-barriers-to-accessibility-while-maid-path-remai-b54d24df/index.html[22m [2m(+349ms)[22m 
[2m12:49:20[22m   [34m├─[39m [2m/en/news/gateway-canada-expands-to-karachi-with-improved-accessibility-782c3efe/index.html[22m [2m(+417ms)[22m 
[2m12:49:20[22m   [34m├─[39m [2m/en/news/critiquing-corporate-neurodiversity-tokenism-c0d92722/index.html[22m [2m(+252ms)[22m 
[2m12:49:21[22m   [34m├─[39m [2m/en/news/accessible-web-based-pokemon-battle-platform-launched-242b91cc/index.html[22m [2m(+292ms)[22m 
[2m12:49:21[22m   [34m├─[39m [2m/en/news/architecture-student-highlights-importance-of-accurate-ramp-design-3a213974/index.html[22m [2m(+304ms)[22m 
[2m12:49:21[22m   [34m├─[39m [2m/en/news/moi-avenue-beautification-improves-accessibility-bb6fe8b9/index.html[22m [2m(+383ms)[22m 
[2m12:49:22[22m   [34m├─[39m [2m/en/news/kenya-digital-economy-emphasizes-accessible-services-2a0b5ef4/index.html[22m [2m(+401ms)[22m 
[2m12:49:22[22m   [34m├─[39m [2m/en/news/male-star-accused-of-evading-military-service-using-false-medical-documents-and--010756e1/index.html[22m [2m(+391ms)[22m 
[2m12:49:22[22m   [34m├─[39m [2m/en/news/sidrachain-plans-accessible-online-kyc-upgrade-6f3fc064/index.html[22m [2m(+344ms)[22m 
[2m12:49:23[22m   [34m├─[39m [2m/en/news/inclusion-architecture-for-schools-4172306b/index.html[22m [2m(+355ms)[22m 
[2m12:49:23[22m   [34m├─[39m [2m/en/news/making-inclusive-data-the-norm-7a0b68a5/index.html[22m [2m(+318ms)[22m 
[2m12:49:23[22m   [34m├─[39m [2m/en/news/framer-template-checker-plugin-scans-for-accessibility-issues-8b28b33b/index.html[22m [2m(+383ms)[22m 
[2m12:49:24[22m   [34m├─[39m [2m/en/news/philippines-advocate-promotes-inclusive-health-and-access-to-care-7204fe95/index.html[22m [2m(+300ms)[22m 
[2m12:49:24[22m   [34m├─[39m [2m/en/news/sierra-leone-expands-toll-free-numbers-to-improve-accessibility-9ce68d82/index.html[22m [2m(+337ms)[22m 
[2m12:49:24[22m   [34m├─[39m [2m/en/news/internets-future-may-prioritize-authenticity-over-accessibility-7872b097/index.html[22m [2m(+345ms)[22m 
[2m12:49:25[22m   [34m├─[39m [2m/en/news/moi-avenue-improvements-enhance-accessibility-d24af6d0/index.html[22m [2m(+336ms)[22m 
[2m12:49:25[22m   [34m├─[39m [2m/en/news/design-tips-boost-hierarchy-and-accessibility-d1411f37/index.html[22m [2m(+285ms)[22m 
[2m12:49:25[22m   [34m├─[39m [2m/en/news/ghana-rugby-hosts-inclusive-match-for-deaf-and-hearing-athletes-54f7923a/index.html[22m [2m(+312ms)[22m 
[2m12:49:26[22m   [34m├─[39m [2m/en/news/app-adds-new-accessibility-features-bab303e6/index.html[22m [2m(+287ms)[22m 
[2m12:49:26[22m   [34m├─[39m [2m/en/news/debate-over-prenatal-termination-and-disability-rights-4bb83430/index.html[22m [2m(+419ms)[22m 
[2m12:49:26[22m   [34m├─[39m [2m/en/news/data-accessibility-emphasized-in-filecoin-discussion-8320ea79/index.html[22m [2m(+315ms)[22m 
[2m12:49:27[22m   [34m├─[39m [2m/en/news/bender-jccs-new-director-of-inclusion-prioritizes-belonging-d934f4e9/index.html[22m [2m(+340ms)[22m 
[2m12:49:27[22m   [34m├─[39m [2m/en/news/gcash-empowers-philippine-micro-small-and-medium-enterprises-with-accessible-fun-312640cd/index.html[22m [2m(+379ms)[22m 
[2m12:49:27[22m   [34m├─[39m [2m/en/news/gcash-empowers-philippine-micro-small-and-medium-enterprises-with-accessible-fun-f8d08e54/index.html[22m [2m(+403ms)[22m 
[2m12:49:28[22m   [34m├─[39m [2m/en/news/mississippi-joins-federal-program-to-expand-sustainable-access-to-mental-health--61baf1a2/index.html[22m [2m(+298ms)[22m 
[2m12:49:28[22m   [34m├─[39m [2m/en/news/la-city-shifts-repaving-practice-now-only-repaving-streets-without-sidewalks-36bda589/index.html[22m [2m(+315ms)[22m 
[2m12:49:28[22m   [34m├─[39m [2m/en/news/helena-to-install-50-ada-accessible-ramps-in-6th-ward-neighborhood-ktvh-767e70ca/index.html[22m [2m(+293ms)[22m 
[2m12:49:29[22m   [34m├─[39m [2m/en/news/childs-sudden-irritability-after-a-cold-may-signal-hearing-loss-from-otitis-medi-50f616b7/index.html[22m [2m(+394ms)[22m 
[2m12:49:29[22m   [34m├─[39m [2m/en/news/tyler-opens-bass-pro-way-to-improve-traffic-and-accessibility-cbs19tv-cf451911/index.html[22m [2m(+310ms)[22m 
[2m12:49:29[22m   [34m├─[39m [2m/en/news/opera-house-arts-readies-for-busy-season-with-upgrades-accessible-ticket-options-b5ffbe05/index.html[22m [2m(+405ms)[22m 
[2m12:49:30[22m   [34m├─[39m [2m/en/news/new-adult-changing-table-expands-accessibility-at-lake-pacawa-park-pointplover-m-aa4f062c/index.html[22m [2m(+357ms)[22m 
[2m12:49:30[22m   [34m├─[39m [2m/en/news/food-insecurity-affects-19-of-disabled-new-yorkers-c906c4b7/index.html[22m [2m(+314ms)[22m 
[2m12:49:31[22m   [34m├─[39m [2m/en/news/el-paso-county-announces-accessibility-improvements-at-fountain-creek-regional-p-a95a364d/index.html[22m [2m(+294ms)[22m 
[2m12:49:31[22m   [34m├─[39m [2m/en/news/ability-montana-city-of-bozeman-start-accessibility-trail-project-for-lindley-pa-47ee80f2/index.html[22m [2m(+310ms)[22m 
[2m12:49:31[22m   [34m├─[39m [2m/en/news/readability-quality-and-reliability-of-ai-generated-information-on-myofascial-pa-8a168816/index.html[22m [2m(+301ms)[22m 
[2m12:49:31[22m   [34m├─[39m [2m/en/news/handmade-bakery-workshop-xiaopin-shiguang-relaunches-3330eafe/index.html[22m [2m(+358ms)[22m 
[2m12:49:32[22m   [34m├─[39m [2m/en/news/spend-this-summer-starting-your-digital-accessibility-adventure-case-western-res-8d995343/index.html[22m [2m(+316ms)[22m 
[2m12:49:32[22m   [34m├─[39m [2m/en/news/oscil-is-making-ri-more-accessible-to-those-with-disabilities-the-providence-jou-8418937a/index.html[22m [2m(+390ms)[22m 
[2m12:49:33[22m   [34m├─[39m [2m/en/news/kgi-securities-leads-peers-again-with-accessibility-certification-expanding-frie-843b1178/index.html[22m [2m(+361ms)[22m 
[2m12:49:33[22m   [34m├─[39m [2m/en/news/kgi-securities-leads-peers-again-in-obtaining-accessibility-certification-expand-977f386a/index.html[22m [2m(+336ms)[22m 
[2m12:49:33[22m   [34m├─[39m [2m/en/news/improve-the-accessibility-of-your-android-apps-with-meaningful-content-descripti-f2f16d72/index.html[22m [2m(+293ms)[22m 
[2m12:49:34[22m   [34m├─[39m [2m/en/news/kgi-securities-leads-peers-again-with-accessibility-certification-expanding-frie-d00109a2/index.html[22m [2m(+343ms)[22m 
[2m12:49:34[22m   [34m├─[39m [2m/en/news/1-year-left-to-adopt-european-disability-card-national-law-5e10c553/index.html[22m [2m(+299ms)[22m 
[2m12:49:34[22m   [34m├─[39m [2m/en/news/kgi-securities-leads-industry-with-renewed-accessibility-certification-expanding-81fb439a/index.html[22m [2m(+310ms)[22m 
[2m12:49:34[22m   [34m├─[39m [2m/en/news/new-plan-unveiled-to-support-students-with-disabilities-0c40e46a/index.html[22m [2m(+317ms)[22m 
[2m12:49:35[22m   [34m├─[39m [2m/en/news/astronaut-with-disabilities-set-to-make-historic-orbit-entry-256290e0/index.html[22m [2m(+382ms)[22m 
[2m12:49:35[22m   [34m├─[39m [2m/en/news/canada-renews-funding-for-entrepreneurs-with-disabilities-program-in-prairies-7c2b2bf2/index.html[22m [2m(+375ms)[22m 
[2m12:49:36[22m   [34m├─[39m [2m/en/news/book-explores-inclusion-in-knowledge-infrastructures-4398a929/index.html[22m [2m(+255ms)[22m 
[2m12:49:36[22m   [34m├─[39m [2m/en/news/ais-economic-accessibility-limits-highlighted-6c59e64f/index.html[22m [2m(+272ms)[22m 
[2m12:49:36[22m   [34m├─[39m [2m/en/news/bowman-middle-school-hiring-for-dyslexia-and-special-education-positions-cdf28454/index.html[22m [2m(+341ms)[22m 
[2m12:49:36[22m   [34m├─[39m [2m/en/news/breaking-barriers-for-an-accessible-india-ae6acbc6/index.html[22m [2m(+304ms)[22m 
[2m12:49:37[22m   [34m├─[39m [2m/en/news/hermes-desktop-ai-praised-for-accessibility-and-aesthetic-7429d664/index.html[22m [2m(+235ms)[22m 
[2m12:49:37[22m   [34m├─[39m [2m/en/news/cornwall-advances-send-reform-for-youth-inclusion-05eb2211/index.html[22m [2m(+255ms)[22m 
[2m12:49:37[22m   [34m├─[39m [2m/en/news/user-highlights-ease-of-multilingual-communication-as-accessibility-win-04c47d9f/index.html[22m [2m(+342ms)[22m 
[2m12:49:38[22m   [34m├─[39m [2m/en/news/infographic-samsung-ai-appliances-deliver-inclusive-experiences-through-enhanced-8dc6917c/index.html[22m [2m(+353ms)[22m 
[2m12:49:38[22m   [34m├─[39m [2m/en/news/story-features-blind-character-and-accessibility-inventions-1aa3de35/index.html[22m [2m(+285ms)[22m 
[2m12:49:38[22m   [34m├─[39m [2m/en/news/forsaken-ar-game-returns-with-accessibility-improvements-bc9e76a3/index.html[22m [2m(+258ms)[22m 
[2m12:49:38[22m   [34m├─[39m [2m/en/news/game-accessibility-settings-requested-for-taph-character-5cda3c74/index.html[22m [2m(+381ms)[22m 
[2m12:49:39[22m   [34m├─[39m [2m/en/news/political-leader-urges-accessibility-as-priority-09209f48/index.html[22m [2m(+289ms)[22m 
[2m12:49:39[22m   [34m├─[39m [2m/en/news/web3-builders-highlight-accessibility-in-infrastructure-goals-7eac7241/index.html[22m [2m(+359ms)[22m 
[2m12:49:39[22m   [34m├─[39m [2m/en/news/fundraiser-launched-to-support-accessibility-related-move-a11eb1c6/index.html[22m [2m(+314ms)[22m 
[2m12:49:40[22m   [34m├─[39m [2m/en/news/blind-user-reviews-rokid-style-smart-glasses-for-accessibility-513c8a9e/index.html[22m [2m(+371ms)[22m 
[2m12:49:40[22m   [34m├─[39m [2m/en/news/advocate-leads-disabled-climbers-on-mountain-expeditions-d3460fb3/index.html[22m [2m(+378ms)[22m 
[2m12:49:41[22m   [34m├─[39m [2m/en/news/ispo-celebrates-world-assistive-technology-day-2141064d/index.html[22m [2m(+386ms)[22m 
[2m12:49:41[22m   [34m├─[39m [2m/en/news/peer-to-peer-mobility-vision-emphasizes-accessibility-f31f5bc1/index.html[22m [2m(+284ms)[22m 
[2m12:49:41[22m   [34m├─[39m [2m/en/news/urgent-fundraising-needed-for-accessibility-move-b5a115bf/index.html[22m [2m(+269ms)[22m 
[2m12:49:41[22m   [34m├─[39m [2m/en/news/river-web3-project-emphasizes-accessibility-for-blockchain-users-ebfb06dd/index.html[22m [2m(+314ms)[22m 
[2m12:49:42[22m   [34m├─[39m [2m/en/news/bloomfield-library-completes-major-accessibility-upgrade-0d8e15c0/index.html[22m [2m(+438ms)[22m 
[2m12:49:42[22m   [34m├─[39m [2m/en/news/kgi-municipal-branch-passes-accessibility-certification-first-in-greater-taichun-dcb9cdb3/index.html[22m [2m(+288ms)[22m 
[2m12:49:43[22m   [34m├─[39m [2m/en/news/kgi-municipal-branch-passes-accessibility-certification-first-in-greater-taichun-4643ae6e/index.html[22m [2m(+351ms)[22m 
[2m12:49:43[22m   [34m├─[39m [2m/en/news/elegant-good-life-begins-taipei-29-ping-japanese-style-full-age-home-design-embr-72142b7a/index.html[22m [2m(+293ms)[22m 
[2m12:49:43[22m   [34m├─[39m [2m/en/news/waymo-expands-driverless-fleet-with-new-ojai-vehicle-designed-for-accessibility--0ee3dff3/index.html[22m [2m(+303ms)[22m 
[2m12:49:43[22m   [34m├─[39m [2m/en/news/mccoy-its-time-we-treat-accessibility-as-an-economic-investment-nh-journal-3273ece0/index.html[22m [2m(+302ms)[22m 
[2m12:49:44[22m   [34m├─[39m [2m/en/news/deaf-actress-advocate-shares-accessibility-review-of-sphere-in-las-vegas-klas-8--4e4ffb2e/index.html[22m [2m(+361ms)[22m 
[2m12:49:44[22m   [34m├─[39m [2m/en/news/deaf-actress-advocate-shares-accessibility-review-of-sphere-in-las-vegas-yahoo-e59cc1f5/index.html[22m [2m(+310ms)[22m 
[2m12:49:44[22m   [34m├─[39m [2m/en/news/promoting-accessibility-on-city-beaches-acb9adc7/index.html[22m [2m(+268ms)[22m 
[2m12:49:45[22m   [34m├─[39m [2m/en/news/moving-forward-fearlessly-2026-huiheng-cup-national-disabled-swimming-competitio-c0e83b73/index.html[22m [2m(+301ms)[22m 
[2m12:49:45[22m   [34m├─[39m [2m/en/news/residents-invited-to-weigh-in-on-purple-line-sidewalk-and-accessibility-upgrades-eaa365e3/index.html[22m [2m(+253ms)[22m 
[2m12:49:45[22m   [34m├─[39m [2m/en/news/importance-of-accessibility-at-historic-sites-densho-japanese-american-incarcera-c6d489a3/index.html[22m [2m(+360ms)[22m 
[2m12:49:46[22m   [34m├─[39m [2m/en/news/kgi-securities-leads-peers-in-obtaining-accessibility-certification-again-expand-850beb02/index.html[22m [2m(+259ms)[22m 
[2m12:49:46[22m   [34m├─[39m [2m/en/news/pharmavite-to-improve-website-accessibility-following-class-action-lawsuit-f38f877e/index.html[22m [2m(+292ms)[22m 
[2m12:49:46[22m   [34m├─[39m [2m/en/news/pre-brands-unveils-redesigned-website-driving-retail-accessibility-and-multichan-777e503b/index.html[22m [2m(+358ms)[22m 
[2m12:49:47[22m   [34m├─[39m [2m/en/news/apple-teases-an-ios-27-feature-that-could-change-everything-d16c341d/index.html[22m [2m(+305ms)[22m 
[2m12:49:47[22m   [34m├─[39m [2m/en/news/nicholasville-accessible-playground-closes-for-construction-7e6b0a38/index.html[22m [2m(+276ms)[22m 
[2m12:49:47[22m   [34m├─[39m [2m/en/news/amazon-sagemaker-unified-studio-adds-localized-experience-in-twelve-languages-d70c4f51/index.html[22m [2m(+314ms)[22m 
[2m12:49:47[22m   [34m├─[39m [2m/en/news/labors-planned-ndis-overhaul-is-blunt-and-inequitable-thinktank-says-5ada59bc/index.html[22m [2m(+318ms)[22m 
[2m12:49:48[22m   [34m├─[39m [2m/en/news/accessible-ai-powered-home-appliances-5e6de381/index.html[22m [2m(+369ms)[22m 
[2m12:49:48[22m   [34m├─[39m [2m/en/news/nt469-million-secured-for-boluo-long-term-care-to-add-nursing-beds-and-accessibl-aa78b7b8/index.html[22m [2m(+330ms)[22m 
[2m12:49:48[22m   [34m├─[39m [2m/en/news/thousands-sign-petition-against-cuts-to-tech-support-for-disabled-students-in-en-a0ca58e8/index.html[22m [2m(+308ms)[22m 
[2m12:49:49[22m   [34m├─[39m [2m/en/news/breaking-barriers-air-canada-releases-accessibility-plan-for-2026-2029-35884ba4/index.html[22m [2m(+375ms)[22m 
[2m12:49:49[22m   [34m├─[39m [2m/en/news/summer-2026-development-focuses-on-moodle-accessibility-university-of-louisiana--09f1d279/index.html[22m [2m(+294ms)[22m 
[2m12:49:49[22m   [34m├─[39m [2m/en/news/student-with-cerebral-palsy-graduates-from-national-cheng-kung-university-law-sc-93503875/index.html[22m [2m(+396ms)[22m 
[2m12:49:50[22m   [34m├─[39m [2m/en/news/international-lions-club-lcif-funds-donation-to-berliou-home-for-rural-accessibl-c20fb670/index.html[22m [2m(+282ms)[22m 
[2m12:49:50[22m   [34m├─[39m [2m/en/news/scandal-involving-accessible-public-toilet-destroys-male-stars-lucrative-career-be6682a3/index.html[22m [2m(+304ms)[22m 
[2m12:49:50[22m   [34m├─[39m [2m/en/news/missing-more-than-14-teeth-increases-dementia-risk-tenfold-study-finds-dentures--72af812b/index.html[22m [2m(+387ms)[22m 
[2m12:49:51[22m   [34m├─[39m [2m/en/news/stephanie-lueras-everyday-accessibility-making-movement-more-inclusive-for-visib-38db00fc/index.html[22m [2m(+288ms)[22m 
[2m12:49:51[22m   [34m├─[39m [2m/en/news/ncku-law-graduate-guo-yuchen-overcomes-cerebral-palsy-to-pursue-dreams-5ccc1226/index.html[22m [2m(+282ms)[22m 
[2m12:49:51[22m   [34m├─[39m [2m/en/news/new-platform-along-pine-creek-improves-accessibility-for-fishing-sungazettecom-fae8ff2b/index.html[22m [2m(+340ms)[22m 
[2m12:49:52[22m   [34m├─[39m [2m/en/news/cisco-team-wins-techmahaimpact-award-for-connectivity-digital-inclusion-fbf6d772/index.html[22m [2m(+284ms)[22m 
[2m12:49:52[22m   [34m├─[39m [2m/en/news/msci-to-release-2026-global-market-accessibility-review-results-c152bbf5/index.html[22m [2m(+364ms)[22m 
[2m12:49:52[22m   [34m├─[39m [2m/en/news/neurodevelopmental-awareness-program-promotes-inclusion-3d1b6c6f/index.html[22m [2m(+350ms)[22m 
[2m12:49:53[22m   [34m├─[39m [2m/en/news/eversafe-team-holds-final-meeting-in-brussels-a6c1090d/index.html[22m [2m(+384ms)[22m 
[2m12:49:53[22m   [34m├─[39m [2m/en/news/vilcart-launches-77th-warehouse-in-talikoti-ac437d18/index.html[22m [2m(+359ms)[22m 
[2m12:49:53[22m   [34m├─[39m [2m/en/news/atlassian-hosts-accessibility-design-week-2026-009bc424/index.html[22m [2m(+391ms)[22m 
[2m12:49:54[22m   [34m├─[39m [2m/en/news/moviton-emphasizes-accessibility-in-peer-to-peer-connectivity-17af0805/index.html[22m [2m(+273ms)[22m 
[2m12:49:54[22m   [34m├─[39m [2m/en/news/live-workshop-on-accessibility-workflow-with-a11yinspect-pro-61b06874/index.html[22m [2m(+367ms)[22m 
[2m12:49:54[22m   [34m├─[39m [2m/en/news/call-for-compassion-and-inclusion-for-people-living-with-hiv-7b548390/index.html[22m [2m(+308ms)[22m 
[2m12:49:55[22m   [34m├─[39m [2m/en/news/defi-calls-for-greater-accessibility-eab45b13/index.html[22m [2m(+253ms)[22m 
[2m12:49:55[22m   [34m├─[39m [2m/en/news/critique-of-prioritizing-vibe-over-accessibility-at-events-62096c15/index.html[22m [2m(+276ms)[22m 
[2m12:49:55[22m   [34m├─[39m [2m/en/news/lusso-chef-strikes-a-balance-between-luxury-and-accessibility-b0a3d623/index.html[22m [2m(+401ms)[22m 
[2m12:49:56[22m   [34m├─[39m [2m/en/news/defi-platform-emphasizes-accessibility-7572c1b4/index.html[22m [2m(+317ms)[22m 
[2m12:49:56[22m   [34m├─[39m [2m/en/news/assam-ranks-among-indias-top-states-for-school-connectivity-306621b4/index.html[22m [2m(+266ms)[22m 
[2m12:49:56[22m   [34m├─[39m [2m/en/news/river-web3-project-highlights-accessibility-in-decentralized-ecosystem-e505e005/index.html[22m [2m(+281ms)[22m 
[2m12:49:57[22m   [34m├─[39m [2m/en/news/inclusion-groups-urge-ottawa-to-stop-maid-for-mental-illness-70df0522/index.html[22m [2m(+307ms)[22m 
[2m12:49:57[22m   [34m├─[39m [2m/en/news/lighthouse-guild-meta-and-achilles-international-mark-global-accessibility-aware-29380689/index.html[22m [2m(+256ms)[22m 
[2m12:49:57[22m   [34m├─[39m [2m/en/news/new-group-to-help-make-shire-accessible-1050e4ed/index.html[22m [2m(+348ms)[22m 
[2m12:49:57[22m   [34m├─[39m [2m/en/news/6426-3rd-annual-affordable-pride-art-show-w-100-queer-artists-sf-free-a4f47187/index.html[22m [2m(+281ms)[22m 
